ramp_uid,harness,n_15m,flat_15m,pano_15m,flat_seq_15m,flat_sfm_15m,n_25m,flat_25m,pano_25m,flat_seq_25m,flat_sfm_25m,n_30m,flat_30m,pano_30m,flat_seq_30m,flat_sfm_30m,flat_first_date,flat_last_date,flat_n_years,flat_n_clusters,flat_top_camera
richmond:0,1,14,7,7,2,7,32,15,17,3,15,39,17,22,3,17,2025-02-03,2025-02-03,1,7,none none
richmond:1,0,2,0,2,0,0,3,0,3,0,0,4,0,4,0,0,,,0,0,
richmond:2,0,2,0,2,0,0,3,0,3,0,0,4,0,4,0,0,,,0,0,
richmond:3,0,1,0,1,0,0,3,0,3,0,0,4,0,4,0,0,,,0,0,
richmond:4,0,2,0,2,0,0,3,0,3,0,0,4,0,4,0,0,,,0,0,
richmond:5,0,35,5,30,2,5,81,16,65,4,16,102,23,79,5,23,2021-01-23,2025-02-03,2,0,none none
richmond:6,0,54,16,38,5,16,89,28,61,5,28,110,31,79,5,31,2021-01-23,2025-02-03,2,0,none none
richmond:7,0,50,12,38,5,12,87,23,64,5,23,114,28,86,5,28,2021-01-23,2025-02-03,2,0,none none
richmond:8,0,74,60,14,2,60,152,112,40,2,112,181,132,49,2,132,2018-09-08,2025-08-23,2,0,GoPro GoPro Max
richmond:9,0,47,20,27,1,20,113,70,43,2,70,120,71,49,2,71,2018-09-08,2025-08-23,2,0,GoPro GoPro Max
richmond:10,0,32,4,28,1,4,78,35,43,2,35,120,71,49,2,71,2018-09-08,2025-08-23,2,0,GoPro GoPro Max
richmond:11,0,86,64,22,1,64,153,109,44,2,109,195,146,49,2,146,2018-09-08,2025-08-23,2,0,GoPro GoPro Max
richmond:12,0,146,0,146,0,0,184,0,184,0,0,210,0,210,0,0,,,0,0,
richmond:13,0,146,0,146,0,0,183,0,183,0,0,206,0,206,0,0,,,0,0,
richmond:14,0,41,0,41,0,0,181,0,181,0,0,193,0,193,0,0,,,0,0,
richmond:15,0,34,1,33,1,1,116,4,112,1,4,179,5,174,1,5,2021-01-23,2021-01-23,1,0,Garmin VIRB
richmond:16,0,66,2,64,1,2,158,5,153,1,5,181,6,175,1,6,2021-01-23,2021-01-23,1,0,Garmin VIRB
richmond:17,0,141,3,138,1,3,173,5,168,1,5,190,5,185,1,5,2021-01-23,2021-01-23,1,0,Garmin VIRB
richmond:18,0,102,2,100,2,2,151,26,125,14,26,218,68,150,25,68,2018-01-13,2025-10-03,4,0,Garmin VIRB
richmond:19,0,24,4,20,3,4,93,28,65,15,28,229,64,165,25,64,2018-01-13,2025-10-03,4,0,Garmin VIRB
richmond:20,0,111,1,110,1,1,177,2,175,1,2,195,5,190,3,5,2021-01-22,2021-01-23,1,0,Garmin VIRB
richmond:21,0,28,11,17,2,11,44,18,26,2,18,54,22,32,2,22,2018-01-14,2018-09-08,1,0,Apple iPhone
richmond:22,0,27,7,20,2,7,41,15,26,2,15,49,20,29,2,20,2018-01-14,2018-09-08,1,0,Apple iPhone
richmond:23,0,138,6,132,1,6,183,12,171,1,12,221,16,205,1,16,2018-08-08,2018-08-08,1,0,Apple iPhone6
richmond:24,0,34,10,24,4,10,135,21,114,5,21,155,27,128,5,27,2018-09-09,2025-02-03,2,5,none none
richmond:25,1,104,10,94,3,10,147,22,125,4,22,170,26,144,4,26,2018-09-09,2025-02-03,2,6,none none
richmond:26,0,114,10,104,3,10,196,22,174,4,22,207,26,181,4,26,2018-09-09,2025-02-03,2,6,none none
richmond:27,0,118,11,107,3,11,192,22,170,4,22,208,26,182,4,26,2018-09-09,2025-02-03,2,6,none none
richmond:28,1,47,5,42,3,5,79,16,63,4,16,91,19,72,4,19,2018-01-14,2025-08-23,2,9,none none
richmond:29,1,20,8,12,3,8,67,20,47,4,20,83,25,58,4,25,2018-01-14,2025-08-23,2,10,motorola moto x4
richmond:30,1,44,8,36,4,8,78,20,58,4,20,88,25,63,4,25,2018-01-14,2025-08-23,2,10,none none
richmond:31,1,37,7,30,2,7,66,13,53,4,13,81,20,61,4,20,2018-01-14,2025-08-23,2,10,motorola moto x4
richmond:32,1,14,7,7,2,7,32,15,17,3,15,46,21,25,3,21,2018-01-14,2025-02-03,2,5,motorola moto x4
richmond:33,0,10,10,0,3,10,37,17,20,3,17,49,20,29,3,20,2018-01-14,2025-02-03,2,5,motorola moto x4
richmond:34,0,35,0,35,0,0,96,10,86,3,10,124,16,108,3,16,2018-08-08,2024-06-09,2,0,Apple iPhone6
richmond:35,0,25,0,25,0,0,91,11,80,3,11,118,16,102,3,16,2018-08-08,2024-06-09,2,0,Apple iPhone6
richmond:36,0,43,0,43,0,0,69,0,69,0,0,84,0,84,0,0,,,0,0,
richmond:37,1,44,0,44,0,0,71,0,71,0,0,84,0,84,0,0,,,0,0,
richmond:38,1,61,9,52,2,9,162,16,146,2,16,212,19,193,2,19,2025-02-03,2025-02-03,1,4,none none
richmond:39,0,28,1,27,1,1,198,14,184,2,14,238,17,221,2,17,2025-02-03,2025-02-03,1,4,none none
richmond:40,1,152,10,142,2,10,205,15,190,2,15,242,18,224,2,18,2025-02-03,2025-02-03,1,5,none none
richmond:41,0,24,2,22,1,2,49,4,45,1,4,59,8,51,2,8,2024-06-29,2024-07-14,1,0,GoPro HERO11 Black
richmond:42,0,29,4,25,1,4,86,9,77,2,9,172,12,160,2,12,2024-06-29,2024-07-14,1,0,GoPro HERO11 Black
richmond:43,0,21,4,17,1,4,82,10,72,2,10,147,10,137,2,10,2024-06-29,2024-07-14,1,0,GoPro HERO11 Black
richmond:44,0,32,3,29,1,3,64,9,55,2,9,80,10,70,2,10,2024-06-29,2024-07-14,1,0,GoPro HERO11 Black
richmond:45,0,31,5,26,2,5,74,10,64,2,10,107,13,94,2,13,2024-06-29,2024-07-14,1,0,GoPro HERO11 Black
richmond:46,0,33,5,28,2,5,75,10,65,2,10,109,13,96,2,13,2024-06-29,2024-07-14,1,0,GoPro HERO11 Black
richmond:47,0,27,3,24,1,3,51,5,46,1,5,73,5,68,1,5,2018-01-14,2018-01-14,1,0,motorola moto x4
richmond:48,0,10,0,10,0,0,33,2,31,1,2,39,3,36,1,3,2018-01-14,2018-01-14,1,0,motorola moto x4
richmond:49,0,6,0,6,0,0,36,3,33,1,3,55,4,51,1,4,2018-01-14,2018-01-14,1,0,motorola moto x4
richmond:50,0,30,1,29,1,1,84,5,79,2,5,112,7,105,2,7,2024-06-29,2024-07-14,1,0,GoPro HERO11 Black
richmond:51,0,71,6,65,3,6,127,18,109,4,18,151,23,128,4,23,2017-11-16,2024-07-14,2,0,Apple iPhone
richmond:52,0,29,3,26,1,3,52,5,47,1,5,65,6,59,1,6,2018-01-14,2018-01-14,1,0,motorola moto x4
richmond:53,0,0,0,0,0,0,59,0,59,0,0,71,0,71,0,0,,,0,0,
richmond:54,0,61,0,61,0,0,110,0,110,0,0,124,0,124,0,0,,,0,0,
richmond:55,0,76,0,76,0,0,105,0,105,0,0,121,0,121,0,0,,,0,0,
richmond:56,0,19,0,19,0,0,30,0,30,0,0,35,0,35,0,0,,,0,0,
richmond:57,0,15,0,15,0,0,30,0,30,0,0,35,0,35,0,0,,,0,0,
richmond:58,0,20,0,20,0,0,30,0,30,0,0,30,0,30,0,0,,,0,0,
richmond:59,0,15,0,15,0,0,30,0,30,0,0,35,0,35,0,0,,,0,0,
richmond:60,0,20,0,20,0,0,30,0,30,0,0,35,0,35,0,0,,,0,0,
richmond:61,0,18,0,18,0,0,34,0,34,0,0,46,0,46,0,0,,,0,0,
richmond:62,0,62,0,62,0,0,94,4,90,1,4,105,7,98,1,7,2025-08-23,2025-08-23,1,0,GoPro GoPro Max
richmond:63,0,11,0,11,0,0,30,0,30,0,0,45,0,45,0,0,,,0,0,
richmond:64,0,68,0,68,0,0,98,0,98,0,0,107,0,107,0,0,,,0,0,
richmond:65,0,57,0,57,0,0,98,0,98,0,0,112,0,112,0,0,,,0,0,
richmond:66,0,75,0,75,0,0,98,0,98,0,0,107,0,107,0,0,,,0,0,
richmond:67,0,120,2,118,1,2,188,10,178,5,10,224,15,209,7,15,2018-07-31,2025-01-01,5,11,Apple iPhone 11
richmond:68,0,89,1,88,1,1,125,4,121,2,4,225,9,216,6,9,2018-07-31,2025-01-01,5,6,GoPro HERO7 Black
richmond:69,0,92,2,90,1,2,200,6,194,4,6,235,12,223,6,12,2018-07-31,2025-01-01,5,7,GoPro HERO7 Black
richmond:70,0,83,1,82,1,1,116,3,113,1,3,156,3,153,1,3,2023-06-11,2023-06-11,1,2,GoPro HERO7 Black
richmond:71,0,88,2,86,1,2,207,8,199,5,8,243,14,229,6,14,2018-07-31,2025-01-01,5,6,Apple iPhone 11
richmond:72,0,81,1,80,1,1,143,3,140,1,3,160,4,156,1,4,2023-06-11,2023-06-11,1,4,GoPro HERO7 Black
richmond:73,0,124,2,122,1,2,175,7,168,4,7,207,10,197,5,10,2021-01-23,2025-01-01,4,9,GoPro HERO7 Black
richmond:74,0,87,6,81,5,6,187,19,168,7,19,296,22,274,7,22,2018-07-31,2025-01-01,5,7,Apple iPhone 11
richmond:75,1,92,8,84,5,8,165,16,149,7,16,294,21,273,7,21,2018-07-31,2025-01-01,5,12,Apple iPhone 11
richmond:76,0,120,2,118,1,2,159,4,155,2,4,197,9,188,5,9,2021-01-23,2025-01-01,4,8,GoPro HERO7 Black
richmond:77,0,89,6,83,5,6,188,20,168,7,20,297,22,275,7,22,2018-07-31,2025-01-01,5,8,Apple iPhone 11
richmond:78,0,23,0,23,0,0,32,0,32,0,0,36,0,36,0,0,,,0,0,
richmond:79,0,12,0,12,0,0,28,0,28,0,0,36,0,36,0,0,,,0,0,
richmond:80,0,26,0,26,0,0,77,0,77,0,0,86,0,86,0,0,,,0,0,
richmond:81,0,25,0,25,0,0,77,0,77,0,0,90,0,90,0,0,,,0,0,
richmond:82,0,45,0,45,0,0,72,0,72,0,0,80,0,80,0,0,,,0,0,
richmond:83,0,45,0,45,0,0,72,0,72,0,0,83,0,83,0,0,,,0,0,
richmond:84,0,23,5,18,4,5,44,11,33,5,11,58,16,42,5,16,2021-01-23,2024-06-09,2,0,GoPro HERO11 Black
richmond:85,0,23,7,16,5,7,44,15,29,5,15,57,20,37,5,20,2021-01-23,2024-06-09,2,0,GoPro HERO11 Black
richmond:86,0,17,0,17,0,0,37,0,37,0,0,46,0,46,0,0,,,0,0,
richmond:87,0,19,0,19,0,0,43,0,43,0,0,60,0,60,0,0,,,0,0,
richmond:88,0,19,0,19,0,0,41,0,41,0,0,60,0,60,0,0,,,0,0,
richmond:89,0,14,0,14,0,0,38,0,38,0,0,58,0,58,0,0,,,0,0,
richmond:90,1,15,0,15,0,0,38,0,38,0,0,48,0,48,0,0,,,0,0,
richmond:91,0,17,0,17,0,0,40,0,40,0,0,61,0,61,0,0,,,0,0,
richmond:92,0,48,0,48,0,0,113,0,113,0,0,125,0,125,0,0,,,0,0,
richmond:93,1,85,8,77,2,8,133,16,117,3,16,147,20,127,3,20,2025-02-03,2025-02-03,1,11,none none
richmond:94,0,44,6,38,3,6,125,14,111,4,14,144,18,126,4,18,2025-02-03,2025-02-03,1,8,none none
richmond:95,0,57,10,47,3,10,132,17,115,4,17,152,20,132,4,20,2025-02-03,2025-02-03,1,9,none none
richmond:96,1,50,7,43,2,7,80,16,64,3,16,93,24,69,5,24,2025-02-03,2025-02-03,1,16,none none
richmond:97,0,34,3,31,1,3,64,13,51,4,13,80,18,62,4,18,2025-02-03,2025-02-03,1,14,none none
richmond:98,0,42,4,38,1,4,70,11,59,3,11,81,16,65,4,16,2025-02-03,2025-02-03,1,12,none none
richmond:99,1,30,10,20,4,10,73,19,54,4,19,86,23,63,6,23,2025-02-03,2025-02-03,1,16,none none
richmond:100,0,29,0,29,0,0,55,0,55,0,0,73,0,73,0,0,,,0,0,
richmond:101,0,100,0,100,0,0,155,0,155,0,0,210,0,210,0,0,,,0,0,
richmond:102,0,100,0,100,0,0,215,0,215,0,0,235,0,235,0,0,,,0,0,
richmond:103,0,27,10,17,2,10,44,13,31,2,13,54,16,38,2,16,2018-01-14,2018-01-14,1,0,motorola moto x4
richmond:104,0,8,0,8,0,0,53,0,53,0,0,97,0,97,0,0,,,0,0,
richmond:105,0,1,0,1,0,0,66,0,66,0,0,89,0,89,0,0,,,0,0,
richmond:106,0,9,0,9,0,0,105,0,105,0,0,124,0,124,0,0,,,0,0,
richmond:107,0,49,3,46,3,3,77,8,69,3,8,89,10,79,3,10,2021-01-23,2021-01-23,1,0,Garmin VIRB
richmond:108,0,44,4,40,3,4,72,9,63,3,9,87,10,77,3,10,2021-01-23,2021-01-23,1,0,Garmin VIRB
richmond:109,0,19,0,19,0,0,40,0,40,0,0,43,0,43,0,0,,,0,0,
richmond:110,0,24,0,24,0,0,40,0,40,0,0,49,0,49,0,0,,,0,0,
richmond:111,0,176,0,176,0,0,243,0,243,0,0,271,0,271,0,0,,,0,0,
richmond:112,0,78,0,78,0,0,229,0,229,0,0,250,0,250,0,0,,,0,0,
richmond:113,0,80,0,80,0,0,235,0,235,0,0,268,0,268,0,0,,,0,0,
richmond:114,1,42,0,42,0,0,78,0,78,0,0,84,0,84,0,0,,,0,0,
richmond:115,0,49,6,43,2,6,96,10,86,2,10,108,10,98,2,10,2025-02-03,2025-02-03,1,0,none none
richmond:116,0,58,4,54,1,4,103,7,96,1,7,112,8,104,2,8,2025-02-03,2025-02-03,1,0,none none
richmond:117,0,106,0,106,0,0,135,0,135,0,0,145,0,145,0,0,,,0,0,
richmond:118,0,24,0,24,0,0,133,0,133,0,0,147,0,147,0,0,,,0,0,
richmond:119,0,0,0,0,0,0,2,0,2,0,0,2,0,2,0,0,,,0,0,
richmond:120,0,0,0,0,0,0,2,0,2,0,0,2,0,2,0,0,,,0,0,
richmond:121,0,1,0,1,0,0,2,0,2,0,0,3,0,3,0,0,,,0,0,
richmond:122,0,1,0,1,0,0,2,0,2,0,0,3,0,3,0,0,,,0,0,
richmond:123,0,1,0,1,0,0,2,0,2,0,0,3,0,3,0,0,,,0,0,
richmond:124,0,1,0,1,0,0,2,0,2,0,0,3,0,3,0,0,,,0,0,
richmond:125,0,1,0,1,0,0,2,0,2,0,0,3,0,3,0,0,,,0,0,
richmond:126,0,1,0,1,0,0,2,0,2,0,0,3,0,3,0,0,,,0,0,
richmond:127,0,19,13,6,3,13,39,21,18,3,21,50,24,26,3,24,2018-01-14,2025-02-03,2,5,motorola moto x4
richmond:128,0,16,8,8,3,8,35,18,17,3,18,43,21,22,3,21,2018-01-14,2025-02-03,2,5,motorola moto x4
richmond:129,0,13,3,10,1,3,33,16,17,4,16,44,22,22,5,22,2018-01-14,2025-02-03,2,3,motorola moto x4
richmond:130,0,13,3,10,1,3,33,13,20,3,13,42,20,22,5,20,2018-01-14,2025-02-03,2,3,none none
richmond:131,0,15,4,11,1,4,30,9,21,3,9,40,17,23,5,17,2018-01-14,2025-02-03,2,3,none none
richmond:132,0,16,5,11,2,5,29,11,18,3,11,39,13,26,3,13,2025-02-03,2025-02-03,1,1,none none
richmond:133,0,130,10,120,4,10,183,22,161,4,22,208,26,182,4,26,2017-11-16,2024-07-14,3,0,Apple iPhone
richmond:134,0,39,5,34,2,5,68,10,58,2,10,82,12,70,2,12,2018-01-14,2018-01-14,1,0,motorola moto x4
richmond:135,0,88,9,79,2,9,222,15,207,2,15,251,19,232,2,19,2018-01-14,2018-01-14,1,5,motorola moto x4
richmond:136,0,67,8,59,2,8,160,16,144,2,16,249,18,231,2,18,2018-01-14,2018-01-14,1,5,motorola moto x4
richmond:137,0,173,5,168,2,5,247,10,237,2,10,271,16,255,2,16,2018-01-14,2018-01-14,1,5,motorola moto x4
richmond:138,1,125,2,123,1,2,259,10,249,2,10,286,13,273,2,13,2018-01-14,2018-01-14,1,5,motorola moto x4
richmond:139,0,172,0,172,0,0,193,0,193,0,0,199,0,199,0,0,,,0,0,
richmond:140,0,177,0,177,0,0,188,0,188,0,0,199,0,199,0,0,,,0,0,
richmond:141,0,28,2,26,1,2,147,4,143,1,4,177,4,173,1,4,2018-01-14,2018-01-14,1,0,motorola moto x4
richmond:142,0,97,1,96,1,1,149,2,147,1,2,182,3,179,1,3,2018-01-14,2018-01-14,1,0,motorola moto x4
richmond:143,0,75,0,75,0,0,182,2,180,1,2,192,2,190,1,2,2021-01-23,2021-01-23,1,0,Garmin VIRB
richmond:144,0,156,12,144,3,12,194,21,173,4,21,212,26,186,5,26,2018-01-14,2025-02-03,2,7,none none
richmond:145,1,165,5,160,2,5,208,17,191,3,17,219,24,195,4,24,2018-01-14,2025-02-03,2,7,none none
richmond:146,0,33,4,29,4,4,71,18,53,5,18,215,24,191,5,24,2018-01-14,2025-02-03,2,6,none none
richmond:147,0,82,13,69,5,13,138,23,115,6,23,198,57,141,6,57,2021-01-23,2024-06-09,2,6,Garmin VIRB
richmond:148,0,133,93,40,5,93,202,105,97,6,105,219,109,110,6,109,2021-01-23,2024-06-09,2,7,Garmin VIRB
richmond:149,0,119,92,27,5,92,166,104,62,5,104,205,111,94,5,111,2021-01-23,2024-06-09,2,7,Garmin VIRB
richmond:150,1,22,8,14,3,8,167,102,65,5,102,214,107,107,5,107,2021-01-23,2024-06-09,2,7,Garmin VIRB
richmond:151,0,23,10,13,2,10,155,101,54,5,101,186,109,77,5,109,2021-01-23,2024-06-09,2,7,Garmin VIRB
richmond:152,0,38,2,36,2,2,67,8,59,3,8,83,9,74,3,9,2021-01-23,2021-01-23,1,0,Garmin VIRB
richmond:153,0,33,4,29,3,4,66,7,59,3,7,81,9,72,3,9,2021-01-23,2021-01-23,1,0,Garmin VIRB
richmond:154,0,43,5,38,3,5,70,6,64,3,6,82,8,74,3,8,2021-01-23,2021-01-23,1,0,Garmin VIRB
richmond:155,0,12,0,12,0,0,34,0,34,0,0,62,0,62,0,0,,,0,0,
richmond:156,0,22,0,22,0,0,68,0,68,0,0,76,0,76,0,0,,,0,0,
richmond:157,0,20,0,20,0,0,70,0,70,0,0,78,0,78,0,0,,,0,0,
richmond:158,0,38,3,35,2,3,185,12,173,3,12,213,18,195,3,18,2018-09-08,2024-07-14,2,0,GoPro HERO11 Black
richmond:159,0,57,5,52,2,5,186,13,173,3,13,213,16,197,3,16,2018-09-08,2024-07-14,2,0,GoPro HERO11 Black
richmond:160,0,13,2,11,1,2,150,10,140,3,10,174,14,160,3,14,2018-09-08,2024-07-14,2,0,GoPro HERO11 Black
richmond:161,0,312,4,308,1,4,465,14,451,3,14,501,18,483,3,18,2018-09-08,2024-07-14,2,0,GoPro HERO11 Black
richmond:162,0,320,9,311,2,9,477,18,459,3,18,514,19,495,3,19,2018-09-08,2024-07-14,2,0,GoPro HERO11 Black
richmond:163,0,9,0,9,0,0,45,0,45,0,0,118,0,118,0,0,,,0,0,
richmond:164,0,65,3,62,1,3,107,7,100,1,7,126,8,118,1,8,2025-08-23,2025-08-23,1,0,GoPro GoPro Max
richmond:165,0,46,4,42,1,4,136,8,128,1,8,159,9,150,1,9,2025-08-23,2025-08-23,1,0,GoPro GoPro Max
richmond:166,0,46,2,44,1,2,63,5,58,1,5,73,7,66,1,7,2018-01-14,2018-01-14,1,0,motorola moto x4
richmond:167,0,45,4,41,1,4,70,8,62,1,8,75,9,66,1,9,2018-01-14,2018-01-14,1,0,motorola moto x4
richmond:168,0,45,5,40,1,5,64,8,56,1,8,75,9,66,1,9,2018-01-14,2018-01-14,1,0,motorola moto x4
richmond:169,0,25,0,25,0,0,116,17,99,5,17,147,24,123,6,24,2018-08-07,2025-02-03,3,0,Apple iPhone7
richmond:170,0,106,10,96,6,10,161,16,145,7,16,184,18,166,9,18,2025-02-03,2025-02-03,1,0,none none
richmond:171,0,15,0,15,0,0,30,7,23,2,7,36,9,27,2,9,2024-06-09,2024-06-09,1,0,GoPro HERO11 Black
richmond:172,0,16,1,15,1,1,31,7,24,2,7,35,8,27,2,8,2024-06-09,2024-06-09,1,0,GoPro HERO11 Black
richmond:173,0,32,0,32,0,0,44,0,44,0,0,57,0,57,0,0,,,0,0,
richmond:174,1,5,0,5,0,0,40,0,40,0,0,48,0,48,0,0,,,0,0,
richmond:175,0,31,0,31,0,0,46,0,46,0,0,55,0,55,0,0,,,0,0,
richmond:176,0,58,0,58,0,0,90,0,90,0,0,106,0,106,0,0,,,0,0,
richmond:177,0,42,0,42,0,0,88,0,88,0,0,98,0,98,0,0,,,0,0,
richmond:178,1,24,0,24,0,0,72,0,72,0,0,84,0,84,0,0,,,0,0,
richmond:179,0,40,0,40,0,0,74,0,74,0,0,86,0,86,0,0,,,0,0,
richmond:180,1,4,0,4,0,0,16,6,10,2,6,24,8,16,2,8,2024-06-29,2024-07-14,1,2,GoPro HERO11 Black
richmond:181,0,11,3,8,1,3,27,9,18,2,9,34,10,24,2,10,2024-06-29,2024-07-14,1,2,GoPro HERO11 Black
richmond:182,0,12,6,6,2,6,28,10,18,2,10,34,12,22,2,12,2024-06-29,2024-07-14,1,2,GoPro HERO11 Black
richmond:183,0,12,6,6,2,6,28,10,18,2,10,34,12,22,2,12,2024-06-29,2024-07-14,1,2,GoPro HERO11 Black
richmond:184,0,54,10,44,5,10,126,25,101,7,25,187,41,146,8,41,2018-07-31,2025-01-01,5,15,Apple iPhone6S
richmond:185,0,52,5,47,3,5,192,19,173,6,19,280,40,240,8,40,2018-07-31,2025-01-01,5,14,Garmin VIRB
richmond:186,1,65,23,42,8,23,171,45,126,8,45,263,53,210,8,53,2018-07-31,2025-01-01,5,16,Apple iPhone6S
richmond:187,0,45,11,34,5,11,120,32,88,8,32,175,44,131,8,44,2018-07-31,2025-01-01,5,15,Apple iPhone6S
richmond:188,0,49,21,28,6,21,161,43,118,8,43,264,51,213,8,51,2018-07-31,2025-01-01,5,15,Apple iPhone6S
richmond:189,0,52,6,46,2,6,75,17,58,2,17,86,21,65,2,21,2018-09-08,2023-06-09,2,2,Apple iPhone 13
richmond:190,0,54,3,51,1,3,74,14,60,2,14,80,17,63,2,17,2018-09-08,2023-06-09,2,2,Apple iPhone 13
richmond:191,1,27,15,12,2,15,50,23,27,2,23,57,26,31,2,26,2018-09-08,2023-06-09,2,2,Apple iPhone 13
richmond:192,0,39,0,39,0,0,59,3,56,1,3,67,4,63,1,4,2018-09-08,2018-09-08,1,1,Apple iPhone
richmond:193,0,0,0,0,0,0,12,0,12,0,0,23,2,21,1,2,2018-09-08,2018-09-08,1,1,Apple iPhone
richmond:194,0,0,0,0,0,0,14,0,14,0,0,23,5,18,2,5,2018-09-08,2023-06-09,2,2,Apple iPhone 13
richmond:195,0,24,15,9,2,15,73,22,51,2,22,88,27,61,2,27,2018-09-08,2023-06-09,2,2,Apple iPhone 13
richmond:196,0,143,0,143,0,0,383,5,378,2,5,411,8,403,3,8,2018-09-08,2024-07-14,2,0,GoPro HERO11 Black
richmond:197,0,156,0,156,0,0,206,6,200,2,6,238,10,228,3,10,2018-09-08,2024-07-14,2,0,GoPro HERO11 Black
richmond:198,1,23,5,18,1,5,60,8,52,1,8,81,9,72,1,9,2018-01-14,2018-01-14,1,2,motorola moto x4
richmond:199,0,17,0,17,0,0,69,5,64,1,5,88,6,82,1,6,2018-01-14,2018-01-14,1,2,motorola moto x4
richmond:200,0,21,2,19,1,2,65,5,60,1,5,89,7,82,1,7,2018-01-14,2018-01-14,1,2,motorola moto x4
richmond:201,1,106,31,75,3,31,171,62,109,3,62,184,64,120,3,64,2021-01-23,2021-01-23,1,22,Garmin VIRB
richmond:202,1,8,0,8,0,0,23,0,23,0,0,37,0,37,0,0,,,0,0,
richmond:203,0,13,3,10,2,3,47,13,34,4,13,64,19,45,4,19,2018-08-08,2024-06-09,2,0,Apple iPhone6
richmond:204,1,23,0,23,0,0,39,0,39,0,0,49,0,49,0,0,,,0,0,
richmond:205,0,20,0,20,0,0,36,0,36,0,0,45,0,45,0,0,,,0,0,
richmond:206,0,11,0,11,0,0,27,0,27,0,0,36,0,36,0,0,,,0,0,
richmond:207,0,23,0,23,0,0,39,0,39,0,0,47,0,47,0,0,,,0,0,
richmond:208,0,19,0,19,0,0,36,0,36,0,0,43,0,43,0,0,,,0,0,
richmond:209,0,6,0,6,0,0,27,0,27,0,0,35,0,35,0,0,,,0,0,
richmond:210,0,17,0,17,0,0,41,0,41,0,0,49,0,49,0,0,,,0,0,
richmond:211,0,17,0,17,0,0,36,0,36,0,0,48,0,48,0,0,,,0,0,
richmond:212,0,17,0,17,0,0,39,0,39,0,0,49,0,49,0,0,,,0,0,
richmond:213,0,28,0,28,0,0,54,0,54,0,0,59,0,59,0,0,,,0,0,
richmond:214,0,25,0,25,0,0,46,0,46,0,0,60,0,60,0,0,,,0,0,
richmond:215,0,12,0,12,0,0,41,0,41,0,0,51,0,51,0,0,,,0,0,
richmond:216,0,26,0,26,0,0,44,0,44,0,0,53,0,53,0,0,,,0,0,
richmond:217,0,0,0,0,0,0,20,0,20,0,0,31,0,31,0,0,,,0,0,
richmond:218,0,17,0,17,0,0,28,0,28,0,0,32,0,32,0,0,,,0,0,
richmond:219,0,19,2,17,1,2,31,4,27,1,4,35,6,29,1,6,2018-09-09,2018-09-09,1,0,Apple iPhone
richmond:220,0,20,4,16,1,4,69,18,51,3,18,85,27,58,4,27,2018-01-14,2025-02-03,2,0,motorola moto x4
richmond:221,0,63,19,44,3,19,95,32,63,4,32,112,39,73,6,39,2018-01-14,2025-08-23,2,0,none none
richmond:222,0,44,13,31,6,13,81,32,49,6,32,95,36,59,6,36,2018-01-14,2025-08-23,2,0,none none
richmond:223,0,58,0,58,0,0,432,0,432,0,0,457,0,457,0,0,,,0,0,
richmond:224,0,393,0,393,0,0,440,0,440,0,0,454,0,454,0,0,,,0,0,
richmond:225,0,8,0,8,0,0,16,0,16,0,0,20,0,20,0,0,,,0,0,
richmond:226,0,11,0,11,0,0,18,0,18,0,0,20,0,20,0,0,,,0,0,
richmond:227,0,8,0,8,0,0,46,10,36,3,10,61,14,47,3,14,2024-06-09,2025-08-23,2,0,GoPro HERO11 Black
richmond:228,1,46,0,46,0,0,104,5,99,2,5,181,8,173,3,8,2018-07-31,2024-12-31,2,2,Apple iPhone6S
richmond:229,0,50,2,48,1,2,75,5,70,2,5,101,7,94,2,7,2024-06-29,2024-07-14,1,0,GoPro HERO11 Black
richmond:230,0,30,2,28,1,2,61,4,57,1,4,98,6,92,2,6,2024-06-29,2024-07-14,1,0,GoPro HERO11 Black
richmond:231,0,31,2,29,1,2,61,6,55,2,6,103,8,95,2,8,2024-06-29,2024-07-14,1,0,GoPro HERO11 Black
richmond:232,0,28,2,26,1,2,53,5,48,2,5,87,7,80,2,7,2024-06-29,2024-07-14,1,0,GoPro HERO11 Black
richmond:233,0,52,2,50,1,2,91,6,85,2,6,108,8,100,2,8,2024-06-29,2024-07-14,1,0,GoPro HERO11 Black
richmond:234,0,31,5,26,3,5,49,9,40,3,9,83,11,72,3,11,2021-01-23,2021-01-23,1,7,Garmin VIRB
richmond:235,1,27,5,22,3,5,61,9,52,3,9,89,11,78,3,11,2021-01-23,2021-01-23,1,8,Garmin VIRB
richmond:236,1,32,3,29,2,3,85,12,73,3,12,104,14,90,3,14,2018-09-08,2024-07-14,2,3,GoPro HERO11 Black
richmond:237,0,39,4,35,2,4,85,13,72,3,13,109,16,93,3,16,2018-09-08,2024-07-14,2,3,GoPro HERO11 Black
richmond:238,0,33,4,29,2,4,84,10,74,3,10,104,15,89,3,15,2018-09-08,2024-07-14,2,3,GoPro HERO11 Black
richmond:239,0,30,4,26,1,4,117,7,110,2,7,210,8,202,3,8,2024-06-29,2024-07-14,1,0,GoPro HERO11 Black
richmond:240,0,28,2,26,1,2,149,6,143,3,6,157,9,148,3,9,2024-06-29,2024-07-14,1,0,GoPro HERO11 Black
richmond:241,0,25,1,24,1,1,144,6,138,2,6,161,8,153,3,8,2024-06-29,2024-07-14,1,0,GoPro HERO11 Black
richmond:242,0,30,4,26,1,4,123,7,116,2,7,214,10,204,3,10,2024-06-29,2024-07-14,1,0,GoPro HERO11 Black
richmond:243,0,15,10,5,2,10,29,19,10,2,19,37,23,14,2,23,2023-06-11,2025-08-23,2,0,GoPro HERO7 Black
richmond:244,0,8,3,5,1,3,28,18,10,2,18,35,21,14,2,21,2023-06-11,2025-08-23,2,0,GoPro HERO7 Black
richmond:245,0,21,16,5,2,16,38,25,13,2,25,41,26,15,2,26,2023-06-11,2025-08-23,2,0,GoPro HERO7 Black
richmond:246,0,22,15,7,2,15,36,26,10,2,26,48,33,15,3,33,2023-06-11,2025-08-23,2,0,GoPro HERO7 Black
richmond:247,0,20,14,6,2,14,35,23,12,2,23,49,34,15,3,34,2023-06-11,2025-08-23,2,0,GoPro HERO7 Black
richmond:248,0,13,5,8,2,5,31,19,12,2,19,35,21,14,2,21,2023-06-11,2025-08-23,2,0,GoPro HERO7 Black
richmond:249,0,21,14,7,2,14,37,25,12,2,25,41,26,15,2,26,2023-06-11,2025-08-23,2,0,GoPro HERO7 Black
richmond:250,0,10,4,6,2,4,28,18,10,2,18,37,22,15,2,22,2023-06-11,2025-08-23,2,0,GoPro HERO7 Black
richmond:251,0,37,7,30,1,7,67,13,54,1,13,73,15,58,1,15,2018-01-14,2018-01-14,1,0,motorola moto x4
richmond:252,0,35,5,30,1,5,63,12,51,1,12,70,16,54,1,16,2018-01-14,2018-01-14,1,0,motorola moto x4
