ramp_uid,city,imagery,n_other,nearest_other_m,median_other_m,n_months,source_dist_m,source_hit,best_other_conf,all_other_missed,residual_class_48
bend:0,bend,gsv,4,4.2373,11.4445,2,14.9843,1,0.9897,0,
bend:1,bend,gsv,4,8.7501,14.2958,2,6.8655,1,0.891,0,
bend:2,bend,gsv,4,6.6125,10.5391,2,11.5785,1,0.9923,0,
bend:3,bend,gsv,3,4.3427,10.2163,2,11.9202,1,0.8745,0,
bend:4,bend,gsv,4,8.3436,14.0506,2,14.9842,1,0.9087,0,
bend:5,bend,gsv,4,9.3894,13.4026,2,11.92,1,,1,
bend:6,bend,gsv,4,7.4412,14.4116,2,5.2453,1,,1,
bend:7,bend,gsv,5,7.9513,13.6046,2,21.0805,1,0.9267,0,
bend:8,bend,gsv,4,5.8596,15.7137,2,6.7403,1,0.7062,0,
bend:9,bend,gsv,4,5.1984,13.6794,2,7.8703,1,,1,
bend:10,bend,gsv,4,5.7933,12.3955,2,14.637,0,0.8518,0,
bend:11,bend,gsv,4,3.5013,12.0163,2,13.1751,0,0.8213,0,
bend:12,bend,gsv,5,11.2909,13.9089,1,21.0928,1,,1,
bend:13,bend,gsv,6,2.2132,14.0957,1,11.9218,1,0.9969,0,
bend:14,bend,gsv,4,3.331,8.7736,1,15.5647,1,0.9237,0,
bend:15,bend,gsv,6,8.1682,12.4215,1,4.6562,1,1.0003,0,
bend:16,bend,gsv,4,5.8354,9.8118,1,14.9943,1,0.9889,0,
bend:17,bend,gsv,4,6.624,9.3902,1,15.5641,1,0.939,0,
bend:18,bend,gsv,5,8.4816,11.2004,1,3.052,1,0.9555,0,
bend:19,bend,gsv,6,3.1373,14.2625,1,8.0373,1,0.8248,0,
bend:20,bend,gsv,7,5.5162,12.6128,2,22.2002,1,0.9908,0,
bend:21,bend,gsv,7,5.9821,12.7406,2,20.4763,0,0.9371,0,
bend:22,bend,gsv,7,6.8591,13.0982,2,23.7862,0,0.9745,0,
bend:23,bend,gsv,7,5.0088,12.0708,2,24.7865,0,0.9767,0,
bend:24,bend,gsv,2,9.3976,11.5238,1,5.245,1,0.982,0,
bend:25,bend,gsv,3,12.5943,17.2202,1,11.574,1,0.891,0,
bend:26,bend,gsv,3,7.7712,13.0787,1,3.6201,0,0.6075,0,
bend:27,bend,gsv,3,8.0811,13.6995,1,5.0645,0,0.7253,0,
bend:28,bend,gsv,3,4.1245,12.3956,1,9.628,1,0.9293,0,
bend:29,bend,gsv,3,10.2148,10.468,1,21.0847,1,0.9638,0,
bend:30,bend,gsv,2,7.4105,9.3361,1,14.9872,1,1.0176,0,
bend:31,bend,gsv,3,5.0252,8.6846,1,14.9879,1,0.897,0,
bend:32,bend,gsv,2,10.4197,12.6407,1,14.9863,1,1.0161,0,
bend:33,bend,gsv,2,13.8337,15.0172,1,9.6246,1,0.7542,0,
bend:34,bend,gsv,3,7.9507,16.2799,1,5.166,1,0.9719,0,
bend:36,bend,gsv,2,11.5216,13.2465,1,6.7403,1,0.8586,0,
bend:37,bend,gsv,2,6.6943,9.9081,1,11.9223,1,0.9613,0,
bend:38,bend,gsv,2,11.118,13.8741,1,9.6245,1,0.8655,0,
bend:39,bend,gsv,2,10.914,13.8779,1,9.6243,1,0.9266,0,
bend:40,bend,gsv,4,6.5975,15.7516,1,5.9621,1,0.9481,0,
bend:41,bend,gsv,5,5.7821,12.5074,1,21.0713,1,0.9288,0,
bend:42,bend,gsv,4,6.8346,13.4245,1,5.8637,1,0.9927,0,
bend:43,bend,gsv,4,4.1466,10.5294,1,13.6259,0,1.0177,0,
bend:44,bend,gsv,4,7.9043,10.2957,1,21.0813,1,0.8281,0,
bend:45,bend,gsv,3,3.0304,12.1379,1,11.5751,1,0.9645,0,
bend:46,bend,gsv,6,4.4694,12.0747,2,10.9585,0,,1,association_placement
bend:47,bend,gsv,6,3.4677,12.594,2,15.5606,0,0.8064,0,
bend:48,bend,gsv,5,7.34,11.6203,1,15.5501,1,0.9343,0,
bend:49,bend,gsv,3,13.3191,13.9161,2,21.0803,1,0.943,0,
bend:52,bend,gsv,4,5.0412,11.2857,1,15.5509,1,0.9699,0,
bend:53,bend,gsv,4,8.6472,11.3409,1,15.554,1,1.0104,0,
bend:54,bend,gsv,6,6.3813,11.763,3,9.3925,1,0.7196,0,
bend:55,bend,gsv,6,5.116,15.6497,2,5.9589,1,0.8674,0,
bend:56,bend,gsv,6,3.3431,10.1168,3,11.8958,0,,1,association_placement
bend:57,bend,gsv,5,3.7672,10.8123,3,18.5841,0,0.8278,0,
bend:58,bend,gsv,5,3.7142,11.0589,2,21.0803,1,0.939,0,
bend:59,bend,gsv,2,4.7889,7.7832,1,11.5718,1,0.7898,0,
bend:60,bend,gsv,5,8.0486,11.3531,1,21.0685,1,0.9022,0,
bend:61,bend,gsv,2,11.2177,13.2706,1,14.9799,1,0.9368,0,
bend:62,bend,gsv,2,3.6166,6.7581,1,11.5713,1,0.7896,0,
bend:63,bend,gsv,4,11.5185,12.8391,2,7.8703,1,0.9474,0,
bend:64,bend,gsv,2,5.0098,7.9433,1,11.748,0,,1,never_fired_unknown_below_055
bend:65,bend,gsv,5,4.9768,10.8463,1,22.2066,1,0.8719,0,
bend:66,bend,gsv,4,8.6093,13.3735,2,21.0804,1,0.8951,0,
bend:67,bend,gsv,3,4.4216,12.0884,2,12.1944,0,0.9471,0,
bend:68,bend,gsv,4,3.7643,10.406,1,22.2005,1,0.9679,0,
bend:69,bend,gsv,3,11.1362,12.2378,1,5.8653,1,0.867,0,
bend:70,bend,gsv,3,6.3585,13.4784,1,8.0355,1,0.9119,0,
bend:71,bend,gsv,3,8.8316,14.5725,1,6.7402,1,0.9136,0,
bend:72,bend,gsv,3,8.7413,11.1077,1,7.8702,1,0.6677,0,
bend:73,bend,gsv,5,5.12,13.1848,3,11.9242,1,0.9568,0,
bend:74,bend,gsv,4,1.0244,12.0828,3,11.9258,1,1.0059,0,
bend:75,bend,gsv,2,7.1574,9.295,1,22.2107,1,0.8817,0,
bend:76,bend,gsv,2,12.7888,15.1705,1,21.0873,1,0.9295,0,
bend:77,bend,gsv,5,11.9456,14.4275,3,15.553,1,0.9467,0,
bend:78,bend,gsv,5,6.7769,10.3894,1,14.9811,1,0.876,0,
bend:79,bend,gsv,4,5.2388,9.9453,1,11.5767,1,0.8852,0,
bend:80,bend,gsv,4,7.0479,11.8986,1,6.8651,1,0.9082,0,
bend:81,bend,gsv,3,4.0086,14.1807,1,15.5491,1,0.9649,0,
bend:82,bend,gsv,3,6.8784,15.7678,1,14.9841,1,0.7943,0,
bend:83,bend,gsv,3,2.866,11.7371,1,9.3931,1,0.7479,0,
bend:84,bend,gsv,3,4.9319,12.8343,1,9.6227,1,0.8882,0,
bend:85,bend,gsv,3,12.5424,14.6259,1,21.0771,1,0.8966,0,
bend:86,bend,gsv,3,11.9222,13.9706,1,15.3117,0,0.7646,0,
bend:87,bend,gsv,3,4.4028,11.8218,1,10.426,0,,1,association_placement
bend:88,bend,gsv,4,5.1548,11.8349,2,5.8654,1,0.8772,0,
bend:89,bend,gsv,4,1.2515,9.6459,2,14.9836,1,0.919,0,
bend:90,bend,gsv,3,6.9342,11.5305,1,14.9864,1,0.901,0,
bend:93,bend,gsv,4,2.9309,10.5603,1,21.0803,1,0.9621,0,
bend:94,bend,gsv,4,4.7322,10.5198,1,21.0828,1,0.9819,0,
bend:95,bend,gsv,4,4.1729,9.3636,3,14.9868,1,0.876,0,
bend:96,bend,gsv,4,9.4852,10.9702,3,4.6586,1,0.9786,0,
bend:97,bend,gsv,5,5.158,9.1516,3,15.5505,1,0.8788,0,
bend:98,bend,gsv,5,4.3427,12.2749,3,9.6287,1,0.9343,0,
bend:99,bend,gsv,3,8.7622,12.112,2,3.3331,1,0.9199,0,
bend:100,bend,gsv,3,6.526,7.4845,1,22.2003,1,,1,self_detected_site_displaced
bend:101,bend,gsv,4,6.4856,10.3234,1,14.9817,1,0.9493,0,
bend:102,bend,gsv,4,7.7307,12.0053,1,6.8634,1,0.9365,0,
bend:103,bend,gsv,5,8.1404,14.3204,1,14.983,1,0.9734,0,
bend:104,bend,gsv,4,9.279,12.7678,1,21.0787,1,,1,
bend:105,bend,gsv,4,7.6366,11.1608,1,4.1611,1,1.0156,0,
bend:106,bend,gsv,4,5.3851,11.8161,1,9.6214,1,0.9873,0,
bend:107,bend,gsv,5,4.0752,13.7566,1,5.9621,1,0.9283,0,
bend:108,bend,gsv,5,7.7187,14.1089,1,22.2077,1,0.9776,0,
bend:109,bend,gsv,4,9.9292,14.242,1,21.0875,1,0.9265,0,
bend:110,bend,gsv,4,9.0916,11.4733,1,5.1653,1,0.9127,0,
bend:111,bend,gsv,5,5.1675,12.3518,1,6.8653,1,0.9634,0,
bend:112,bend,gsv,5,7.6125,9.9819,1,4.5896,1,0.9652,0,
bend:113,bend,gsv,6,6.9605,11.9868,1,15.5486,1,0.9925,0,
bend:114,bend,gsv,5,5.4454,9.1421,1,14.983,1,0.9047,0,
bend:115,bend,gsv,4,2.7169,11.1262,1,14.9832,1,0.9581,0,
bend:116,bend,gsv,6,5.579,11.1239,1,14.9827,1,0.9453,0,
bend:117,bend,gsv,5,6.7838,12.8999,1,11.022,1,0.9004,0,
bend:118,bend,gsv,4,5.4654,11.0797,2,15.5499,1,0.9122,0,
bend:119,bend,gsv,4,7.8958,10.2643,2,16.4491,0,0.9636,0,
bend:120,bend,gsv,2,6.2645,10.1181,1,9.3962,1,0.8808,0,
bend:121,bend,gsv,3,7.1091,8.9501,1,14.985,1,0.8939,0,
bend:122,bend,gsv,3,6.504,6.7817,1,15.5504,1,0.9442,0,
bend:123,bend,gsv,2,12.3148,12.8884,1,20.2727,0,,1,never_fired_unknown_below_055
bend:124,bend,gsv,3,5.8811,10.5009,1,19.6771,0,,1,never_fired_unknown_below_055
bend:125,bend,gsv,3,4.256,6.9249,1,16.7248,0,0.7011,0,
bend:126,bend,gsv,4,10.5062,14.1187,1,22.2055,1,0.9668,0,
bend:127,bend,gsv,3,5.7567,11.2724,1,21.0885,1,0.9615,0,
bend:128,bend,gsv,4,9.7997,12.1999,1,5.2483,1,1.0026,0,
bend:129,bend,gsv,3,7.4982,12.6469,1,21.0803,1,0.8725,0,
bend:130,bend,gsv,4,10.1014,11.593,1,4.5904,1,0.9466,0,
bend:131,bend,gsv,3,5.6139,9.2861,1,11.9267,1,0.9333,0,
bend:132,bend,gsv,3,3.2859,10.3234,1,11.9714,0,0.9192,0,
bend:133,bend,gsv,4,3.4558,10.3222,1,11.5778,1,,1,
bend:134,bend,gsv,7,2.5809,10.0716,3,20.4766,0,,1,never_fired_unknown_below_055
bend:135,bend,gsv,6,3.8385,10.9991,3,21.1199,0,0.6182,0,
bend:136,bend,gsv,6,5.533,12.6055,3,24.1474,0,0.9357,0,
bend:137,bend,gsv,5,3.2832,11.333,3,21.8041,0,0.9148,0,
bend:138,bend,gsv,3,11.6737,14.5213,1,9.382,1,0.9713,0,
bend:139,bend,gsv,4,5.3267,11.4661,1,14.9856,1,,1,self_detected_site_displaced
bend:140,bend,gsv,5,8.1346,11.8519,1,9.6238,1,1.0054,0,
bend:141,bend,gsv,5,2.8635,11.3609,1,6.8634,1,0.9048,0,
bend:142,bend,gsv,4,6.6061,11.9169,1,21.0744,1,0.85,0,
bend:143,bend,gsv,4,5.2036,7.5038,3,21.0803,1,0.9098,0,
bend:144,bend,gsv,5,8.9165,9.3087,3,21.0804,1,0.8959,0,
bend:145,bend,gsv,6,2.8338,11.9726,2,21.0815,1,0.9501,0,
bend:146,bend,gsv,5,7.1417,11.2722,1,14.9842,1,0.9079,0,
bend:147,bend,gsv,6,5.276,12.5797,1,20.4776,0,0.9078,0,
bend:148,bend,gsv,7,4.1045,8.721,2,19.3664,0,0.6673,0,
bend:149,bend,gsv,7,4.8703,10.7712,2,20.8483,0,0.5558,0,
bend:150,bend,gsv,3,6.3917,15.9804,1,6.7396,1,0.8955,0,
bend:151,bend,gsv,3,7.2126,15.7164,1,6.8648,1,0.8294,0,
bend:152,bend,gsv,2,5.5303,10.8789,1,14.9844,1,0.6037,0,
bend:153,bend,gsv,2,9.8326,10.5073,1,14.9851,1,0.9475,0,
bend:154,bend,gsv,5,6.6145,12.7361,1,21.0921,1,0.9584,0,
bend:155,bend,gsv,5,7.3645,15.1009,1,6.7421,1,0.9535,0,
bend:156,bend,gsv,4,4.6881,10.7897,1,11.9237,1,0.9761,0,
bend:157,bend,gsv,4,9.0927,12.5015,2,15.5483,1,0.9143,0,
bend:158,bend,gsv,4,2.8313,10.351,2,11.9177,1,0.9489,0,
bend:159,bend,gsv,3,3.7599,11.8484,1,14.9839,1,0.9282,0,
bend:160,bend,gsv,2,7.2806,10.7553,1,14.9804,1,0.855,0,
bend:161,bend,gsv,4,5.3216,10.5352,1,21.5148,0,0.9372,0,
bend:162,bend,gsv,4,9.5031,11.9668,2,6.8655,1,0.8548,0,
bend:163,bend,gsv,6,11.6941,15.9931,4,14.9847,1,0.8137,0,
bend:164,bend,gsv,5,8.3233,14.0697,2,3.3307,1,0.8847,0,
bend:165,bend,gsv,4,5.1591,13.7281,2,14.9815,1,0.9006,0,
bend:166,bend,gsv,5,7.039,10.7144,2,3.5449,0,0.7292,0,
bend:167,bend,gsv,5,4.4062,12.7472,2,6.4814,0,,1,never_fired_unknown_below_055
bend:168,bend,gsv,4,8.4481,13.3737,1,5.8655,1,0.9497,0,
bend:169,bend,gsv,3,4.0245,9.582,1,11.5784,1,0.9383,0,
bend:170,bend,gsv,4,7.8586,12.7184,1,21.0805,1,0.9802,0,
bend:171,bend,gsv,3,6.4254,9.0208,1,9.6246,1,0.9384,0,
bend:172,bend,gsv,4,9.2775,13.7379,1,4.5897,1,0.9293,0,
bend:173,bend,gsv,3,3.3522,7.2553,1,15.5502,1,0.954,0,
bend:174,bend,gsv,4,11.0154,15.2396,2,14.9855,1,0.9133,0,
bend:175,bend,gsv,3,7.721,14.0117,1,5.2457,1,0.965,0,
bend:176,bend,gsv,2,11.0779,13.5655,1,9.3954,1,,1,
bend:177,bend,gsv,4,7.5292,11.4558,1,4.5896,1,0.8193,0,
bend:178,bend,gsv,4,12.6332,14.5502,1,15.6737,0,0.6808,0,
bend:179,bend,gsv,2,11.9931,13.4918,1,15.9623,0,,1,never_fired_unknown_below_055
bend:180,bend,gsv,5,5.8854,13.5361,2,9.6273,1,0.9085,0,
bend:181,bend,gsv,4,4.6683,14.1332,2,9.3973,1,0.8737,0,
bend:182,bend,gsv,3,11.5019,16.4833,2,15.5514,1,0.8606,0,
bend:183,bend,gsv,3,11.6924,14.2696,2,6.8685,1,,1,
bend:184,bend,gsv,3,12.8718,13.1461,2,4.1073,1,0.5657,0,
bend:185,bend,gsv,2,16.3306,17.0686,1,19.3098,0,0.7259,0,
bend:186,bend,gsv,2,12.2813,13.7447,2,3.8148,0,0.7892,0,
bend:187,bend,gsv,3,4.0642,13.0999,2,11.5707,1,0.9189,0,
bend:188,bend,gsv,2,3.0851,10.4971,1,9.4939,0,0.9022,0,
bend:189,bend,gsv,4,6.4439,11.5306,2,17.7521,0,0.9542,0,
bend:190,bend,gsv,4,6.6288,11.2618,2,23.2979,0,1.006,0,
bend:191,bend,gsv,3,9.4473,12.7526,2,7.8675,1,0.9143,0,
bend:192,bend,gsv,2,7.3321,9.9985,2,3.6904,1,1.0037,0,
bend:193,bend,gsv,2,9.3837,10.782,2,11.5744,1,0.8857,0,
bend:194,bend,gsv,3,7.7366,9.3077,3,15.2956,0,,1,never_fired_unknown_below_055
bend:195,bend,gsv,4,6.7323,11.9885,1,9.3929,1,0.9178,0,
bend:196,bend,gsv,4,8.0969,12.6353,1,11.5759,1,0.968,0,
bend:197,bend,gsv,3,4.1666,10.4366,1,9.6235,1,0.7969,0,
bend:198,bend,gsv,2,6.3734,10.3435,1,9.6234,1,0.8999,0,
bend:199,bend,gsv,3,5.9081,11.7155,1,11.5773,1,1.0074,0,
bend:200,bend,gsv,2,7.6992,10.8207,1,9.3939,1,0.8981,0,
bend:201,bend,gsv,4,8.0245,12.6983,1,15.5602,1,0.8417,0,
bend:202,bend,gsv,3,8.4438,10.6632,1,9.628,1,0.9077,0,
bend:203,bend,gsv,4,11.919,13.9902,1,3.3763,1,0.9779,0,
bend:204,bend,gsv,3,5.6549,9.2185,1,19.2534,0,0.865,0,
bend:205,bend,gsv,4,6.5046,11.5831,1,22.2348,0,0.9024,0,
bend:206,bend,gsv,4,3.6323,11.3691,2,11.9239,1,0.8563,0,
bend:207,bend,gsv,5,9.873,12.8051,1,14.9787,1,0.9256,0,
bend:208,bend,gsv,3,4.9989,10.21,1,8.0302,1,0.987,0,
bend:209,bend,gsv,3,8.314,13.2727,1,11.9165,1,0.9175,0,
bend:210,bend,gsv,4,4.0612,10.7401,1,15.5515,1,0.9528,0,
bend:211,bend,gsv,5,3.9898,10.1474,1,22.2012,1,0.9363,0,
bend:212,bend,gsv,6,4.1385,11.8687,2,5.8654,1,0.9478,0,
bend:213,bend,gsv,4,6.914,11.9948,2,7.8703,1,0.8473,0,
bend:214,bend,gsv,5,5.5632,13.1027,1,9.397,1,0.8831,0,
bend:215,bend,gsv,3,10.573,10.7483,1,11.5792,1,0.944,0,
bend:216,bend,gsv,5,5.136,14.8804,1,7.8723,1,0.8424,0,
bend:217,bend,gsv,4,5.6236,13.0455,1,11.9227,1,0.8626,0,
bend:218,bend,gsv,6,5.1348,9.0895,2,11.5747,1,0.9837,0,
bend:219,bend,gsv,7,7.9007,14.6716,2,5.8654,1,0.9725,0,
bend:220,bend,gsv,5,9.055,12.4472,2,6.7401,1,0.9245,0,
bend:221,bend,gsv,4,7.919,13.7555,1,9.6226,1,0.9154,0,
bend:222,bend,gsv,4,5.4256,10.7151,1,9.6228,1,0.8676,0,
bend:223,bend,gsv,4,6.9197,8.8693,1,15.5513,1,0.9278,0,
bend:224,bend,gsv,5,10.1446,14.3012,1,8.0372,1,0.9679,0,
bend:225,bend,gsv,4,2.9747,11.4361,1,11.9202,1,1.0171,0,
bend:226,bend,gsv,2,12.7218,13.2209,1,4.658,1,0.7576,0,
bend:229,bend,gsv,3,11.2618,17.6022,2,11.9205,1,0.921,0,
bend:230,bend,gsv,4,9.6994,13.92,2,21.0805,1,0.9759,0,
bend:231,bend,gsv,3,13.3891,13.7288,1,21.0866,1,0.8837,0,
bend:232,bend,gsv,2,7.6891,8.0544,1,15.5542,1,0.84,0,
bend:233,bend,gsv,4,10.4984,14.3447,1,22.6099,0,0.8801,0,
bend:234,bend,gsv,4,3.608,9.1358,2,11.9239,1,0.9224,0,
bend:235,bend,gsv,3,4.0296,14.5131,1,6.8623,1,0.8399,0,
bend:236,bend,gsv,6,5.0428,14.5625,2,9.3952,1,0.6089,0,
bend:237,bend,gsv,5,3.4691,13.1328,2,16.7206,0,0.5707,0,
bend:238,bend,gsv,4,8.7612,11.2898,1,15.5541,1,0.9398,0,
bend:239,bend,gsv,4,8.7816,11.3014,1,23.3185,0,0.9301,0,association_placement
bend:240,bend,gsv,5,6.1746,13.6845,2,14.9841,1,0.9616,0,
bend:241,bend,gsv,5,4.9056,15.3196,2,14.9841,1,0.8876,0,
bend:242,bend,gsv,5,6.0134,12.573,1,5.8655,1,0.9857,0,
bend:243,bend,gsv,5,6.8671,13.3725,1,7.5432,0,0.8965,0,
bend:244,bend,gsv,5,6.2218,10.5779,1,13.174,0,0.9052,0,
bend:245,bend,gsv,3,7.0332,11.311,1,21.0802,1,0.8049,0,
bend:246,bend,gsv,3,3.2267,10.3411,1,21.0812,1,0.9516,0,
bend:247,bend,gsv,5,5.4982,9.981,2,14.9868,1,0.9301,0,
bend:248,bend,gsv,5,5.8768,7.4202,2,14.9847,1,0.9814,0,
bend:249,bend,gsv,5,5.9197,12.0562,2,9.628,1,0.9624,0,
bend:250,bend,gsv,4,9.866,11.1719,2,5.1669,1,0.9737,0,
bend:251,bend,gsv,4,6.262,8.9224,2,15.5503,1,0.9494,0,
bend:252,bend,gsv,3,9.3581,11.9053,2,3.3327,1,0.8622,0,
bend:253,bend,gsv,4,2.6629,10.1333,2,14.981,1,0.9315,0,
bend:254,bend,gsv,3,4.6395,9.076,2,11.5729,1,0.9514,0,
bend:255,bend,gsv,3,3.7664,9.605,1,15.5511,1,0.8991,0,
bend:256,bend,gsv,5,4.4961,10.4833,1,21.0811,1,0.9655,0,
bend:257,bend,gsv,4,7.1601,10.9992,1,18.7643,0,0.9626,0,
bend:258,bend,gsv,6,8.4893,11.1938,3,7.8704,1,0.6179,0,
bend:259,bend,gsv,5,4.3753,11.4704,2,14.9844,1,0.8606,0,
bend:260,bend,gsv,6,5.5204,13.0035,3,8.0357,1,0.9307,0,
bend:261,bend,gsv,4,9.9953,13.7664,3,14.9759,1,0.9399,0,
bend:262,bend,gsv,5,6.3066,9.9475,3,21.0668,1,0.917,0,
bend:263,bend,gsv,4,8.0265,11.7215,2,5.9631,1,0.9585,0,
bend:264,bend,gsv,4,8.2276,11.7039,2,3.7391,1,0.9446,0,
bend:265,bend,gsv,5,4.3095,12.2342,2,14.0145,0,0.9515,0,
bend:266,bend,gsv,5,3.3069,12.6074,2,17.2975,0,0.9065,0,
bend:267,bend,gsv,5,7.358,11.4423,2,16.6317,0,0.9443,0,
bend:268,bend,gsv,3,6.4882,8.5131,1,11.922,1,0.9229,0,
bend:269,bend,gsv,4,5.2089,11.6295,1,8.0356,1,0.5532,0,
bend:270,bend,gsv,5,10.7729,11.7182,1,5.9641,1,0.9361,0,
bend:271,bend,gsv,5,6.6279,11.2747,1,21.0801,1,0.9553,0,
bend:272,bend,gsv,4,8.3985,13.0149,1,9.3934,1,0.9492,0,
bend:273,bend,gsv,3,9.9984,10.9328,1,9.3936,1,0.906,0,
bend:274,bend,gsv,4,5.6279,10.6715,2,14.9831,1,0.9334,0,
bend:275,bend,gsv,4,3.7506,11.1005,2,18.8883,0,0.9524,0,
bend:276,bend,gsv,4,10.3611,16.8708,2,11.5765,1,,1,
bend:277,bend,gsv,6,8.3227,14.1483,3,5.964,1,0.9229,0,
bend:278,bend,gsv,4,10.9803,12.3758,2,9.3952,1,0.9157,0,
bend:279,bend,gsv,5,6.9006,11.3955,2,22.1923,1,,1,
bend:280,bend,gsv,5,7.4058,8.0866,2,14.9825,1,0.937,0,
bend:281,bend,gsv,4,10.0313,11.3073,2,2.7308,1,0.7354,0,
bend:282,bend,gsv,5,8.0446,12.5954,2,21.0803,1,0.9829,0,
bend:283,bend,gsv,5,8.4597,11.8683,3,21.0803,1,0.9331,0,
bend:284,bend,gsv,5,6.3068,8.9103,1,15.55,1,0.954,0,
bend:285,bend,gsv,4,8.287,11.7513,1,5.964,1,0.9611,0,
bend:286,bend,gsv,6,4.8209,14.9046,1,9.6246,1,0.9585,0,
bend:287,bend,gsv,5,5.0836,13.0948,1,21.0803,1,0.9633,0,
bend:288,bend,gsv,4,8.3788,11.629,1,2.506,1,0.9401,0,
bend:289,bend,gsv,6,4.4435,15.3035,1,6.7403,1,0.9386,0,
bend:290,bend,gsv,3,6.5547,11.4853,1,22.1891,1,0.8928,0,
bend:291,bend,gsv,2,10.3667,13.0282,1,11.5765,1,0.7976,0,
bend:292,bend,gsv,2,11.5835,13.0671,1,8.0356,1,0.9294,0,
bend:293,bend,gsv,4,4.8713,15.9607,2,11.9204,1,0.9443,0,
bend:294,bend,gsv,4,7.0606,9.4091,2,14.9853,1,0.9088,0,
bend:295,bend,gsv,5,3.3597,11.0175,1,21.0818,1,0.9497,0,
gainesville:0,gainesville,gsv,4,8.7815,13.1481,2,8.0356,1,0.8692,0,
gainesville:1,gainesville,gsv,3,8.3729,12.8224,2,5.1654,1,0.8468,0,
gainesville:2,gainesville,gsv,5,4.6027,8.9583,1,15.5501,1,0.8984,0,
gainesville:3,gainesville,gsv,5,8.8844,14.7268,2,8.0357,1,0.9137,0,
gainesville:4,gainesville,gsv,4,6.1217,10.7482,2,14.9817,1,0.7937,0,
gainesville:5,gainesville,gsv,6,3.2221,11.6545,2,21.0792,1,0.9358,0,
gainesville:6,gainesville,gsv,7,4.9075,9.8473,2,21.0817,1,0.8018,0,
gainesville:7,gainesville,gsv,3,7.5149,10.0919,1,14.984,1,0.8486,0,
gainesville:8,gainesville,gsv,4,6.9597,12.8438,2,5.1653,1,0.8158,0,
gainesville:9,gainesville,gsv,6,6.69,11.9184,3,22.1973,1,0.9279,0,
gainesville:10,gainesville,gsv,5,5.5049,12.0933,4,14.9853,1,0.2005,1,
gainesville:11,gainesville,gsv,3,9.7329,10.3894,1,21.0818,1,,1,self_detected_site_displaced
gainesville:12,gainesville,gsv,3,9.447,11.1546,1,21.0811,1,0.4852,1,
gainesville:13,gainesville,gsv,7,7.4001,14.095,4,11.9205,1,0.9503,0,
gainesville:14,gainesville,gsv,4,11.7521,15.4227,1,21.0806,1,0.2597,1,
gainesville:15,gainesville,gsv,4,7.8425,12.5649,1,22.2026,1,,1,
gainesville:16,gainesville,gsv,5,5.3212,9.2908,1,22.2017,1,0.941,0,
gainesville:17,gainesville,gsv,5,6.3512,11.3121,1,23.5799,0,0.6147,0,association_placement
gainesville:18,gainesville,gsv,4,6.9845,10.718,1,5.1655,1,0.8873,0,
gainesville:19,gainesville,gsv,5,3.4781,11.3303,2,11.5794,1,0.4729,1,
gainesville:20,gainesville,gsv,4,7.2591,13.9105,3,5.8659,1,0.9595,0,
gainesville:21,gainesville,gsv,4,8.0712,10.0792,1,21.0805,1,0.4272,1,
gainesville:22,gainesville,gsv,5,9.2757,17.0248,3,9.625,1,0.8494,0,
gainesville:23,gainesville,gsv,3,3.1533,8.7997,2,11.5789,1,0.9108,0,
gainesville:24,gainesville,gsv,4,5.8417,11.7227,2,15.5503,1,0.9467,0,
gainesville:25,gainesville,gsv,5,6.6569,12.8924,2,21.0804,1,0.9789,0,
gainesville:26,gainesville,gsv,4,11.9436,13.2716,3,5.2455,1,0.9323,0,
gainesville:27,gainesville,gsv,4,6.3862,10.4627,1,21.0803,1,0.8891,0,
gainesville:28,gainesville,gsv,5,1.5904,10.9468,1,22.6238,0,,1,association_placement
gainesville:29,gainesville,gsv,3,3.1875,5.2565,1,11.5776,1,0.8962,0,
gainesville:30,gainesville,gsv,6,10.9413,12.8667,2,21.0779,1,,1,
gainesville:31,gainesville,gsv,3,12.9892,16.8689,1,11.9193,1,0.895,0,
gainesville:32,gainesville,gsv,4,11.8856,13.2599,1,14.9828,1,0.2798,1,
gainesville:33,gainesville,gsv,2,2.6475,7.2497,2,11.5783,1,0.8798,0,
gainesville:34,gainesville,gsv,3,4.041,10.2362,3,5.8655,1,0.7311,0,
gainesville:35,gainesville,gsv,3,12.2461,12.9216,3,3.3741,1,0.9279,0,
gainesville:36,gainesville,gsv,3,10.5804,13.5587,2,9.3943,1,0.6616,0,
gainesville:37,gainesville,gsv,2,10.4521,13.5633,1,11.5782,1,0.9191,0,
gainesville:38,gainesville,gsv,2,5.3846,8.5441,1,14.9837,1,0.8308,0,
gainesville:39,gainesville,gsv,4,5.6044,11.056,2,14.9843,1,0.8282,0,
gainesville:40,gainesville,gsv,5,9.5042,13.1026,1,21.0827,1,0.9511,0,
gainesville:41,gainesville,gsv,6,6.4802,13.5687,1,15.5501,1,0.8147,0,
gainesville:42,gainesville,gsv,5,3.9419,12.3094,1,21.0827,1,0.8666,0,
gainesville:43,gainesville,gsv,4,11.8067,14.0487,1,14.9854,1,0.8247,0,
gainesville:44,gainesville,gsv,7,6.0134,13.7328,1,15.5501,1,0.7605,0,
gainesville:45,gainesville,gsv,5,6.8253,12.3058,1,21.0816,1,0.8236,0,
gainesville:46,gainesville,gsv,5,3.5626,11.3284,1,11.921,1,0.7958,0,
gainesville:47,gainesville,gsv,6,6.573,12.6855,1,21.0815,1,0.7401,0,
gainesville:48,gainesville,gsv,4,8.6634,13.1069,1,21.0829,1,,1,
gainesville:49,gainesville,gsv,5,7.6525,14.4624,1,9.3952,1,0.9144,0,
gainesville:50,gainesville,gsv,4,6.7578,8.1433,1,14.9861,1,0.9528,0,
gainesville:51,gainesville,gsv,4,8.154,11.5829,1,6.7403,1,0.9117,0,
gainesville:52,gainesville,gsv,4,8.2185,14.23,2,11.9214,1,0.906,0,
gainesville:53,gainesville,gsv,4,5.7724,12.1388,2,9.625,1,0.9254,0,
gainesville:54,gainesville,gsv,5,7.4864,12.983,2,9.6256,1,0.9487,0,
gainesville:55,gainesville,gsv,4,4.3635,12.4532,2,14.9857,1,0.8718,0,
gainesville:56,gainesville,gsv,4,7.0136,13.8364,3,9.6251,1,0.6503,0,
gainesville:57,gainesville,gsv,4,9.0456,10.7399,2,14.985,1,0.8117,0,
gainesville:58,gainesville,gsv,4,4.1014,9.4442,2,11.5784,1,0.8269,0,
gainesville:59,gainesville,gsv,4,4.9033,10.3944,2,11.9209,1,0.5149,1,
gainesville:60,gainesville,gsv,3,5.6718,12.0591,1,14.9851,1,0.5265,1,
gainesville:61,gainesville,gsv,4,3.3085,15.2278,1,11.0705,0,0.2867,1,sub_threshold_only
gainesville:62,gainesville,gsv,5,4.8657,12.6406,2,22.2001,1,0.9239,0,
gainesville:63,gainesville,gsv,4,3.5652,12.9683,3,15.5502,1,0.875,0,
gainesville:64,gainesville,gsv,4,0.6317,7.7441,2,15.55,1,0.5975,0,
gainesville:65,gainesville,gsv,4,9.1321,11.6552,2,21.0811,1,0.8817,0,
gainesville:66,gainesville,gsv,4,8.7248,10.8526,1,3.3521,0,0.7863,0,
gainesville:67,gainesville,gsv,2,8.3803,12.9342,1,10.7026,0,0.8091,0,
gainesville:68,gainesville,gsv,4,7.9103,14.4075,1,9.667,0,,1,association_placement
gainesville:69,gainesville,gsv,3,8.1326,9.3054,2,11.8995,0,0.9477,0,
gainesville:70,gainesville,gsv,5,3.5216,13.7589,1,11.5783,1,0.849,0,
gainesville:71,gainesville,gsv,5,11.6151,14.3457,2,22.1994,1,,1,
gainesville:72,gainesville,gsv,5,6.2342,12.1003,2,11.9184,1,0.3655,1,
gainesville:73,gainesville,gsv,5,4.4358,14.3295,1,14.9854,1,0.187,1,
gainesville:74,gainesville,gsv,4,4.3106,10.6372,1,9.6255,1,0.9182,0,
gainesville:75,gainesville,gsv,5,8.0547,10.7022,1,22.203,1,0.9563,0,
gainesville:76,gainesville,gsv,5,4.703,14.6527,1,15.8688,0,0.475,1,sub_threshold_only
gainesville:78,gainesville,gsv,2,16.1466,16.443,1,21.0787,1,0.8372,0,
gainesville:79,gainesville,gsv,3,8.8228,11.7982,1,11.9199,1,0.9128,0,
gainesville:80,gainesville,gsv,4,6.3943,12.1304,2,11.5783,1,0.8303,0,
gainesville:81,gainesville,gsv,5,6.7273,9.2832,2,24.3529,0,0.8366,0,
gainesville:82,gainesville,gsv,5,5.3697,6.9409,2,15.5502,1,0.7998,0,
gainesville:83,gainesville,gsv,4,8.9076,10.9375,2,11.5791,1,0.8216,0,
gainesville:84,gainesville,gsv,6,8.031,14.5518,2,15.5508,1,0.6106,0,
gainesville:86,gainesville,gsv,5,3.5001,10.3065,3,9.3957,1,0.7087,0,
gainesville:87,gainesville,gsv,6,0.4051,11.786,3,22.2007,1,0.927,0,
gainesville:88,gainesville,gsv,7,4.116,11.0942,3,22.1214,0,0.304,1,association_placement
gainesville:89,gainesville,gsv,3,7.2563,15.6381,1,7.8703,1,0.9387,0,
gainesville:90,gainesville,gsv,3,7.4991,15.3287,1,7.8702,1,0.8928,0,
gainesville:91,gainesville,gsv,7,4.7816,13.8996,1,9.6255,1,0.1449,1,
gainesville:92,gainesville,gsv,4,4.1221,9.2189,2,11.5796,1,0.8819,0,
gainesville:93,gainesville,gsv,5,4.2062,12.2875,2,9.6258,1,0.8946,0,
gainesville:94,gainesville,gsv,5,8.5657,12.7805,2,22.2011,1,0.9543,0,
gainesville:95,gainesville,gsv,4,3.7288,10.5026,2,11.9209,1,0.9304,0,
gainesville:96,gainesville,gsv,5,7.5744,11.1118,1,21.0803,1,0.728,0,
gainesville:97,gainesville,gsv,7,5.9909,13.8956,2,14.9846,1,0.8761,0,
gainesville:98,gainesville,gsv,4,5.0663,12.1533,1,14.9946,0,0.7539,0,
gainesville:99,gainesville,gsv,5,4.0245,8.4078,1,11.9205,1,0.5079,1,
gainesville:100,gainesville,gsv,3,8.627,11.1766,1,14.9398,0,0.2701,1,association_placement
gainesville:101,gainesville,gsv,2,4.9189,8.141,1,11.9201,1,0.7151,0,
gainesville:102,gainesville,gsv,2,9.4064,11.1343,1,15.3183,0,0.4204,1,sub_threshold_only
gainesville:103,gainesville,gsv,4,7.4283,11.847,3,8.5091,0,0.9357,0,
gainesville:104,gainesville,gsv,5,6.0662,12.7792,3,15.5502,1,0.868,0,
gainesville:105,gainesville,gsv,6,6.7601,13.8073,3,18.8914,0,0.8902,0,
gainesville:106,gainesville,gsv,8,8.0329,13.4535,2,21.0802,1,,1,
gainesville:107,gainesville,gsv,4,8.7117,15.2586,2,12.0254,0,0.9443,0,
gainesville:108,gainesville,gsv,4,6.5297,9.9194,1,15.5499,1,0.9314,0,
gainesville:109,gainesville,gsv,4,9.1421,12.106,1,6.8654,1,0.9298,0,
gainesville:110,gainesville,gsv,5,3.9235,12.2759,1,11.9192,1,0.7959,0,
gainesville:111,gainesville,gsv,4,9.8939,12.3126,1,6.7393,1,0.1494,1,
gainesville:112,gainesville,gsv,3,8.1204,10.6625,1,22.1991,1,,1,
gainesville:113,gainesville,gsv,4,6.733,9.4973,1,14.889,0,0.9359,0,
gainesville:114,gainesville,gsv,4,4.758,10.6449,1,9.3962,1,0.7537,0,
gainesville:115,gainesville,gsv,3,9.8498,14.3291,1,6.7409,1,0.6819,0,
gainesville:116,gainesville,gsv,2,9.0976,10.8419,2,21.0817,1,0.8484,0,
gainesville:117,gainesville,gsv,3,8.4196,9.879,2,6.8658,1,0.7353,0,
gainesville:118,gainesville,gsv,3,8.6229,17.4253,2,5.1655,1,0.5626,0,
gainesville:119,gainesville,gsv,2,15.1198,15.5297,1,9.3952,1,0.3541,1,
gainesville:121,gainesville,gsv,3,4.1896,11.9492,1,14.9818,1,,1,
gainesville:122,gainesville,gsv,5,6.561,12.6293,1,14.984,1,0.7943,0,
gainesville:123,gainesville,gsv,3,11.6258,13.3803,1,21.0802,1,0.8946,0,
gainesville:124,gainesville,gsv,2,12.6772,15.2554,1,14.9842,1,0.8897,0,
gainesville:125,gainesville,gsv,4,7.4135,9.7047,1,5.8662,1,0.9181,0,
gainesville:126,gainesville,gsv,4,7.592,11.6409,1,10.3257,0,0.638,0,
gainesville:127,gainesville,gsv,5,9.4866,12.6085,1,19.7178,0,0.8103,0,
gainesville:128,gainesville,gsv,7,8.3669,12.4134,2,14.9833,1,0.9114,0,
gainesville:129,gainesville,gsv,5,8.1045,13.094,1,22.2003,1,0.8727,0,
gainesville:130,gainesville,gsv,2,5.4252,10.6845,1,7.8708,1,,1,
gainesville:131,gainesville,gsv,3,6.9134,11.2706,1,5.9644,1,0.6046,0,
gainesville:132,gainesville,gsv,5,5.3145,14.6185,3,21.0808,1,0.6731,0,
gainesville:133,gainesville,gsv,6,4.9047,12.6196,3,24.5375,0,0.7214,0,
gainesville:134,gainesville,gsv,2,12.0283,13.0559,1,9.3957,1,0.8549,0,
gainesville:135,gainesville,gsv,2,9.249,10.8958,1,2.2719,0,0.7721,0,
gainesville:136,gainesville,gsv,2,8.9991,11.8748,1,6.8656,1,0.841,0,
gainesville:137,gainesville,gsv,2,6.6589,8.1758,1,14.9857,1,0.6999,0,
gainesville:138,gainesville,gsv,5,12.0775,14.8442,1,14.9842,1,0.9312,0,
gainesville:139,gainesville,gsv,6,4.797,15.0035,2,14.9852,1,0.8951,0,
gainesville:140,gainesville,gsv,3,10.5011,13.5289,1,7.5998,0,0.7247,0,
gainesville:141,gainesville,gsv,4,12.8194,15.0746,2,14.9861,1,0.9281,0,
gainesville:142,gainesville,gsv,5,8.977,15.4145,2,15.8657,0,0.7539,0,
gainesville:143,gainesville,gsv,5,8.0495,11.135,3,4.7619,0,0.8989,0,
gainesville:144,gainesville,gsv,8,3.3864,12.8409,3,10.4987,0,0.9357,0,
gainesville:145,gainesville,gsv,7,7.8721,11.77,2,23.6361,0,0.1625,1,association_placement
gainesville:146,gainesville,gsv,5,5.0058,11.6107,3,14.984,1,0.9486,0,
gainesville:147,gainesville,gsv,2,9.2867,11.6048,1,15.5498,1,0.9057,0,
gainesville:148,gainesville,gsv,3,9.2657,13.2431,3,14.3333,0,0.7532,0,
gainesville:149,gainesville,gsv,7,3.8113,14.0214,3,14.9839,1,0.737,0,
gainesville:150,gainesville,gsv,7,2.8501,12.0114,3,21.0802,1,,1,self_detected_site_displaced
gainesville:151,gainesville,gsv,6,7.2858,12.3832,2,15.7785,0,0.8612,0,
gainesville:152,gainesville,gsv,5,8.8991,15.9854,1,8.3531,0,0.4917,1,sub_threshold_only
gainesville:153,gainesville,gsv,5,5.7144,13.3106,2,7.8703,1,0.8613,0,
gainesville:154,gainesville,gsv,4,5.6603,11.0591,1,11.5778,1,0.7497,0,
gainesville:155,gainesville,gsv,4,5.4406,9.2806,1,18.0471,0,0.7872,0,
gainesville:156,gainesville,gsv,2,11.6809,13.7402,1,14.9846,1,0.762,0,
gainesville:157,gainesville,gsv,3,15.5209,16.6792,1,9.4846,0,0.4986,1,sub_threshold_only
gainesville:158,gainesville,gsv,4,6.0267,9.71,1,15.5501,1,0.8762,0,
gainesville:159,gainesville,gsv,5,4.7386,12.4822,1,6.8666,1,0.9374,0,
gainesville:160,gainesville,gsv,5,2.3896,10.5307,1,22.2008,1,0.9408,0,
gainesville:161,gainesville,gsv,5,0.4015,9.7376,1,18.6003,0,0.9415,0,association_placement
gainesville:162,gainesville,gsv,6,4.6668,13.4868,1,22.0132,0,0.7858,0,
gainesville:163,gainesville,gsv,4,7.6416,13.1052,1,11.5783,1,0.8556,0,
gainesville:164,gainesville,gsv,4,6.7672,10.9689,2,15.5501,1,0.8481,0,
gainesville:165,gainesville,gsv,4,7.5383,12.0453,2,9.6255,1,0.942,0,
gainesville:166,gainesville,gsv,6,7.5969,14.9693,2,8.0362,1,0.7609,0,
gainesville:167,gainesville,gsv,5,5.2507,9.5116,1,11.9207,1,0.1553,1,
gainesville:168,gainesville,gsv,5,7.2867,10.4111,1,14.9844,1,0.8385,0,
gainesville:169,gainesville,gsv,6,5.0528,13.1439,1,22.3349,0,0.7768,0,
gainesville:170,gainesville,gsv,5,7.5114,12.2784,1,23.0622,0,0.8618,0,
gainesville:171,gainesville,gsv,6,4.1104,13.7711,2,22.2026,1,0.1438,1,
gainesville:172,gainesville,gsv,7,2.4581,11.9137,3,21.0887,0,0.9812,0,
gainesville:173,gainesville,gsv,7,6.7222,13.1415,3,24.2829,0,0.9131,0,
gainesville:176,gainesville,gsv,3,7.3884,8.7893,1,14.9842,1,0.5876,0,
gainesville:177,gainesville,gsv,2,13.9903,14.8101,1,6.8655,1,0.8564,0,
gainesville:178,gainesville,gsv,3,10.9369,11.3886,1,23.8449,0,0.9637,0,
gainesville:179,gainesville,gsv,3,4.8905,9.8505,1,9.6252,1,0.6452,0,
gainesville:180,gainesville,gsv,4,4.5847,11.198,1,8.5824,0,0.8859,0,
gainesville:181,gainesville,gsv,6,4.19,13.4112,3,7.8711,1,0.8874,0,
gainesville:182,gainesville,gsv,5,9.1473,13.1281,1,21.0807,1,0.847,0,
gainesville:183,gainesville,gsv,5,4.9695,14.7178,3,9.6251,1,0.4561,1,
gainesville:184,gainesville,gsv,5,5.8464,13.2197,2,5.2458,1,0.9025,0,
gainesville:185,gainesville,gsv,5,6.1505,11.2428,2,22.2008,1,0.7625,0,
gainesville:186,gainesville,gsv,4,4.8225,12.006,1,22.2008,1,,1,
gainesville:187,gainesville,gsv,4,7.5005,9.8782,2,17.5692,0,0.9064,0,
gainesville:188,gainesville,gsv,4,6.0658,11.3658,2,24.8949,0,,1,sub_threshold_only
gainesville:189,gainesville,gsv,4,4.5767,13.3151,1,11.9193,1,0.9328,0,
gainesville:190,gainesville,gsv,2,13.8178,14.0348,1,22.2008,1,,1,
gainesville:191,gainesville,gsv,4,7.3448,11.2546,2,3.4596,0,0.4152,1,sub_threshold_only
gainesville:192,gainesville,gsv,4,6.6591,11.0128,1,15.5514,1,0.8614,0,
gainesville:193,gainesville,gsv,4,10.7409,14.1748,1,21.0817,1,,1,
gainesville:194,gainesville,gsv,5,7.0245,12.0497,1,15.5519,1,0.9405,0,
gainesville:195,gainesville,gsv,4,4.0791,10.696,1,8.0356,1,0.9005,0,
gainesville:196,gainesville,gsv,5,6.2865,11.8523,1,14.986,1,0.8547,0,
gainesville:197,gainesville,gsv,4,8.6281,10.2398,1,5.9642,1,0.8317,0,
gainesville:198,gainesville,gsv,4,8.5235,9.3161,1,5.8657,1,0.9431,0,
gainesville:199,gainesville,gsv,4,4.3327,10.9621,1,9.6246,1,0.8498,0,
gainesville:200,gainesville,gsv,5,2.4843,12.1599,1,6.7402,1,0.3233,1,
gainesville:201,gainesville,gsv,5,6.019,11.5837,1,11.5797,1,0.9402,0,
gainesville:202,gainesville,gsv,5,5.6495,10.9862,1,11.9213,1,0.8553,0,
gainesville:203,gainesville,gsv,6,2.4442,13.8412,1,9.6246,1,0.818,0,
gainesville:204,gainesville,gsv,4,3.9605,11.2427,2,11.9205,1,0.8352,0,
gainesville:205,gainesville,gsv,5,5.2897,11.4753,2,18.8658,0,0.2154,1,sub_threshold_only
gainesville:206,gainesville,gsv,2,11.8696,12.386,1,20.2314,0,0.8271,0,
gainesville:208,gainesville,gsv,4,9.127,11.148,1,21.0818,1,,1,
gainesville:209,gainesville,gsv,3,8.4567,11.9719,1,21.0811,1,,1,
gainesville:210,gainesville,gsv,4,3.0596,6.9041,2,14.9863,1,0.154,1,
gainesville:211,gainesville,gsv,4,4.0708,10.8719,2,14.9853,1,0.6435,0,
gainesville:212,gainesville,gsv,4,8.2701,11.5671,2,3.79,0,0.878,0,
gainesville:213,gainesville,gsv,3,5.729,6.3866,1,22.2,1,,1,
gainesville:214,gainesville,gsv,8,4.9401,13.8212,2,22.2018,1,0.2292,1,
gainesville:215,gainesville,gsv,4,8.9883,12.7452,2,5.9643,1,0.801,0,
gainesville:216,gainesville,gsv,4,4.3454,11.5086,3,7.4131,0,0.9517,0,
gainesville:217,gainesville,gsv,4,5.4114,11.302,2,11.9209,1,0.7908,0,
gainesville:218,gainesville,gsv,4,7.3153,12.4123,2,8.0364,1,0.8849,0,
paterson:0,paterson,gsv,5,4.881,14.0744,2,9.6248,1,0.8788,0,
paterson:1,paterson,gsv,4,5.8536,9.5144,3,11.5808,1,0.8738,0,
paterson:2,paterson,gsv,6,7.9666,11.6716,3,22.2049,1,0.9596,0,
paterson:3,paterson,gsv,5,7.7152,12.7868,3,9.1198,0,0.9377,0,association_placement
paterson:4,paterson,gsv,5,3.2838,12.0835,2,11.8332,0,0.9173,0,association_placement
paterson:5,paterson,gsv,5,7.9902,10.5062,1,14.9863,1,0.9282,0,
paterson:6,paterson,gsv,6,7.512,14.6252,3,9.6249,1,0.902,0,
paterson:7,paterson,gsv,5,6.199,11.2969,2,11.9215,1,0.9655,0,
paterson:8,paterson,gsv,6,8.0112,14.2053,3,7.8709,1,0.849,0,
paterson:9,paterson,gsv,5,6.1489,12.9381,3,9.6247,1,0.613,0,
paterson:10,paterson,gsv,6,8.1762,12.6666,2,14.9859,1,0.9587,0,
paterson:11,paterson,gsv,6,6.4779,15.0801,3,7.8712,1,0.9319,0,
paterson:12,paterson,gsv,5,5.8672,9.1786,2,11.9215,1,,1,
paterson:13,paterson,gsv,4,6.3403,9.5785,2,14.9843,1,0.9039,0,
paterson:14,paterson,gsv,4,10.6305,13.7281,3,9.6257,1,0.9287,0,
paterson:15,paterson,gsv,3,6.2808,8.2017,1,14.9851,1,0.9654,0,
paterson:16,paterson,gsv,4,6.6432,9.6108,1,14.9842,1,0.9292,0,
paterson:17,paterson,gsv,3,6.1324,7.9472,1,12.1972,0,0.941,0,
paterson:18,paterson,gsv,4,4.587,11.2294,1,11.7483,0,0.8749,0,
paterson:19,paterson,gsv,2,9.9383,10.4258,2,5.9649,1,0.9631,0,
paterson:20,paterson,gsv,4,6.8119,12.142,1,6.865,1,0.8184,0,
paterson:21,paterson,gsv,4,4.7022,11.1264,2,14.9842,1,0.6947,0,
paterson:22,paterson,gsv,4,6.9012,12.1713,1,11.8569,0,0.7884,0,
paterson:23,paterson,gsv,4,5.2703,11.203,1,9.5328,0,0.6949,0,
paterson:24,paterson,gsv,4,10.532,11.636,1,21.0833,1,,1,self_detected_site_displaced
paterson:25,paterson,gsv,6,7.1227,15.0197,3,8.0355,1,,1,
paterson:26,paterson,gsv,6,8.6363,14.3803,3,6.8654,1,0.9258,0,
paterson:27,paterson,gsv,6,5.25,15.5477,3,11.9203,1,0.8746,0,
paterson:28,paterson,gsv,6,6.287,15.5815,3,11.9202,1,0.8758,0,
paterson:29,paterson,gsv,5,10.0495,12.0097,1,20.3852,0,,1,
paterson:30,paterson,gsv,3,8.8714,12.7119,1,11.577,1,0.8815,0,
paterson:31,paterson,gsv,4,9.0665,13.6225,1,9.3938,1,0.8171,0,
paterson:32,paterson,gsv,3,7.2915,11.7119,1,14.0723,0,,1,association_placement
paterson:33,paterson,gsv,3,7.1146,11.3798,1,11.9921,0,,1,never_fired
paterson:34,paterson,gsv,4,5.8486,12.6756,1,15.5494,1,0.9288,0,
paterson:35,paterson,gsv,5,8.1538,12.6445,1,15.5492,1,0.8249,0,
paterson:36,paterson,gsv,4,6.376,12.8854,1,17.3858,0,0.8026,0,association_placement
paterson:37,paterson,gsv,4,3.414,12.1691,1,3.7081,0,0.8746,0,
paterson:38,paterson,gsv,3,5.8505,11.0035,1,8.0356,1,0.9781,0,
paterson:39,paterson,gsv,2,6.1741,10.0848,1,11.9209,1,0.8656,0,
paterson:40,paterson,gsv,2,5.3703,9.9339,1,13.9301,0,0.8351,0,
paterson:41,paterson,gsv,3,4.1306,9.2711,1,10.2389,0,0.8894,0,
paterson:42,paterson,gsv,5,6.1579,10.1458,1,5.964,1,0.9165,0,
paterson:43,paterson,gsv,4,6.4032,11.2978,1,22.2007,1,,1,
paterson:44,paterson,gsv,5,5.6694,12.4283,1,6.7411,1,0.4961,1,self_detected_site_displaced
paterson:45,paterson,gsv,4,5.4694,11.3566,1,5.3,0,0.8378,0,
paterson:46,paterson,gsv,4,7.2624,8.9998,2,22.2007,1,0.9166,0,
paterson:47,paterson,gsv,4,7.0136,10.3843,2,15.5516,1,1.0053,0,
paterson:48,paterson,gsv,4,4.6284,9.3503,1,11.5781,1,0.922,0,
paterson:49,paterson,gsv,4,6.9391,13.0213,3,21.0777,1,0.9633,0,
paterson:50,paterson,gsv,3,3.2846,8.4419,2,14.9798,1,0.8971,0,
paterson:51,paterson,gsv,3,11.774,12.255,2,5.964,1,0.9622,0,
paterson:52,paterson,gsv,3,8.8057,11.4216,2,5.9624,1,0.6694,0,
paterson:53,paterson,gsv,3,8.0854,10.6339,2,7.3809,0,0.9171,0,
paterson:54,paterson,gsv,4,4.2866,8.8766,2,16.2191,0,0.9347,0,
paterson:55,paterson,gsv,5,6.1009,11.9001,2,14.9817,1,0.948,0,
paterson:56,paterson,gsv,5,9.7738,11.8851,3,7.8699,1,0.9215,0,
paterson:57,paterson,gsv,3,9.002,11.357,1,14.9837,1,0.9434,0,
paterson:58,paterson,gsv,5,5.252,10.0736,2,15.5474,1,0.9139,0,
paterson:59,paterson,gsv,3,9.1168,13.9259,2,12.0875,0,0.822,0,
paterson:60,paterson,gsv,4,9.4261,12.1034,2,6.8654,1,0.8859,0,
paterson:61,paterson,gsv,5,7.8463,9.3033,2,15.5514,1,0.96,0,
paterson:62,paterson,gsv,4,7.5529,11.743,2,8.0355,1,0.9183,0,
paterson:63,paterson,gsv,4,9.3708,14.0398,2,21.0813,1,0.2932,1,
paterson:64,paterson,gsv,5,8.4398,13.3885,2,6.8654,1,0.9504,0,
paterson:65,paterson,gsv,4,4.4474,9.2615,2,15.5512,1,0.9943,0,
paterson:66,paterson,gsv,2,8.6215,9.0018,1,14.9842,1,0.8309,0,
paterson:67,paterson,gsv,4,1.4587,12.5179,2,21.0815,1,0.936,0,
paterson:68,paterson,gsv,4,3.8276,9.6286,2,11.9202,1,0.8941,0,
paterson:69,paterson,gsv,5,7.3691,8.2267,2,11.5784,1,0.9179,0,
paterson:70,paterson,gsv,2,13.5394,14.7317,2,11.92,1,0.9092,0,
paterson:71,paterson,gsv,5,5.4025,10.4287,2,6.8655,1,0.7892,0,
paterson:72,paterson,gsv,6,6.1151,12.2112,2,6.7404,1,0.9627,0,
paterson:73,paterson,gsv,4,10.2399,10.588,2,22.2008,1,0.8813,0,
paterson:74,paterson,gsv,3,9.6893,13.8032,1,9.6248,1,0.9183,0,
paterson:75,paterson,gsv,5,8.82,14.1805,2,7.8705,1,1.0186,0,
paterson:76,paterson,gsv,3,8.2868,10.9577,1,11.9203,1,0.8815,0,
paterson:77,paterson,gsv,4,10.7892,13.6707,2,5.1655,1,0.999,0,
paterson:78,paterson,gsv,5,8.2661,11.5065,2,21.7456,0,0.9956,0,
paterson:79,paterson,gsv,6,4.2482,13.6442,2,22.2052,1,0.9381,0,
paterson:80,paterson,gsv,4,8.501,10.9226,2,11.9203,1,1.0122,0,
paterson:81,paterson,gsv,5,3.6065,12.6266,2,21.0821,1,0.9638,0,
paterson:82,paterson,gsv,5,5.3984,10.3619,2,22.2029,1,0.9192,0,
paterson:83,paterson,gsv,2,9.8455,10.6546,2,21.0831,1,,1,
paterson:85,paterson,gsv,4,10.1299,13.3238,2,8.0358,1,0.8058,0,
paterson:86,paterson,gsv,4,10.429,13.5392,2,11.9201,1,0.9502,0,
paterson:87,paterson,gsv,5,5.5286,9.9251,2,15.5486,1,0.9746,0,
paterson:88,paterson,gsv,5,8.1074,11.4232,2,22.2011,1,0.9576,0,
paterson:89,paterson,gsv,4,7.6171,11.3876,2,21.082,1,,1,
paterson:90,paterson,gsv,4,4.9156,12.3977,2,15.5502,1,0.9878,0,
paterson:91,paterson,gsv,6,5.4454,11.7447,3,21.0803,1,0.9532,0,
paterson:92,paterson,gsv,3,10.9339,12.818,2,21.0789,1,0.9539,0,
paterson:93,paterson,gsv,3,8.4893,13.5746,2,9.6232,1,0.913,0,
paterson:94,paterson,gsv,2,9.4217,10.8732,1,21.0801,1,0.965,0,
paterson:95,paterson,gsv,2,9.4934,10.4179,1,11.9195,1,0.9062,0,
paterson:96,paterson,gsv,5,5.5963,12.5377,2,15.5493,1,0.9099,0,
paterson:97,paterson,gsv,5,8.5549,14.5156,3,15.5499,1,0.9383,0,
paterson:98,paterson,gsv,5,5.0854,9.6758,3,15.5502,1,0.9356,0,
paterson:99,paterson,gsv,7,3.1298,16.5871,5,22.2009,1,0.9445,0,
paterson:100,paterson,gsv,3,11.7144,12.4907,3,21.0793,1,0.9137,0,
paterson:101,paterson,gsv,2,9.5901,11.5158,2,5.1648,1,0.8941,0,
paterson:102,paterson,gsv,2,11.7828,11.7866,2,21.0774,1,0.8132,0,
paterson:103,paterson,gsv,2,10.274,10.8309,2,21.0776,1,0.9224,0,
paterson:104,paterson,gsv,4,6.4142,13.7968,4,9.395,1,0.8261,0,
paterson:105,paterson,gsv,2,9.3641,12.176,2,6.7395,1,0.8755,0,
paterson:106,paterson,gsv,3,9.2156,11.5544,3,6.74,1,0.976,0,
paterson:107,paterson,gsv,4,5.2107,10.4037,2,14.9838,1,0.9333,0,
paterson:108,paterson,gsv,4,11.386,13.109,4,20.6073,0,0.9478,0,
paterson:109,paterson,gsv,3,8.4683,11.249,2,11.9197,1,0.9442,0,
paterson:110,paterson,gsv,5,6.0371,13.2847,3,21.0755,1,1.0156,0,
paterson:111,paterson,gsv,3,7.0621,13.5985,2,9.6216,1,1.0017,0,
paterson:112,paterson,gsv,4,4.3875,10.7065,2,22.2006,1,0.9933,0,
paterson:113,paterson,gsv,3,6.7212,12.049,3,5.2452,1,0.8998,0,
paterson:114,paterson,gsv,3,7.3801,10.0021,2,14.9838,1,0.9548,0,
paterson:115,paterson,gsv,4,8.3177,10.9105,3,14.9849,1,0.9307,0,
paterson:116,paterson,gsv,4,4.6553,9.2881,2,11.9201,1,0.9446,0,
paterson:117,paterson,gsv,5,5.8523,12.3693,3,17.4294,0,0.8587,0,
paterson:118,paterson,gsv,4,2.326,9.8636,2,15.9083,0,0.3879,1,sub_threshold_only
paterson:119,paterson,gsv,6,3.0631,12.149,2,22.2005,1,0.9563,0,
paterson:120,paterson,gsv,4,8.1279,9.9566,2,11.5788,1,0.9017,0,
paterson:121,paterson,gsv,5,3.4269,8.1405,1,15.55,1,0.254,1,
paterson:122,paterson,gsv,8,3.425,10.7708,3,21.081,1,,1,
paterson:123,paterson,gsv,7,4.6635,14.9036,3,11.9202,1,0.9653,0,
paterson:124,paterson,gsv,6,1.8218,12.1542,3,15.8804,0,0.9452,0,
paterson:125,paterson,gsv,5,6.8593,9.0671,1,21.0791,1,0.8741,0,
paterson:126,paterson,gsv,3,7.3201,13.5815,1,21.0802,1,0.9172,0,
paterson:127,paterson,gsv,3,6.8947,10.7016,1,15.55,1,0.9505,0,
paterson:128,paterson,gsv,4,6.8162,11.1458,2,4.5896,1,0.9489,0,
paterson:129,paterson,gsv,4,7.2717,13.6451,2,8.0355,1,0.9212,0,
paterson:130,paterson,gsv,4,4.8006,11.8197,2,6.7402,1,0.9185,0,
paterson:131,paterson,gsv,3,7.8789,8.5484,1,10.7025,0,0.8457,0,
paterson:132,paterson,gsv,6,4.3635,12.2742,4,21.0757,1,0.9134,0,
paterson:133,paterson,gsv,6,7.1454,10.9391,3,21.0769,1,0.9025,0,
paterson:134,paterson,gsv,6,9.1007,11.8684,3,19.2061,0,0.9453,0,
paterson:135,paterson,gsv,4,4.277,13.7177,2,21.0802,1,0.9092,0,
paterson:136,paterson,gsv,4,4.634,9.9977,2,11.58,1,0.7708,0,
paterson:137,paterson,gsv,5,11.5081,11.9997,3,6.8656,1,0.9296,0,
paterson:138,paterson,gsv,5,6.0393,10.0828,3,14.9866,1,0.9048,0,
paterson:139,paterson,gsv,4,8.0687,10.8286,4,5.9644,1,0.9757,0,
paterson:140,paterson,gsv,4,9.8614,10.5056,4,4.5897,1,0.9258,0,
paterson:141,paterson,gsv,4,7.4614,8.0641,4,15.5552,1,0.9963,0,
paterson:142,paterson,gsv,5,4.6972,9.6952,3,15.553,1,0.9211,0,
paterson:143,paterson,gsv,5,9.5811,13.6798,3,8.2677,0,0.9433,0,
paterson:144,paterson,gsv,4,7.0632,8.8938,4,16.5592,0,0.9138,0,
paterson:145,paterson,gsv,5,6.1312,11.7344,2,22.2007,1,0.9563,0,
paterson:146,paterson,gsv,5,8.3934,15.0596,2,6.8668,1,0.9005,0,
paterson:147,paterson,gsv,5,7.7403,15.0458,2,5.8671,1,0.9267,0,
paterson:148,paterson,gsv,5,8.2765,12.7547,2,21.082,1,0.8926,0,
paterson:149,paterson,gsv,4,9.4643,12.0974,2,21.0806,1,0.8601,0,
paterson:150,paterson,gsv,5,8.992,12.4477,2,21.0803,1,0.9307,0,
paterson:151,paterson,gsv,4,5.4754,11.5103,2,9.6315,0,0.9018,0,
paterson:152,paterson,gsv,5,6.641,11.8528,2,20.651,0,0.9168,0,
paterson:153,paterson,gsv,4,4.6024,10.7847,2,9.0805,0,0.8914,0,
paterson:154,paterson,gsv,5,7.7545,12.7059,2,21.0803,1,0.8414,0,
paterson:155,paterson,gsv,5,7.3559,11.7804,2,21.0804,1,0.6698,0,
paterson:156,paterson,gsv,4,7.0525,12.1382,2,6.8656,1,0.9941,0,
paterson:157,paterson,gsv,4,6.1506,11.8273,2,7.8705,1,0.9423,0,
paterson:158,paterson,gsv,4,6.4023,11.4857,1,8.9112,0,0.7388,0,
paterson:159,paterson,gsv,5,7.9176,9.7306,2,19.134,0,0.9883,0,
paterson:160,paterson,gsv,5,5.2008,11.5587,2,8.7178,0,0.7498,0,
paterson:161,paterson,gsv,5,6.3771,12.9884,2,20.8719,0,0.9755,0,
paterson:162,paterson,gsv,4,7.8747,12.2675,1,11.9205,1,0.6792,0,
paterson:163,paterson,gsv,4,6.2051,12.248,2,5.8053,0,0.9543,0,
paterson:164,paterson,gsv,5,2.6613,13.1086,2,14.9847,1,0.9035,0,
paterson:165,paterson,gsv,5,3.5014,7.6862,1,14.9847,1,0.9227,0,
paterson:166,paterson,gsv,4,5.3194,9.9843,2,21.0803,1,,1,
paterson:167,paterson,gsv,3,8.4385,12.2087,2,11.5791,1,0.8983,0,
paterson:168,paterson,gsv,4,2.7196,8.9573,2,15.9439,0,0.956,0,
paterson:169,paterson,gsv,5,6.6602,11.4432,3,5.245,1,1.0122,0,
paterson:170,paterson,gsv,6,6.6541,13.1848,3,5.9638,1,0.9607,0,
paterson:171,paterson,gsv,5,6.4786,9.4386,3,14.9841,1,0.9397,0,
paterson:172,paterson,gsv,5,4.3366,8.8596,3,11.9199,1,0.8191,0,
paterson:173,paterson,gsv,5,7.4852,11.2631,2,11.5782,1,0.9128,0,
paterson:174,paterson,gsv,6,8.3763,15.6089,3,8.0342,1,0.8796,0,
paterson:175,paterson,gsv,4,6.3524,10.5993,1,12.4761,0,0.897,0,
paterson:176,paterson,gsv,4,7.5521,11.8933,2,10.9545,0,0.8598,0,
paterson:177,paterson,gsv,5,5.7715,15.2813,3,8.0356,1,0.6166,0,
paterson:178,paterson,gsv,5,6.6823,11.7546,4,21.0819,1,0.8936,0,
paterson:179,paterson,gsv,4,7.7863,11.7783,3,9.4064,0,0.9116,0,
paterson:180,paterson,gsv,4,8.1218,13.0465,2,6.9049,0,0.9245,0,association_placement
paterson:181,paterson,gsv,4,6.2548,12.9297,3,10.1383,0,0.8368,0,
paterson:182,paterson,gsv,4,10.6549,13.9925,1,11.9172,1,0.9198,0,
paterson:183,paterson,gsv,4,8.9175,12.9919,1,9.3926,1,0.9442,0,
paterson:184,paterson,gsv,5,9.7223,10.9719,1,22.2002,1,0.8941,0,
paterson:185,paterson,gsv,4,11.0884,11.8728,1,24.2957,0,0.7534,0,
paterson:186,paterson,gsv,5,8.3205,10.2835,1,20.5489,0,0.8841,0,
paterson:187,paterson,gsv,5,6.7514,11.1986,1,21.026,0,0.8601,0,
paterson:188,paterson,gsv,4,6.5904,11.507,2,22.2025,1,0.9479,0,
paterson:189,paterson,gsv,5,7.7973,11.0543,1,14.9864,1,1.0043,0,
paterson:190,paterson,gsv,5,1.3572,10.4553,4,21.0822,1,0.9342,0,
paterson:191,paterson,gsv,4,7.33,12.862,3,11.5784,1,0.9297,0,
paterson:192,paterson,gsv,3,4.0914,8.765,2,11.5796,1,0.9696,0,
paterson:193,paterson,gsv,5,4.9584,11.6612,4,21.0807,1,0.9402,0,
paterson:194,paterson,gsv,3,6.4776,13.0118,3,9.7738,0,,1,never_fired
paterson:195,paterson,gsv,5,4.8309,12.244,4,19.0567,0,,1,association_placement
paterson:196,paterson,gsv,3,3.2218,9.7591,2,10.2323,0,0.883,0,
paterson:197,paterson,gsv,5,2.1167,10.7984,4,21.5159,0,0.9472,0,
paterson:198,paterson,gsv,3,8.7869,9.6051,2,11.9199,1,1.0111,0,
paterson:199,paterson,gsv,3,4.8347,11.2113,3,11.5782,1,0.8916,0,
paterson:200,paterson,gsv,4,6.7622,12.4033,3,13.8468,0,0.8328,0,
paterson:201,paterson,gsv,6,8.3546,12.9109,3,11.9207,1,0.9437,0,
paterson:202,paterson,gsv,6,8.4189,12.2622,3,9.6251,1,1.0016,0,
paterson:203,paterson,gsv,5,3.8523,11.0505,2,5.8659,1,0.9681,0,
paterson:204,paterson,gsv,5,10.9766,14.5888,1,22.2008,1,0.8809,0,
paterson:205,paterson,gsv,5,4.7459,11.8209,2,4.7049,0,0.9149,0,
paterson:206,paterson,gsv,4,6.8435,10.9666,2,14.9842,1,0.9647,0,
paterson:207,paterson,gsv,4,9.4132,11.5311,2,15.5501,1,0.7318,0,
paterson:208,paterson,gsv,4,6.3032,14.0464,2,11.9201,1,0.9282,0,
paterson:209,paterson,gsv,3,8.2697,12.4078,2,12.5158,0,,1,association_placement
paterson:210,paterson,gsv,4,9.4723,12.1425,2,15.9437,0,0.9435,0,
paterson:211,paterson,gsv,5,2.4548,10.5922,3,8.0359,1,0.9057,0,
paterson:212,paterson,gsv,4,8.2772,12.7062,3,24.2206,0,0.8067,0,association_placement
paterson:213,paterson,gsv,4,9.9834,15.2998,2,9.6236,1,1.009,0,
paterson:214,paterson,gsv,4,9.3659,12.4615,2,4.6556,1,0.9743,0,
paterson:215,paterson,gsv,4,3.3063,14.6388,3,9.3954,1,0.9831,0,
paterson:216,paterson,gsv,7,2.7344,13.0864,3,14.9843,1,,1,self_detected_site_displaced
paterson:217,paterson,gsv,7,3.1878,13.5601,3,15.1851,0,,1,
paterson:218,paterson,gsv,7,4.7503,10.9101,4,16.5192,0,,1,
paterson:219,paterson,gsv,3,9.8199,13.4187,1,14.9838,1,,1,
paterson:220,paterson,gsv,4,8.7995,14.892,1,21.0802,1,0.9122,0,
paterson:221,paterson,gsv,5,5.4058,10.0439,3,6.8647,1,0.9593,0,
paterson:222,paterson,gsv,5,4.2243,10.0677,3,8.0348,1,0.9149,0,
paterson:223,paterson,gsv,4,3.5212,11.8359,2,5.8651,1,0.9324,0,
paterson:224,paterson,gsv,4,3.7116,12.3881,2,4.1055,1,0.8665,0,
paterson:225,paterson,gsv,6,0.9851,10.3519,2,21.0807,1,0.9465,0,
paterson:226,paterson,gsv,6,3.4023,13.2584,2,22.2014,1,0.9035,0,
paterson:227,paterson,gsv,6,1.1452,11.9378,4,21.0807,1,,1,
paterson:228,paterson,gsv,6,3.2288,11.8694,3,21.0806,1,,1,
paterson:229,paterson,gsv,5,5.5893,12.0339,3,15.7279,0,0.8765,0,
paterson:230,paterson,gsv,5,3.6725,11.5704,3,14.5801,0,0.9424,0,
paterson:231,paterson,gsv,3,5.3123,11.4534,2,11.9201,1,0.9668,0,
paterson:232,paterson,gsv,3,8.4188,11.9154,2,9.6246,1,0.9874,0,
paterson:233,paterson,gsv,6,0.4446,12.2268,4,22.1976,1,,1,
paterson:234,paterson,gsv,6,5.6796,13.274,3,21.08,1,,1,
paterson:235,paterson,gsv,6,5.6984,14.474,3,24.6426,0,,1,sub_threshold_only
paterson:236,paterson,gsv,6,4.0996,14.0804,3,11.5783,1,0.8282,0,
paterson:237,paterson,gsv,5,4.1858,7.8834,2,9.3952,1,0.9987,0,
paterson:238,paterson,gsv,6,8.8892,11.9986,2,22.2005,1,0.9912,0,
paterson:239,paterson,gsv,5,11.0657,11.2953,2,22.2005,1,0.8903,0,
paterson:240,paterson,gsv,5,11.7855,12.698,2,23.4449,0,0.8055,0,
paterson:241,paterson,gsv,5,2.4933,13.1213,3,12.3281,0,0.8178,0,
paterson:242,paterson,gsv,5,3.3893,10.2506,2,12.7288,0,,1,association_placement
paterson:243,paterson,gsv,3,6.9425,8.8012,2,15.8228,0,0.9005,0,
paterson:244,paterson,gsv,3,4.702,9.6856,1,5.9641,1,0.9,0,
paterson:245,paterson,gsv,4,9.0707,10.1817,2,11.5796,1,0.8554,0,
paterson:246,paterson,gsv,5,8.0261,15.761,2,9.6246,1,0.9368,0,
paterson:247,paterson,gsv,4,7.655,10.9609,2,11.5795,1,0.9579,0,
paterson:248,paterson,gsv,6,7.5723,11.3211,1,22.2051,1,0.9585,0,
paterson:249,paterson,gsv,5,10.6097,12.1658,1,21.0802,1,0.8358,0,
paterson:250,paterson,gsv,5,5.6718,12.5334,1,15.55,1,0.9413,0,
paterson:251,paterson,gsv,4,7.169,10.3482,2,8.0363,1,0.921,0,
paterson:252,paterson,gsv,5,7.4379,14.1156,2,6.7403,1,0.9583,0,
paterson:253,paterson,gsv,4,8.5529,13.4297,1,21.0839,1,0.9138,0,
paterson:254,paterson,gsv,2,9.7544,13.5326,2,18.8263,1,0.9445,0,
paterson:255,paterson,gsv,5,3.7225,11.5656,2,5.9651,1,0.8796,0,
paterson:256,paterson,gsv,5,4.4329,12.0453,2,5.9646,1,0.9137,0,
paterson:257,paterson,gsv,5,5.6403,11.6668,1,11.9226,1,0.9349,0,
paterson:258,paterson,gsv,5,5.7208,11.8966,2,5.1661,1,0.9523,0,
paterson:259,paterson,gsv,5,4.6665,9.5399,1,11.5784,1,0.9168,0,
paterson:260,paterson,gsv,5,5.603,10.8254,1,11.9223,1,0.6768,0,
paterson:261,paterson,gsv,5,5.0858,10.9724,2,4.6566,1,0.8644,0,
paterson:262,paterson,gsv,5,5.5848,11.5874,1,11.737,0,0.8789,0,
paterson:263,paterson,gsv,5,9.7543,14.4986,2,9.3953,1,0.8801,0,
paterson:264,paterson,gsv,5,1.1953,7.4655,3,14.9866,1,,1,self_detected_site_displaced
paterson:265,paterson,gsv,6,3.888,12.2729,3,14.9847,1,0.6807,0,
paterson:266,paterson,gsv,5,9.6717,14.1199,3,5.9652,1,0.9277,0,
paterson:267,paterson,gsv,5,2.1412,9.26,3,15.9113,0,0.9288,0,
paterson:268,paterson,gsv,5,7.3239,12.7981,3,8.2765,0,0.9746,0,
paterson:269,paterson,gsv,3,8.5713,13.3402,2,22.1964,1,0.9294,0,
paterson:270,paterson,gsv,3,7.3026,13.7409,2,22.0358,0,1.004,0,
paterson:271,paterson,gsv,2,6.1924,11.0061,1,20.2815,0,0.9147,0,
paterson:272,paterson,gsv,3,7.5295,11.0836,2,8.0355,1,0.949,0,
paterson:273,paterson,gsv,4,8.9431,11.9693,2,5.2462,1,0.9257,0,
paterson:274,paterson,gsv,4,8.775,12.0223,3,14.9884,1,0.9058,0,
paterson:275,paterson,gsv,3,8.1242,10.6646,2,14.9889,1,0.9182,0,
paterson:276,paterson,gsv,5,6.1578,14.5986,4,8.0356,1,0.8855,0,
paterson:277,paterson,gsv,4,6.6637,12.4308,2,5.9643,1,0.9155,0,
paterson:278,paterson,gsv,4,6.5433,10.5805,2,14.9862,1,0.5998,0,
paterson:279,paterson,gsv,4,4.3077,9.4172,2,11.9228,1,0.907,0,
paterson:280,paterson,gsv,4,5.4091,9.3495,2,11.9224,1,0.9951,0,
paterson:281,paterson,gsv,4,6.8433,8.7475,2,22.1989,1,0.8764,0,
paterson:282,paterson,gsv,4,4.6394,10.2383,2,24.3305,0,0.7445,0,
paterson:283,paterson,gsv,5,6.6279,10.1138,2,9.6245,1,0.9717,0,
paterson:284,paterson,gsv,4,8.5943,10.5852,2,15.5451,1,0.9811,0,
paterson:285,paterson,gsv,2,13.0797,15.3662,1,11.5783,1,0.7027,0,
paterson:286,paterson,gsv,2,8.8313,10.2973,1,14.9841,1,0.848,0,
paterson:287,paterson,gsv,2,11.3494,11.9265,1,8.0355,1,0.5555,0,
paterson:288,paterson,gsv,3,6.5367,14.1396,1,9.6244,1,0.8476,0,
paterson:289,paterson,gsv,5,3.9102,11.4996,2,22.198,1,0.835,0,
paterson:290,paterson,gsv,5,7.8627,11.8702,3,3.015,1,0.9247,0,
paterson:291,paterson,gsv,8,3.98,11.8604,4,11.9211,1,0.9356,0,
paterson:292,paterson,gsv,7,6.2704,9.9001,4,5.9647,1,0.8545,0,
paterson:293,paterson,gsv,8,4.2689,10.083,4,19.7494,0,0.9393,0,
paterson:294,paterson,gsv,6,4.4652,9.7602,3,15.5515,1,0.9674,0,
paterson:295,paterson,gsv,6,4.3962,9.9882,3,17.2263,0,,1,
paterson:296,paterson,gsv,4,6.6798,9.5128,1,14.9843,1,0.8537,0,
paterson:297,paterson,gsv,4,5.2644,9.3224,1,14.9842,1,0.8753,0,
paterson:298,paterson,gsv,6,6.3144,14.6426,3,6.8657,1,0.8675,0,
paterson:299,paterson,gsv,5,8.7198,13.9963,2,4.5898,1,0.9497,0,
paterson:300,paterson,gsv,5,7.2659,13.2873,2,5.1656,1,0.8699,0,
paterson:301,paterson,gsv,5,7.5122,14.0799,2,11.9202,1,0.916,0,
paterson:302,paterson,gsv,6,4.8669,13.449,3,7.8707,1,0.8885,0,
paterson:303,paterson,gsv,5,6.7731,13.7671,2,12.5451,0,0.8827,0,
richmond:0,richmond,mapillary,5,9.6306,13.5919,2,9.6244,1,0.9292,0,
richmond:1,richmond,mapillary,2,3.101,8.2859,1,15.5502,1,,1,
richmond:2,richmond,mapillary,2,14.726,15.6682,1,5.8498,0,0.7616,0,
richmond:3,richmond,mapillary,2,16.0861,16.983,1,8.752,0,,1,sub_threshold_only
richmond:4,richmond,mapillary,2,9.1143,11.3207,1,19.6291,0,,1,sub_threshold_only
richmond:5,richmond,mapillary,9,7.2095,13.2393,2,11.579,1,0.9791,0,
richmond:6,richmond,mapillary,13,4.6612,13.7404,2,14.9842,1,0.9985,0,
richmond:7,richmond,mapillary,11,4.9108,11.1944,2,5.9642,1,0.9877,0,
richmond:8,richmond,mapillary,6,10.9098,14.9469,2,14.9842,1,0.88,0,
richmond:9,richmond,mapillary,7,5.7126,10.5181,2,11.92,1,0.8428,0,
richmond:10,richmond,mapillary,7,9.5302,13.3884,2,8.0355,1,0.9288,0,
richmond:11,richmond,mapillary,6,10.1617,12.918,2,15.55,1,0.9515,0,
richmond:12,richmond,mapillary,15,2.9995,10.9918,2,8.0355,1,0.974,0,
richmond:13,richmond,mapillary,13,5.7606,11.2414,2,7.8704,1,0.9825,0,
richmond:14,richmond,mapillary,13,5.4437,11.6184,2,21.0803,1,0.8737,0,
richmond:15,richmond,mapillary,10,10.6842,13.699,3,21.0802,1,0.1417,1,self_detected_site_displaced
richmond:16,richmond,mapillary,13,5.3424,9.9152,3,11.9191,1,0.9039,0,
richmond:17,richmond,mapillary,13,6.3122,11.7099,3,9.3946,1,0.9581,0,
richmond:18,richmond,mapillary,9,6.5093,9.1448,1,9.3946,1,0.9031,0,
richmond:19,richmond,mapillary,5,11.3061,14.6094,1,15.5499,1,0.9361,0,
richmond:20,richmond,mapillary,11,4.6686,10.1319,1,21.0787,1,0.1021,1,
richmond:21,richmond,mapillary,6,4.1004,7.8092,2,9.6241,1,0.9671,0,
richmond:22,richmond,mapillary,8,5.3624,10.3328,2,6.7401,1,0.9152,0,
richmond:23,richmond,mapillary,15,2.4355,10.7428,2,17.9024,1,0.9623,0,
richmond:24,richmond,mapillary,11,7.477,13.8841,2,22.2001,1,0.848,0,
richmond:25,richmond,mapillary,14,6.2805,12.189,2,5.8653,1,0.922,0,
richmond:26,richmond,mapillary,17,5.6386,11.068,3,11.9199,1,0.8802,0,
richmond:27,richmond,mapillary,18,3.1447,10.3375,3,8.7518,0,0.9199,0,
richmond:28,richmond,mapillary,13,2.6478,11.4652,3,9.3955,1,0.9908,0,
richmond:29,richmond,mapillary,5,6.4385,11.4532,3,9.3955,1,0.9321,0,
richmond:30,richmond,mapillary,10,5.4195,11.6049,3,6.8654,1,0.9283,0,
richmond:31,richmond,mapillary,8,5.6424,13.085,3,11.92,1,0.9709,0,
richmond:32,richmond,mapillary,6,9.5049,15.3692,2,11.9191,1,0.9143,0,
richmond:34,richmond,mapillary,21,3.7461,13.004,3,10.5488,0,0.726,0,
richmond:35,richmond,mapillary,19,2.3675,13.2947,4,17.7822,0,0.2902,1,sub_threshold_only
richmond:36,richmond,mapillary,24,3.6418,10.9462,4,9.6237,1,0.9389,0,
richmond:37,richmond,mapillary,22,5.0163,10.1956,4,5.2449,1,0.9539,0,
richmond:38,richmond,mapillary,14,5.9966,10.1403,3,14.9849,1,0.9883,0,
richmond:39,richmond,mapillary,13,6.6159,13.3039,3,14.9848,1,0.9565,0,
richmond:40,richmond,mapillary,18,5.9039,11.0325,3,5.9642,1,0.9727,0,
richmond:41,richmond,mapillary,7,2.9282,11.498,2,21.0809,1,0.9365,0,
richmond:42,richmond,mapillary,13,3.0081,11.4159,2,9.6246,1,0.9126,0,
richmond:43,richmond,mapillary,11,2.0628,13.0176,2,11.5783,1,0.9598,0,
richmond:44,richmond,mapillary,7,6.0445,11.0412,2,14.985,1,0.99,0,
richmond:45,richmond,mapillary,11,7.2847,14.1655,2,7.361,0,0.8,0,
richmond:46,richmond,mapillary,9,5.3608,12.7038,2,7.7341,0,0.6324,0,association_placement
richmond:47,richmond,mapillary,9,2.7317,12.2534,4,14.9833,1,0.5987,0,
richmond:48,richmond,mapillary,5,7.5599,12.8565,3,8.0354,1,0.8885,0,
richmond:49,richmond,mapillary,4,7.6945,12.1181,3,11.9194,1,,1,
richmond:50,richmond,mapillary,8,6.8494,13.5877,2,9.3952,1,0.8735,0,
richmond:51,richmond,mapillary,14,4.3528,11.1078,1,22.201,1,0.9434,0,
richmond:52,richmond,mapillary,12,2.8556,10.5312,4,22.1987,1,0.9496,0,
richmond:54,richmond,mapillary,10,6.0708,10.8944,2,7.3023,0,0.883,0,
richmond:55,richmond,mapillary,14,4.8894,10.2454,2,19.6292,0,0.9288,0,
richmond:56,richmond,mapillary,3,4.4311,7.1212,1,14.9848,1,0.929,0,
richmond:57,richmond,mapillary,3,7.1635,8.6148,1,15.5518,1,0.9518,0,
richmond:58,richmond,mapillary,3,7.6449,13.5225,1,6.8661,1,0.9885,0,
richmond:59,richmond,mapillary,3,7.3011,10.5957,1,3.0629,0,0.8311,0,
richmond:60,richmond,mapillary,3,6.7667,13.5872,1,6.8055,0,0.859,0,
richmond:61,richmond,mapillary,7,9.1813,10.5616,2,14.9856,1,0.9628,0,
richmond:62,richmond,mapillary,9,9.4862,14.2031,2,24.5337,0,0.8132,0,
richmond:63,richmond,mapillary,6,11.041,15.6421,2,15.5503,1,0.9699,0,
richmond:64,richmond,mapillary,14,5.9188,12.6021,3,15.55,1,1.0118,0,
richmond:65,richmond,mapillary,10,8.8719,12.4433,3,21.0807,1,0.9335,0,
richmond:66,richmond,mapillary,16,3.6113,9.3597,3,24.5873,0,1.0007,0,association_placement
richmond:67,richmond,mapillary,14,4.5425,11.5883,1,9.3958,1,0.9552,0,
richmond:68,richmond,mapillary,10,9.307,11.7838,1,11.5793,1,0.9459,0,
richmond:69,richmond,mapillary,13,7.1713,10.9402,1,9.3958,1,0.9478,0,
richmond:70,richmond,mapillary,8,7.0641,13.602,1,14.986,1,1.0098,0,
richmond:71,richmond,mapillary,13,5.4299,12.1504,1,11.5787,1,0.9389,0,
richmond:72,richmond,mapillary,9,8.2766,13.7092,1,14.9844,1,1.0038,0,
richmond:73,richmond,mapillary,14,5.4586,11.1513,1,5.9641,1,0.9676,0,
richmond:74,richmond,mapillary,8,9.2688,14.0377,1,21.0804,1,0.9755,0,
richmond:75,richmond,mapillary,9,9.3129,12.9265,1,21.0828,1,1.0024,0,
richmond:76,richmond,mapillary,14,7.1549,12.349,1,8.0355,1,0.9946,0,
richmond:77,richmond,mapillary,8,10.5269,13.8262,1,21.4121,0,0.8768,0,
richmond:78,richmond,mapillary,5,3.565,7.7848,1,14.9842,1,0.9226,0,
richmond:79,richmond,mapillary,4,7.0791,12.6222,1,9.6252,1,0.9262,0,
richmond:80,richmond,mapillary,10,8.3337,13.3364,3,21.0803,1,0.9342,0,
richmond:81,richmond,mapillary,12,6.1769,13.3362,3,21.0804,1,0.9267,0,
richmond:82,richmond,mapillary,11,5.4915,10.978,3,4.9582,0,0.9694,0,
richmond:83,richmond,mapillary,12,4.6022,12.1004,3,7.3907,0,0.5189,1,sub_threshold_only
richmond:84,richmond,mapillary,12,11.2188,13.5131,2,22.201,1,,1,self_detected_site_displaced
richmond:85,richmond,mapillary,11,5.2876,10.7084,2,8.0356,1,0.9698,0,
richmond:86,richmond,mapillary,14,4.3078,10.6863,3,11.9195,1,0.9727,0,
richmond:87,richmond,mapillary,13,3.9188,13.3516,5,8.0355,1,0.9308,0,
richmond:88,richmond,mapillary,13,7.0342,12.4862,4,9.6245,1,0.8581,0,
richmond:89,richmond,mapillary,11,7.8891,14.6619,4,14.9841,1,0.9326,0,
richmond:90,richmond,mapillary,11,2.9763,12.3387,3,21.0798,1,0.9287,0,
richmond:91,richmond,mapillary,13,7.3141,13.9023,4,10.5998,0,0.7438,0,
richmond:92,richmond,mapillary,9,6.5454,9.5518,2,9.3958,1,0.9607,0,
richmond:93,richmond,mapillary,13,2.7148,10.1175,3,14.9838,1,0.989,0,
richmond:94,richmond,mapillary,12,7.7623,13.922,3,11.5783,1,0.9307,0,
richmond:95,richmond,mapillary,15,1.9751,11.8638,4,21.2868,0,0.9174,0,association_placement
richmond:96,richmond,mapillary,16,0.8842,10.3186,3,5.2451,1,0.983,0,
richmond:97,richmond,mapillary,12,8.8229,12.3092,3,14.9835,1,0.9382,0,
richmond:98,richmond,mapillary,13,2.4357,11.6773,3,11.9198,1,0.9982,0,
richmond:99,richmond,mapillary,14,1.6234,12.8143,3,11.5781,1,0.9643,0,
richmond:100,richmond,mapillary,5,5.0254,12.2883,1,5.9646,1,0.9722,0,
richmond:101,richmond,mapillary,6,6.2746,14.4593,1,22.2019,1,0.9483,0,
richmond:102,richmond,mapillary,12,3.7049,12.2479,1,9.3954,1,0.9712,0,
richmond:103,richmond,mapillary,11,2.49,10.7481,3,21.0798,1,1.0044,0,
richmond:104,richmond,mapillary,5,12.0485,15.7029,2,21.0802,1,,1,self_detected_site_displaced
richmond:105,richmond,mapillary,4,12.6792,16.5759,2,21.0803,1,0.8146,0,
richmond:106,richmond,mapillary,7,4.615,15.9559,2,15.5501,1,0.8561,0,
richmond:107,richmond,mapillary,17,3.3392,7.8059,2,21.0818,1,0.977,0,
richmond:108,richmond,mapillary,16,3.6457,9.1723,2,21.0807,1,1.0067,0,
richmond:109,richmond,mapillary,6,6.7741,10.8317,1,15.5501,1,0.9758,0,
richmond:110,richmond,mapillary,6,6.4884,11.1015,1,6.7404,1,1.0036,0,
richmond:111,richmond,mapillary,26,2.9377,11.4184,5,14.9838,1,0.9325,0,
richmond:112,richmond,mapillary,25,0.8764,11.3635,5,11.9199,1,0.9591,0,
richmond:113,richmond,mapillary,22,1.9094,11.5725,5,2.7308,1,0.9397,0,
richmond:114,richmond,mapillary,16,5.4927,12.3227,1,6.8649,1,0.8174,0,
richmond:115,richmond,mapillary,14,4.6363,11.0105,3,14.9842,1,0.9975,0,
richmond:116,richmond,mapillary,16,1.6309,11.0487,3,11.5785,1,0.9609,0,
richmond:117,richmond,mapillary,26,6.5005,12.7095,3,6.8652,1,0.8939,0,
richmond:118,richmond,mapillary,15,3.4479,13.8902,3,4.6559,1,0.8845,0,
richmond:127,richmond,mapillary,4,11.7776,12.6123,2,15.5488,1,0.9112,0,
richmond:128,richmond,mapillary,4,11.3529,11.8462,2,14.9842,1,0.9241,0,
richmond:129,richmond,mapillary,5,10.1585,13.0047,2,10.8367,0,0.7807,0,
richmond:130,richmond,mapillary,5,8.8081,10.2992,2,11.7357,0,0.3591,1,association_placement
richmond:131,richmond,mapillary,5,8.4991,9.8227,2,13.6994,0,0.2481,1,sub_threshold_only
richmond:132,richmond,mapillary,5,8.3776,10.1674,2,17.2644,0,0.2021,1,sub_threshold_only
richmond:133,richmond,mapillary,6,6.3192,9.217,1,11.92,1,0.8607,0,
richmond:134,richmond,mapillary,12,3.0493,12.3164,1,11.9192,1,0.9894,0,
richmond:135,richmond,mapillary,15,8.49,12.5692,3,11.9199,1,0.1761,1,self_detected_site_displaced
richmond:136,richmond,mapillary,17,2.531,9.8351,3,8.0354,1,1.0029,0,
richmond:137,richmond,mapillary,13,5.3461,14.0597,4,14.9835,1,0.7389,0,
richmond:138,richmond,mapillary,19,2.3871,11.3574,3,6.8652,1,0.9811,0,
richmond:139,richmond,mapillary,9,8.0164,10.9817,2,11.92,1,0.9835,0,
richmond:140,richmond,mapillary,8,9.5029,11.3486,2,11.5787,1,0.8492,0,
richmond:141,richmond,mapillary,16,5.1408,15.0762,3,14.9836,1,1.0008,0,
richmond:142,richmond,mapillary,17,2.926,12.5138,3,7.87,1,0.9587,0,
richmond:143,richmond,mapillary,11,7.6649,13.6418,1,21.0801,1,0.9349,0,
richmond:144,richmond,mapillary,12,5.8436,12.2739,4,11.5783,1,1.0028,0,
richmond:145,richmond,mapillary,15,5.4655,9.7221,4,9.6244,1,0.9454,0,
richmond:146,richmond,mapillary,11,7.5633,11.7875,4,22.2005,1,0.9101,0,
richmond:147,richmond,mapillary,15,6.0595,13.2467,3,21.0819,1,0.9964,0,
richmond:148,richmond,mapillary,10,4.0205,12.4328,3,21.0815,1,0.9562,0,
richmond:149,richmond,mapillary,12,10.0382,14.0955,3,22.2007,1,0.985,0,
richmond:150,richmond,mapillary,13,2.3721,15.9082,3,8.0358,1,0.982,0,
richmond:151,richmond,mapillary,9,1.8343,9.3441,3,14.9847,1,0.9418,0,
richmond:152,richmond,mapillary,12,7.8707,10.4503,1,21.0808,1,0.9229,0,
richmond:153,richmond,mapillary,12,7.6068,12.2981,1,21.0824,1,0.9854,0,
richmond:154,richmond,mapillary,15,2.8153,9.6977,1,10.9446,0,0.9623,0,
richmond:155,richmond,mapillary,5,8.64,11.2027,1,14.9842,1,0.8971,0,
richmond:156,richmond,mapillary,8,6.6099,13.0508,1,15.5508,1,0.8842,0,
richmond:157,richmond,mapillary,11,8.4619,13.8976,1,24.3656,0,0.8112,0,association_placement
richmond:158,richmond,mapillary,18,3.4457,11.3462,2,9.3949,1,0.9661,0,
richmond:159,richmond,mapillary,17,2.1075,9.9701,2,14.9838,1,0.8913,0,self_detected_site_displaced
richmond:160,richmond,mapillary,4,14.4899,15.3127,1,22.7877,0,0.6138,0,
richmond:161,richmond,mapillary,13,9.6408,11.249,1,14.9842,1,0.8839,0,
richmond:162,richmond,mapillary,15,7.1619,10.424,2,11.92,1,0.9694,0,
richmond:163,richmond,mapillary,4,12.5258,14.3459,2,21.0822,1,,1,
richmond:164,richmond,mapillary,18,2.3529,11.1911,2,21.0804,1,0.9261,0,self_detected_site_displaced
richmond:165,richmond,mapillary,17,3.9206,8.1004,2,15.5511,1,0.9873,0,
richmond:166,richmond,mapillary,10,6.7638,10.469,2,9.5456,0,0.7582,0,
richmond:167,richmond,mapillary,11,4.713,10.9126,2,7.4818,0,0.969,0,
richmond:168,richmond,mapillary,10,7.1991,9.5844,2,11.4775,0,0.9398,0,
richmond:169,richmond,mapillary,3,13.2746,14.4244,1,21.0823,1,,1,
richmond:170,richmond,mapillary,12,2.139,11.7855,1,4.656,1,0.9675,0,
richmond:171,richmond,mapillary,10,1.7011,9.3696,2,7.8705,1,0.9165,0,
richmond:172,richmond,mapillary,11,1.964,10.2972,2,4.4903,0,0.8512,0,
richmond:173,richmond,mapillary,8,3.8852,11.931,2,11.9201,1,1.0218,0,
richmond:174,richmond,mapillary,4,12.33,16.0445,2,21.0808,1,0.992,0,
richmond:175,richmond,mapillary,7,5.4759,11.5164,2,18.7362,0,0.9887,0,
richmond:176,richmond,mapillary,12,6.7616,10.5603,1,9.6256,1,1.0051,0,
richmond:177,richmond,mapillary,13,5.1274,10.9309,1,8.0355,1,0.9826,0,
richmond:178,richmond,mapillary,9,7.86,12.2264,1,11.921,1,0.9834,0,
richmond:179,richmond,mapillary,5,8.6232,13.252,1,14.9842,1,1.0028,0,
richmond:180,richmond,mapillary,2,10.7102,12.5069,1,15.5501,1,0.8844,0,
richmond:181,richmond,mapillary,4,7.5952,10.2427,1,21.081,1,0.9834,0,
richmond:182,richmond,mapillary,4,11.6573,14.699,1,6.5067,0,0.5437,1,sub_threshold_only
richmond:183,richmond,mapillary,4,10.9717,14.8713,1,4.8234,0,0.4075,1,sub_threshold_only
richmond:184,richmond,mapillary,14,5.2617,8.8831,1,6.741,1,0.9603,0,
richmond:185,richmond,mapillary,18,6.4998,11.9639,1,21.0818,1,1.0341,0,
richmond:186,richmond,mapillary,8,12.4235,14.9651,1,11.5792,1,0.9523,0,
richmond:187,richmond,mapillary,13,5.3925,12.4106,1,3.0143,1,0.9381,0,
richmond:188,richmond,mapillary,2,17.1277,17.2922,1,18.2573,0,0.8319,0,
richmond:189,richmond,mapillary,6,7.2552,9.4597,2,11.5777,1,0.9735,0,
richmond:190,richmond,mapillary,7,4.8264,8.5276,2,14.9835,1,0.9508,0,
richmond:191,richmond,mapillary,6,4.5272,10.8138,2,11.5782,1,0.9136,0,
richmond:192,richmond,mapillary,5,13.2276,14.2764,2,21.0802,1,0.9185,0,
richmond:195,richmond,mapillary,4,14.3381,14.6586,2,12.1938,0,0.6708,0,
richmond:196,richmond,mapillary,13,11.5104,16.1218,2,21.0803,1,0.8136,0,self_detected_site_displaced
richmond:197,richmond,mapillary,12,9.866,13.0076,2,14.9842,1,0.9345,0,
richmond:198,richmond,mapillary,12,9.3934,13.2999,3,9.6243,1,0.9586,0,
richmond:199,richmond,mapillary,14,10.5081,14.7785,3,21.0802,1,0.8528,0,
richmond:200,richmond,mapillary,9,11.221,15.5235,3,14.9841,1,,1,
richmond:201,richmond,mapillary,11,5.0652,9.8126,2,15.55,1,0.9578,0,
richmond:202,richmond,mapillary,5,9.4071,12.1696,1,9.3943,1,0.9043,0,
richmond:203,richmond,mapillary,8,8.8388,14.2523,2,21.0816,1,0.8968,0,
richmond:204,richmond,mapillary,15,4.6793,11.4256,2,7.8705,1,0.9385,0,
richmond:205,richmond,mapillary,14,6.015,10.4132,2,14.9847,1,0.8937,0,
richmond:206,richmond,mapillary,12,6.4884,10.1322,2,21.0803,1,0.3699,1,self_detected_site_displaced
richmond:207,richmond,mapillary,14,2.4531,11.1299,2,6.7403,1,0.9749,0,
richmond:208,richmond,mapillary,14,6.4004,10.1227,2,15.5504,1,0.9281,0,
richmond:209,richmond,mapillary,7,12.2384,15.7537,1,21.081,1,,1,
richmond:210,richmond,mapillary,13,7.5991,12.9168,2,13.1646,0,0.9095,0,association_placement
richmond:211,richmond,mapillary,3,8.0413,10.5276,2,7.8703,1,0.6214,0,
richmond:212,richmond,mapillary,4,10.4169,12.5403,2,8.0355,1,1.0091,0,
richmond:213,richmond,mapillary,8,1.7051,7.6162,1,15.5499,1,0.9143,0,
richmond:214,richmond,mapillary,8,9.8005,12.3964,1,21.0802,1,0.7963,0,
richmond:215,richmond,mapillary,5,4.3349,9.1541,1,16.317,0,0.8869,0,
richmond:216,richmond,mapillary,7,3.3744,9.1425,1,21.0806,1,0.8822,0,
richmond:218,richmond,mapillary,13,4.5504,11.6015,1,16.4163,0,0.8359,0,
richmond:219,richmond,mapillary,11,5.0741,9.8264,2,12.7021,0,0.9631,0,
richmond:220,richmond,mapillary,10,6.4606,12.5035,2,14.9842,1,0.3364,1,
richmond:221,richmond,mapillary,19,5.1278,11.4611,3,5.8655,1,0.8872,0,
richmond:222,richmond,mapillary,15,6.3172,11.0192,4,18.8914,0,0.864,0,
richmond:223,richmond,mapillary,21,3.057,5.7243,3,9.6245,1,0.947,0,
richmond:224,richmond,mapillary,27,1.3879,10.6878,4,21.0795,1,,1,
richmond:225,richmond,mapillary,3,10.2244,12.6138,2,11.9196,1,0.7892,0,
richmond:226,richmond,mapillary,5,7.8835,11.3646,2,10.9061,0,0.5459,1,sub_threshold_only
richmond:227,richmond,mapillary,6,12.9703,14.168,2,21.0825,1,,1,self_detected_site_displaced
richmond:228,richmond,mapillary,13,11.3662,15.2058,1,14.985,1,0.9129,0,self_detected_site_displaced
richmond:229,richmond,mapillary,10,4.5681,8.0516,1,22.2013,1,1.0084,0,
richmond:230,richmond,mapillary,10,3.7472,10.6994,2,11.9208,1,0.9984,0,
richmond:231,richmond,mapillary,9,5.4985,9.9878,2,8.0355,1,0.9471,0,
richmond:232,richmond,mapillary,10,4.2511,10.2341,2,9.6247,1,0.9745,0,
richmond:233,richmond,mapillary,13,1.8412,7.3289,1,21.0804,1,0.9421,0,
richmond:234,richmond,mapillary,11,2.7824,11.0407,2,8.0355,1,1.0024,0,
richmond:235,richmond,mapillary,13,4.2661,10.6032,2,15.5503,1,0.9655,0,
richmond:236,richmond,mapillary,8,3.6771,13.0156,2,7.8703,1,0.9156,0,
richmond:237,richmond,mapillary,10,5.361,15.406,2,9.6243,1,0.9185,0,
richmond:238,richmond,mapillary,6,6.0057,11.8799,2,6.653,1,0.6898,0,
richmond:239,richmond,mapillary,11,6.8689,11.2046,1,8.0358,1,1.0001,0,
richmond:240,richmond,mapillary,12,5.4316,13.7572,2,11.5787,1,1.0013,0,
richmond:241,richmond,mapillary,10,5.4871,11.9927,1,6.7403,1,0.9481,0,
richmond:242,richmond,mapillary,10,5.3755,12.5175,1,11.5787,1,0.8841,0,
richmond:243,richmond,mapillary,4,5.4471,15.6683,2,8.0359,1,1.0074,0,
richmond:244,richmond,mapillary,3,9.2938,12.5611,2,8.036,1,0.9665,0,
richmond:245,richmond,mapillary,3,2.0223,7.5751,2,9.3957,1,0.8668,0,
richmond:246,richmond,mapillary,3,6.6882,13.9132,2,9.6245,1,0.8759,0,
richmond:247,richmond,mapillary,3,4.4147,13.1071,2,9.6246,1,0.9322,0,
richmond:248,richmond,mapillary,5,5.1281,12.8145,2,8.0355,1,0.9365,0,
richmond:249,richmond,mapillary,3,3.7797,5.7857,2,9.625,1,0.899,0,
richmond:250,richmond,mapillary,5,7.437,14.6047,2,8.0355,1,0.8954,0,
richmond:251,richmond,mapillary,10,8.9893,12.2244,3,14.9837,1,0.9327,0,
richmond:252,richmond,mapillary,10,7.2354,12.6297,3,15.55,1,0.9161,0,
sao_paulo:0,sao_paulo,gsv,4,10.3219,11.718,1,4.656,1,0.9433,0,
sao_paulo:1,sao_paulo,gsv,5,9.3539,13.9797,1,6.8656,1,0.9919,0,
sao_paulo:2,sao_paulo,gsv,3,4.5914,9.9901,1,15.5517,1,0.8719,0,
sao_paulo:3,sao_paulo,gsv,3,5.8587,9.5508,1,14.9869,1,0.9104,0,
sao_paulo:4,sao_paulo,gsv,3,5.9921,9.2095,1,15.7139,0,0.7021,0,association_placement
sao_paulo:5,sao_paulo,gsv,3,5.535,10.7621,1,14.8359,0,0.4319,1,association_placement
sao_paulo:6,sao_paulo,gsv,4,5.2586,8.9262,1,15.5502,1,0.9268,0,
sao_paulo:7,sao_paulo,gsv,5,3.9078,13.026,1,15.55,1,0.9377,0,
sao_paulo:8,sao_paulo,gsv,4,9.462,13.0287,1,5.2456,1,0.8729,0,
sao_paulo:9,sao_paulo,gsv,5,5.3549,12.8026,1,15.5503,1,0.9715,0,
sao_paulo:10,sao_paulo,gsv,5,3.4997,13.1382,1,14.9846,1,1.0029,0,
sao_paulo:11,sao_paulo,gsv,5,7.1628,14.5069,1,8.0361,1,0.9673,0,
sao_paulo:12,sao_paulo,gsv,5,6.2149,15.3622,1,9.3959,1,0.9783,0,
sao_paulo:13,sao_paulo,gsv,4,9.7253,12.121,1,5.2456,1,0.6222,0,
sao_paulo:14,sao_paulo,gsv,4,5.8395,10.3478,2,14.9841,1,0.8843,0,
sao_paulo:15,sao_paulo,gsv,5,3.7559,14.654,1,6.7411,1,0.9186,0,
sao_paulo:16,sao_paulo,gsv,5,5.3309,11.5623,2,11.5782,1,0.9453,0,
sao_paulo:17,sao_paulo,gsv,6,6.3764,14.764,2,7.8703,1,0.828,0,
sao_paulo:18,sao_paulo,gsv,5,5.8533,13.3961,2,9.3952,1,0.8471,0,
sao_paulo:19,sao_paulo,gsv,4,3.8921,10.4795,2,9.3952,1,0.6915,0,
sao_paulo:20,sao_paulo,gsv,6,7.7192,14.8585,2,7.8702,1,0.8859,0,
sao_paulo:21,sao_paulo,gsv,4,7.628,9.7298,2,11.9199,1,0.6247,0,
sao_paulo:22,sao_paulo,gsv,5,6.1655,12.4649,2,11.5782,1,0.2214,1,
sao_paulo:23,sao_paulo,gsv,5,9.765,13.8474,4,6.7397,1,0.9574,0,
sao_paulo:24,sao_paulo,gsv,6,3.4722,12.202,4,7.87,1,0.9038,0,
sao_paulo:25,sao_paulo,gsv,6,7.9025,9.977,3,21.0788,1,0.9428,0,
sao_paulo:26,sao_paulo,gsv,5,5.2236,10.5893,4,21.0776,1,1.0025,0,
sao_paulo:27,sao_paulo,gsv,6,5.6888,10.0159,3,21.0784,1,0.9502,0,
sao_paulo:28,sao_paulo,gsv,6,7.5977,14.2927,4,20.9967,0,0.9789,0,
sao_paulo:29,sao_paulo,gsv,5,8.6731,14.3492,2,5.9641,1,0.9307,0,
sao_paulo:30,sao_paulo,gsv,3,9.0171,14.1511,2,5.9649,1,0.6137,0,
sao_paulo:31,sao_paulo,gsv,4,5.1457,10.5007,2,9.3953,1,0.9489,0,
sao_paulo:32,sao_paulo,gsv,4,7.7357,12.459,3,9.6247,1,0.8319,0,
sao_paulo:33,sao_paulo,gsv,5,9.8785,12.4763,2,6.7406,1,0.4054,1,
sao_paulo:34,sao_paulo,gsv,5,11.3106,14.0683,2,8.9943,0,0.2656,1,association_placement
sao_paulo:35,sao_paulo,gsv,7,7.8914,14.3462,2,10.1199,0,0.7589,0,
sao_paulo:36,sao_paulo,gsv,4,9.7108,11.9243,3,14.4914,0,0.6489,0,association_placement
sao_paulo:37,sao_paulo,gsv,4,8.9396,12.407,1,21.0803,1,0.8824,0,
sao_paulo:38,sao_paulo,gsv,4,5.6807,8.1928,1,15.5502,1,0.9015,0,
sao_paulo:39,sao_paulo,gsv,5,2.9201,14.2276,1,11.92,1,0.9242,0,
sao_paulo:40,sao_paulo,gsv,4,2.1789,9.5169,1,11.5786,1,0.8937,0,
sao_paulo:41,sao_paulo,gsv,4,9.5376,13.3686,1,21.0802,1,0.8813,0,
sao_paulo:42,sao_paulo,gsv,5,4.0893,13.4898,1,18.1952,0,0.9828,0,
sao_paulo:43,sao_paulo,gsv,4,6.9253,11.3311,1,20.8196,0,0.9079,0,
sao_paulo:44,sao_paulo,gsv,5,8.3721,13.5204,2,9.623,1,0.8926,0,
sao_paulo:45,sao_paulo,gsv,5,7.8068,15.0066,3,5.964,1,0.9516,0,
sao_paulo:46,sao_paulo,gsv,4,4.9955,11.2748,2,15.5476,1,0.9074,0,
sao_paulo:47,sao_paulo,gsv,4,7.8199,14.099,3,9.3942,1,0.9494,0,
sao_paulo:48,sao_paulo,gsv,5,2.8093,9.0381,2,11.92,1,0.8774,0,
sao_paulo:49,sao_paulo,gsv,4,6.7995,11.2454,2,11.5767,1,0.8527,0,
sao_paulo:50,sao_paulo,gsv,5,8.7632,12.2102,2,21.0777,1,0.7019,0,
sao_paulo:51,sao_paulo,gsv,5,3.2522,11.76,2,11.9199,1,0.7521,0,
sao_paulo:52,sao_paulo,gsv,4,10.7949,13.6253,2,6.8654,1,0.9969,0,
sao_paulo:53,sao_paulo,gsv,4,10.7344,12.2978,2,4.6561,1,0.9027,0,
sao_paulo:54,sao_paulo,gsv,4,9.5825,11.862,2,6.8655,1,0.9342,0,
sao_paulo:55,sao_paulo,gsv,4,9.46,13.1589,2,11.9205,1,0.8822,0,
sao_paulo:56,sao_paulo,gsv,7,3.4413,11.0832,3,21.0801,1,0.8591,0,
sao_paulo:57,sao_paulo,gsv,8,6.9047,15.7208,3,6.7402,1,0.9275,0,
sao_paulo:58,sao_paulo,gsv,9,6.5813,13.9599,4,14.9836,1,0.9809,0,
sao_paulo:59,sao_paulo,gsv,5,0.6832,11.7778,2,22.1992,1,0.889,0,
sao_paulo:60,sao_paulo,gsv,2,7.0886,8.3849,1,14.7071,0,0.6868,0,
sao_paulo:61,sao_paulo,gsv,5,7.7738,13.5623,2,4.6564,1,0.931,0,
sao_paulo:62,sao_paulo,gsv,4,8.8611,10.16,2,14.9845,1,0.9826,0,
sao_paulo:63,sao_paulo,gsv,4,5.2196,11.203,2,5.9647,1,0.959,0,
sao_paulo:64,sao_paulo,gsv,5,6.4593,15.1786,2,9.396,1,0.8461,0,
sao_paulo:65,sao_paulo,gsv,5,6.1267,11.7944,2,15.55,1,0.9411,0,
sao_paulo:66,sao_paulo,gsv,4,8.5618,13.2551,2,5.6511,0,0.7503,0,
sao_paulo:67,sao_paulo,gsv,5,3.4392,10.4964,2,14.9836,1,0.9516,0,
sao_paulo:68,sao_paulo,gsv,6,7.3298,11.1103,3,14.9834,1,0.9224,0,
sao_paulo:69,sao_paulo,gsv,3,8.6329,16.2976,2,9.3954,1,,1,
sao_paulo:70,sao_paulo,gsv,5,7.2111,10.9816,3,9.3956,1,0.9673,0,
sao_paulo:71,sao_paulo,gsv,7,3.0831,11.8099,3,3.0374,0,0.9528,0,
sao_paulo:72,sao_paulo,gsv,3,9.1861,12.7493,1,21.0782,1,0.254,1,
sao_paulo:73,sao_paulo,gsv,3,13.9825,14.3057,2,9.3938,1,0.3501,1,
sao_paulo:74,sao_paulo,gsv,4,7.2498,14.1411,2,15.5488,1,0.5938,0,
sao_paulo:75,sao_paulo,gsv,5,8.1033,10.7496,2,2.2483,0,0.4346,1,sub_threshold_only
sao_paulo:76,sao_paulo,gsv,6,5.7963,11.7233,2,4.8483,0,0.5648,0,
sao_paulo:77,sao_paulo,gsv,3,7.7804,9.9166,1,17.1476,0,0.8772,0,
sao_paulo:78,sao_paulo,gsv,9,4.8369,12.7185,4,15.5511,1,0.9887,0,
sao_paulo:79,sao_paulo,gsv,3,4.564,12.1898,2,11.5786,1,0.8833,0,
sao_paulo:80,sao_paulo,gsv,4,7.0649,11.8663,2,15.55,1,0.9789,0,
sao_paulo:81,sao_paulo,gsv,4,8.6541,10.28,2,6.8648,1,0.9581,0,
sao_paulo:82,sao_paulo,gsv,4,7.7103,14.0481,2,21.0801,1,0.9389,0,
sao_paulo:83,sao_paulo,gsv,5,10.0487,13.3454,2,21.0779,1,0.8932,0,
sao_paulo:84,sao_paulo,gsv,4,4.903,13.3367,2,21.0786,1,0.8946,0,
sao_paulo:85,sao_paulo,gsv,4,8.6993,10.2647,2,5.1647,1,0.9897,0,
sao_paulo:86,sao_paulo,gsv,4,5.4784,11.2797,2,9.394,1,1.0048,0,
sao_paulo:87,sao_paulo,gsv,4,6.2816,11.6054,2,8.0349,1,0.9483,0,
sao_paulo:88,sao_paulo,gsv,4,8.1471,13.4834,2,18.0606,0,0.8144,0,
sao_paulo:89,sao_paulo,gsv,3,7.4091,15.3152,2,6.7394,1,0.758,0,
sao_paulo:90,sao_paulo,gsv,4,10.954,14.4726,2,6.7395,1,,1,
sao_paulo:91,sao_paulo,gsv,5,4.7472,6.1892,2,4.656,1,0.6455,0,
sao_paulo:92,sao_paulo,gsv,5,11.7703,15.5778,3,7.457,0,0.7135,0,
sao_paulo:93,sao_paulo,gsv,2,7.7785,11.9725,1,11.92,1,0.9075,0,
sao_paulo:94,sao_paulo,gsv,6,5.601,12.6288,1,15.55,1,0.9099,0,
sao_paulo:95,sao_paulo,gsv,4,8.8395,12.002,1,8.036,1,0.8614,0,
sao_paulo:96,sao_paulo,gsv,4,5.1539,11.5277,1,21.0808,1,0.9074,0,
sao_paulo:97,sao_paulo,gsv,5,5.5252,11.8578,2,7.8708,1,0.9934,0,
sao_paulo:98,sao_paulo,gsv,5,6.6286,10.7975,1,21.0805,1,0.9566,0,
sao_paulo:99,sao_paulo,gsv,4,8.0608,12.6466,1,12.2747,0,0.8383,0,
sao_paulo:100,sao_paulo,gsv,6,4.8525,12.1951,2,12.2388,0,0.9379,0,
sao_paulo:101,sao_paulo,gsv,6,8.0207,13.4238,2,4.2842,0,0.8131,0,
sao_paulo:102,sao_paulo,gsv,2,6.7591,8.2043,1,14.3155,0,0.6666,0,
sao_paulo:103,sao_paulo,gsv,3,9.9651,11.2762,3,9.3962,1,0.9504,0,
sao_paulo:104,sao_paulo,gsv,3,11.6507,12.1656,2,11.5798,1,0.8781,0,
sao_paulo:105,sao_paulo,gsv,4,9.6775,9.9718,2,22.7812,0,0.923,0,
sao_paulo:106,sao_paulo,gsv,3,8.5755,9.6375,3,12.3419,0,0.9346,0,
sao_paulo:107,sao_paulo,gsv,3,10.9677,12.1446,2,12.8081,0,0.9485,0,
sao_paulo:108,sao_paulo,gsv,5,9.6868,12.0018,1,5.9644,1,0.9431,0,
sao_paulo:109,sao_paulo,gsv,5,9.7265,12.9738,1,21.0813,1,,1,
sao_paulo:110,sao_paulo,gsv,5,6.1263,12.0775,1,4.5898,1,0.8622,0,
sao_paulo:111,sao_paulo,gsv,4,6.5797,9.3395,1,14.9842,1,0.8923,0,
sao_paulo:112,sao_paulo,gsv,5,7.4964,11.82,1,21.081,1,,1,self_detected_site_displaced
sao_paulo:113,sao_paulo,gsv,5,7.3037,13.9259,1,8.0361,1,0.9748,0,
sao_paulo:114,sao_paulo,gsv,5,4.3766,10.7049,1,11.92,1,0.9433,0,
sao_paulo:115,sao_paulo,gsv,6,3.0756,13.623,1,7.2601,0,0.9053,0,
sao_paulo:116,sao_paulo,gsv,5,10.2488,12.6898,2,5.4381,0,0.3333,1,sub_threshold_only
sao_paulo:117,sao_paulo,gsv,5,9.2412,11.8228,2,7.5364,0,0.3462,1,sub_threshold_only
sao_paulo:118,sao_paulo,gsv,5,5.2136,15.2887,2,14.6842,0,,1,sub_threshold_only
sao_paulo:119,sao_paulo,gsv,2,11.9615,13.1247,1,8.682,0,0.3985,1,sub_threshold_only
sao_paulo:120,sao_paulo,gsv,4,5.1113,11.0663,2,4.5896,1,0.7698,0,
sao_paulo:121,sao_paulo,gsv,5,5.7866,13.807,2,4.1617,1,0.9517,0,
sao_paulo:122,sao_paulo,gsv,5,10.9473,14.0047,2,6.7404,1,0.2764,1,
sao_paulo:123,sao_paulo,gsv,2,12.3374,14.0202,1,9.6247,1,0.9697,0,
sao_paulo:124,sao_paulo,gsv,4,7.2163,10.9017,1,8.036,1,0.8906,0,
sao_paulo:125,sao_paulo,gsv,4,6.4037,8.0717,3,14.9845,1,0.8463,0,
sao_paulo:126,sao_paulo,gsv,5,5.7117,9.6754,3,15.5501,1,0.8686,0,
sao_paulo:127,sao_paulo,gsv,4,3.2657,11.4548,3,8.036,1,0.9392,0,
sao_paulo:128,sao_paulo,gsv,2,14.5091,14.578,1,9.6251,1,0.257,1,
sao_paulo:129,sao_paulo,gsv,6,6.0018,13.0003,2,14.3444,0,0.996,0,
sao_paulo:130,sao_paulo,gsv,5,6.4918,11.0567,2,19.3884,0,0.9751,0,
sao_paulo:131,sao_paulo,gsv,6,8.3002,15.6728,3,8.0358,1,0.9009,0,
sao_paulo:132,sao_paulo,gsv,5,8.4831,10.4861,2,5.2452,1,0.8407,0,
sao_paulo:133,sao_paulo,gsv,6,5.5883,11.6314,3,10.4705,0,0.8652,0,
sao_paulo:134,sao_paulo,gsv,7,6.9067,8.963,3,15.0574,0,0.2153,1,sub_threshold_only
sao_paulo:135,sao_paulo,gsv,7,5.3715,9.5411,4,17.1694,1,0.789,0,
sao_paulo:136,sao_paulo,gsv,6,6.4119,11.8969,2,11.4174,0,0.6908,0,
sao_paulo:137,sao_paulo,gsv,4,8.3036,9.7668,2,11.5786,1,0.8807,0,
sao_paulo:138,sao_paulo,gsv,5,5.5037,10.7646,3,21.0803,1,0.8462,0,
sao_paulo:139,sao_paulo,gsv,6,8.0796,12.3032,3,23.3585,0,0.9222,0,
sao_paulo:140,sao_paulo,gsv,4,6.6931,10.5391,2,13.3982,0,0.9246,0,association_placement
sao_paulo:141,sao_paulo,gsv,4,4.8711,11.3157,3,7.8572,0,0.8644,0,
sao_paulo:142,sao_paulo,gsv,4,4.4829,8.0357,2,11.5776,1,0.9547,0,
sao_paulo:143,sao_paulo,gsv,4,7.6169,12.0275,2,5.2449,1,0.9197,0,
sao_paulo:144,sao_paulo,gsv,6,6.2691,11.8206,3,23.9596,0,0.9368,0,
sao_paulo:145,sao_paulo,gsv,4,9.1187,12.9952,1,5.804,0,0.7832,0,
sao_paulo:146,sao_paulo,gsv,6,4.1783,12.8325,3,9.3954,1,0.9166,0,
sao_paulo:147,sao_paulo,gsv,5,8.157,15.7763,2,7.8703,1,0.9617,0,
sao_paulo:148,sao_paulo,gsv,4,7.2012,11.8788,2,6.7404,1,0.9229,0,
sao_paulo:149,sao_paulo,gsv,6,5.427,14.5161,3,9.3953,1,0.9886,0,
sao_paulo:150,sao_paulo,gsv,4,3.8968,12.1344,2,7.8703,1,0.8843,0,
sao_paulo:151,sao_paulo,gsv,4,3.9362,10.9124,3,14.9844,1,0.9481,0,
sao_paulo:152,sao_paulo,gsv,6,5.4051,11.617,3,11.9203,1,0.9254,0,
sao_paulo:153,sao_paulo,gsv,4,3.9605,12.6128,2,13.827,0,1.01,0,
sao_paulo:154,sao_paulo,gsv,7,2.5266,11.6746,4,14.7956,0,0.919,0,association_placement
sao_paulo:155,sao_paulo,gsv,8,4.8139,11.6199,4,23.0776,0,0.8341,0,
sao_paulo:156,sao_paulo,gsv,5,5.9506,13.9506,2,11.5782,1,0.8634,0,
sao_paulo:157,sao_paulo,gsv,5,6.109,12.4941,2,14.0321,0,0.9981,0,
sao_paulo:158,sao_paulo,gsv,4,2.9737,9.6319,1,15.8015,0,0.9199,0,
sao_paulo:159,sao_paulo,gsv,3,6.876,10.3311,1,9.3946,1,1.0003,0,
sao_paulo:160,sao_paulo,gsv,6,7.1112,12.3574,3,9.6245,1,0.7689,0,
sao_paulo:161,sao_paulo,gsv,5,6.1978,8.4451,2,3.014,1,0.893,0,
sao_paulo:162,sao_paulo,gsv,5,7.7415,14.3967,4,11.9198,1,0.9429,0,
sao_paulo:163,sao_paulo,gsv,4,7.4341,13.4014,2,9.3939,1,0.9874,0,
sao_paulo:164,sao_paulo,gsv,4,3.6875,9.8231,3,17.7323,0,0.9044,0,
sao_paulo:165,sao_paulo,gsv,9,5.5843,12.4527,4,22.2005,1,,1,self_detected_site_displaced
sao_paulo:166,sao_paulo,gsv,3,9.4271,13.7991,1,23.042,0,,1,sub_threshold_only
sao_paulo:168,sao_paulo,gsv,2,8.7404,9.2774,1,21.0804,1,,1,self_detected_site_displaced
sao_paulo:169,sao_paulo,gsv,2,12.7905,13.4291,2,11.5802,1,0.7132,0,
sao_paulo:170,sao_paulo,gsv,4,8.0854,11.9017,2,22.2016,1,0.9379,0,
sao_paulo:171,sao_paulo,gsv,3,9.926,11.4416,2,21.0817,1,0.9667,0,
sao_paulo:172,sao_paulo,gsv,3,12.5763,15.8581,2,9.7897,0,0.749,0,
sao_paulo:174,sao_paulo,gsv,3,8.3181,10.4793,1,23.8524,0,0.9628,0,
sao_paulo:175,sao_paulo,gsv,6,4.0248,10.9545,4,22.2006,1,0.9377,0,
sao_paulo:176,sao_paulo,gsv,3,3.3165,6.4807,1,9.3952,1,0.7609,0,
sao_paulo:177,sao_paulo,gsv,3,9.1023,10.4672,2,15.5504,1,0.9193,0,
sao_paulo:178,sao_paulo,gsv,5,5.3714,9.165,2,21.0803,1,0.9252,0,
sao_paulo:179,sao_paulo,gsv,4,7.1196,11.1558,2,21.0804,1,0.9649,0,
sao_paulo:180,sao_paulo,gsv,6,8.3496,11.2941,2,14.9845,1,0.9826,0,
sao_paulo:181,sao_paulo,gsv,6,3.9219,12.895,2,9.8029,0,0.823,0,
sao_paulo:182,sao_paulo,gsv,3,11.024,12.7743,2,11.9184,1,0.9501,0,
sao_paulo:183,sao_paulo,gsv,5,5.2044,8.1595,3,14.9842,1,0.9017,0,
sao_paulo:184,sao_paulo,gsv,4,7.3435,9.5682,3,6.8659,1,0.9147,0,
sao_paulo:185,sao_paulo,gsv,5,7.7338,11.0784,2,21.0802,1,0.9588,0,
sao_paulo:186,sao_paulo,gsv,5,2.8625,9.7287,2,19.253,0,0.9408,0,
sao_paulo:187,sao_paulo,gsv,4,7.5031,15.8834,2,6.7403,1,0.8197,0,
sao_paulo:188,sao_paulo,gsv,4,7.54,13.2894,2,7.8705,1,0.8785,0,
sao_paulo:189,sao_paulo,gsv,3,2.9491,7.5591,1,22.201,1,0.8188,0,
sao_paulo:190,sao_paulo,gsv,4,12.3007,14.9489,2,11.5609,0,0.8023,0,
sao_paulo:191,sao_paulo,gsv,3,6.414,14.5586,1,8.3524,0,0.2429,1,sub_threshold_only
sao_paulo:192,sao_paulo,gsv,4,6.1143,11.6794,2,14.9841,1,0.9005,0,
sao_paulo:193,sao_paulo,gsv,6,7.6091,10.8039,2,21.0803,1,0.8704,0,
sao_paulo:194,sao_paulo,gsv,4,8.2606,12.6922,2,5.8656,1,0.8988,0,
sao_paulo:195,sao_paulo,gsv,5,8.3779,12.8004,1,21.0802,1,0.8793,0,
sao_paulo:196,sao_paulo,gsv,4,4.077,11.7417,1,10.3903,1,0.929,0,
sao_paulo:197,sao_paulo,gsv,5,5.5951,15.1789,3,8.0357,1,0.8598,0,
sao_paulo:198,sao_paulo,gsv,4,10.0392,10.6282,2,14.9843,1,,1,
sao_paulo:199,sao_paulo,gsv,5,7.2557,14.4525,2,18.1484,0,0.9357,0,association_placement
sao_paulo:200,sao_paulo,gsv,6,5.7749,15.0717,3,21.0795,1,0.1093,1,
sao_paulo:201,sao_paulo,gsv,5,3.3097,11.6034,2,9.6245,1,0.8383,0,
sao_paulo:202,sao_paulo,gsv,5,7.4383,10.6458,2,12.4851,0,0.9209,0,
sao_paulo:203,sao_paulo,gsv,5,7.4905,13.8801,2,8.0355,1,0.9415,0,
sao_paulo:204,sao_paulo,gsv,4,5.8998,10.7019,2,9.3952,1,0.9757,0,
sao_paulo:205,sao_paulo,gsv,4,8.4345,10.5848,2,14.9842,1,0.8762,0,
sao_paulo:206,sao_paulo,gsv,4,5.2712,9.5181,2,11.92,1,0.9453,0,
sao_paulo:207,sao_paulo,gsv,3,5.0502,11.6179,2,11.5783,1,0.7248,0,
sao_paulo:208,sao_paulo,gsv,4,5.5964,15.3331,2,7.8703,1,0.5403,1,
sao_paulo:209,sao_paulo,gsv,7,5.5994,12.3513,4,8.034,1,0.8054,0,
sao_paulo:210,sao_paulo,gsv,6,9.4314,16.021,4,3.3341,0,0.8374,0,
sao_paulo:211,sao_paulo,gsv,4,7.2407,15.3686,2,9.6244,1,1.0044,0,
sao_paulo:212,sao_paulo,gsv,4,4.3657,13.5928,2,14.9832,1,0.8139,0,
sao_paulo:213,sao_paulo,gsv,4,7.9836,15.6068,2,11.9193,1,0.7204,0,
sao_paulo:214,sao_paulo,gsv,4,5.4461,11.5906,2,11.5779,1,0.942,0,
sao_paulo:215,sao_paulo,gsv,4,5.4129,13.4794,2,10.1693,0,0.8383,0,
sao_paulo:216,sao_paulo,gsv,4,3.4226,10.0796,2,9.9985,0,0.8402,0,
sao_paulo:217,sao_paulo,gsv,5,6.0069,14.2177,2,9.3954,1,0.6329,0,
sao_paulo:218,sao_paulo,gsv,4,4.4083,10.3781,2,9.625,1,0.9614,0,
sao_paulo:219,sao_paulo,gsv,3,6.205,13.8062,1,7.8705,1,1.001,0,
sao_paulo:220,sao_paulo,gsv,4,4.3276,13.3338,2,6.7407,1,0.8527,0,
sao_paulo:221,sao_paulo,gsv,4,8.0356,12.2676,2,5.2454,1,0.8193,0,
sao_paulo:222,sao_paulo,gsv,6,5.5832,13.1086,3,22.1991,1,0.8175,0,
sao_paulo:223,sao_paulo,gsv,5,5.0583,13.9538,2,21.0812,1,0.8661,0,self_detected_site_displaced
sao_paulo:224,sao_paulo,gsv,6,4.9945,12.6533,3,15.55,1,0.9044,0,
sao_paulo:225,sao_paulo,gsv,5,6.0993,10.9843,3,15.5876,0,0.932,0,
sao_paulo:226,sao_paulo,gsv,4,8.5606,13.2564,2,14.9834,1,0.8206,0,
sao_paulo:227,sao_paulo,gsv,4,7.8188,12.7085,3,11.919,1,0.8692,0,
sao_paulo:228,sao_paulo,gsv,6,4.7599,9.4641,3,11.92,1,,1,
sao_paulo:229,sao_paulo,gsv,9,4.8988,11.4004,5,20.0992,0,0.9264,0,
sao_paulo:230,sao_paulo,gsv,4,5.4142,12.1467,2,11.5776,1,0.9734,0,
sao_paulo:231,sao_paulo,gsv,6,6.9412,12.7283,2,14.9839,1,0.8687,0,
sao_paulo:232,sao_paulo,gsv,6,4.495,13.3222,2,24.5871,0,0.9679,0,
sao_paulo:233,sao_paulo,gsv,4,4.8553,12.5471,2,11.9192,1,0.9323,0,
sao_paulo:234,sao_paulo,gsv,4,6.3687,12.2253,2,6.7401,1,0.857,0,
sao_paulo:235,sao_paulo,gsv,5,6.38,11.8994,3,4.3246,0,0.8157,0,
sao_paulo:236,sao_paulo,gsv,4,4.8369,9.3087,2,14.9841,1,0.9507,0,
sao_paulo:237,sao_paulo,gsv,6,3.4228,12.4303,4,8.0355,1,0.8872,0,
sao_paulo:238,sao_paulo,gsv,4,3.6997,10.0897,2,14.9842,1,0.9823,0,
sao_paulo:239,sao_paulo,gsv,5,7.6593,10.8065,2,14.9517,0,0.8406,0,
sao_paulo:240,sao_paulo,gsv,6,6.6965,10.6987,4,16.973,0,0.9653,0,
sao_paulo:241,sao_paulo,gsv,6,5.1304,11.5936,4,17.5685,0,0.9145,0,
sao_paulo:242,sao_paulo,gsv,7,10.588,14.5934,5,9.3947,1,0.9499,0,
sao_paulo:243,sao_paulo,gsv,5,7.627,13.6821,3,5.1915,1,0.2795,1,
sao_paulo:244,sao_paulo,gsv,5,8.4641,13.2425,2,20.9977,0,0.5821,0,association_placement
sao_paulo:245,sao_paulo,gsv,4,3.3313,10.672,2,15.7128,0,0.6395,0,
sao_paulo:246,sao_paulo,gsv,4,3.1411,8.378,1,14.9842,1,0.8042,0,
sao_paulo:247,sao_paulo,gsv,4,12.0305,14.8282,1,6.8654,1,0.8956,0,
sao_paulo:248,sao_paulo,gsv,5,4.1036,13.9136,1,15.5504,1,0.7001,0,
sao_paulo:249,sao_paulo,gsv,5,10.1354,13.1783,1,21.0807,1,0.7973,0,
sao_paulo:250,sao_paulo,gsv,4,2.0915,7.6095,1,15.5502,1,0.8378,0,
sao_paulo:251,sao_paulo,gsv,4,6.99,12.6082,2,5.9635,1,0.9147,0,
sao_paulo:252,sao_paulo,gsv,6,6.8773,16.6494,3,9.3935,1,0.8756,0,
sao_paulo:253,sao_paulo,gsv,4,8.4297,12.3171,2,5.2577,0,0.6587,0,
sao_paulo:254,sao_paulo,gsv,5,4.8164,12.5938,3,8.2561,0,0.8474,0,association_placement
