pair_id,city,site_id,pano_id,src_det_index,src_conf
m000,richmond,23,1294684158910702,0,0.862849
m001,richmond,24,1050503583329955,1,0.725618
m002,richmond,41,1294684158910702,1,0.783158
m003,richmond,61,780391337668333,1,0.89842
m004,richmond,62,822353906794602,1,0.5562
m005,richmond,104,1589004208714002,2,0.646582
m006,richmond,127,1315788070079167,1,0.900454
m007,richmond,154,1483585545954157,1,0.845066
m008,richmond,171,1828524234403425,0,0.790816
m009,richmond,181,3956582084664486,0,0.98532
m010,richmond,232,681333794968062,0,0.715194
m011,richmond,312,522346373509256,1,0.775831
m012,richmond,319,1288163659019705,0,0.969376
m013,richmond,321,3980741912187626,0,0.888753
m014,richmond,336,552315380916113,2,0.894925
m015,richmond,350,723487737079243,1,0.892865
m016,richmond,355,27724402107145083,3,0.821923
m017,richmond,372,1263975528308076,2,0.869181
m018,richmond,384,700668799338315,0,0.963098
m019,richmond,387,1260990361757674,0,0.557111
m020,richmond,393,27724402107145083,0,0.716047
m021,richmond,493,1327023138707493,1,0.865112
m022,richmond,496,1309093164014619,1,0.924309
m023,richmond,500,1185319949364085,0,0.949643
m024,richmond,509,1107064934776754,1,0.948352
m025,richmond,533,775828278323576,0,0.779719
m026,richmond,535,1110314244387816,0,0.551198
m027,richmond,549,4102292636718018,0,0.944163
m028,richmond,581,1327023138707493,0,0.850608
m029,richmond,596,593421160518191,2,0.93853
m030,richmond,601,1483585545954157,0,0.937244
m031,richmond,609,822353906794602,0,0.936267
m032,richmond,610,1701172050581812,0,0.878233
m033,richmond,696,2067733823644753,1,0.912062
m034,richmond,699,1085890173202735,1,0.901162
m035,richmond,732,593421160518191,4,0.802931
m036,richmond,733,723487737079243,2,0.830909
m037,richmond,751,822353906794602,0,0.868134
m038,richmond,761,1427673368387929,2,0.919716
m039,richmond,762,1092133469495462,0,0.826534
m040,richmond,791,3980741912187626,1,0.622012
m041,richmond,836,1309093164014619,3,0.856028
m042,richmond,866,3901547360084831,1,0.840795
m043,richmond,880,822353906794602,0,0.902914
m044,richmond,973,1187483045673326,0,0.883037
m045,richmond,1054,1119718896242677,1,0.859935
m046,richmond,1060,1237376427883773,3,0.831143
m047,richmond,1095,1483585545954157,3,0.798225
m048,richmond,1100,593421160518191,4,0.805525
m049,richmond,1187,4116269558691031,3,0.554371
m050,richmond,1189,1483585545954157,5,0.696074
m051,richmond,1199,1130501775077894,7,0.632422
m052,richmond,1271,3980741912187626,3,0.57007
m053,richmond,1287,723487737079243,2,0.642002
m054,richmond,1296,1309093164014619,6,0.743784
m055,richmond,1302,1110314244387816,2,0.726025
m056,richmond,1360,3980741912187626,4,0.703958
m057,richmond,1365,2111278956050786,2,0.604363
m058,richmond,1404,1050503583329955,4,0.666597
m059,paterson,954,3dq9TqRXzopD0yvztHg8rg,0,0.811595
m060,paterson,1264,e2tMNl4AQvYcYtzyd9aTOg,2,0.885538
m061,paterson,1348,zB7_9mtLQuVbRyZrttlMXg,1,0.967353
m062,paterson,1959,Zu314hB3XfshUEt2hsd0RQ,0,0.954327
m063,paterson,2413,UOMaPWpm2CRHbfqMgY_hbQ,3,0.646899
m064,paterson,2447,RGAxlzGeyK3ncjFZ9VXpBA,0,0.931742
m065,paterson,2575,fSQ5B3z1vT-Ym1-siL8iOA,1,0.941131
m066,paterson,2579,zB7_9mtLQuVbRyZrttlMXg,2,0.794849
m067,paterson,2633,0s94i47Wdggc9cHmBjEe8w,1,0.904354
m068,paterson,3553,nqA7oH-86S2CmsGA9hyVtA,2,0.910142
m069,paterson,4027,3BTAarqIRrxbpFHUFJhtSQ,1,0.874614
m070,paterson,4725,XRsv_X3jYvAM1BPI-oQJUg,1,0.890211
m071,paterson,4800,Z929dNP7sDp8cU6sjIeKAw,6,0.887189
m072,paterson,4854,PM92O1ji0i42GTuhT_ll5A,2,0.767024
m073,paterson,4993,ixm9RoZTI443YB7QoJ6nLQ,1,0.879144
m074,paterson,5009,RGAxlzGeyK3ncjFZ9VXpBA,2,0.858658
m075,paterson,5037,BjV06xLkvfHDCTJMA5WK6Q,2,0.877064
m076,paterson,5079,0s94i47Wdggc9cHmBjEe8w,3,0.874897
m077,paterson,5100,0-zmUwLwl5ENJgqxheDklQ,2,0.873804
m078,paterson,5390,as5xCAJAYMT35sgs0rx2_w,3,0.859767
m079,paterson,5418,aZxwqPZnkC3sv5dTZOEomA,1,0.857555
m080,paterson,5695,k3ipUDBk_fu7EXSVSNGaig,5,0.806646
m081,paterson,5748,eIw8Y1zl7qgUW6bTPzk3gA,0,0.790581
m082,paterson,5848,21Gw_VuYrSK42PCF32UGUw,2,0.823865
m083,paterson,5917,k3ipUDBk_fu7EXSVSNGaig,4,0.817807
m084,paterson,6561,ZcGyifqcyvUwLtCYGTr3oA,7,0.594386
m085,paterson,6885,y8Q6XDfEoPt5K6ONqi406w,1,0.555475
m086,gainesville,63,xExZyWexGcwGNf5LNhQBRg,0,0.840144
m087,gainesville,523,82y6sIvPm-_shG58klusgw,2,0.951569
m088,gainesville,599,rFa5e9WO2AombOfKxw1GzA,1,0.818027
m089,gainesville,1682,dVrNCxUTFAfeyVNMXQ1LTw,2,0.898862
m090,gainesville,1897,9D-oOS00uSg18nvfm8t9zQ,4,0.761394
m091,gainesville,2641,9D-oOS00uSg18nvfm8t9zQ,5,0.628187
m092,gainesville,3136,pM_zjaOL4jt8_niIC0EU2Q,0,0.782968
m093,gainesville,3202,HoOapW5g53qbEFjLA7yv3Q,1,0.699146
m094,bend,114,62TiKmlmxt_xn_68w1lgAw,3,0.919106
m095,bend,410,PX5zU_2KkKO0Gr4FiSe9aw,0,1.006627
m096,bend,1390,dUy9p1NputrGH7SFDmbCpg,2,0.954889
m097,bend,2464,yJmMJeV6PD3UZlAmm4cmWg,5,0.929966
m098,bend,4202,ukV9s59lkyu-xEjUdK7CmQ,3,0.860109
m099,bend,4631,BfLStXTTg1-0FjTrZcvYWg,1,0.857845
m100,bend,7316,Noi7DhIT3xbCjA2Ip4QOyg,4,0.915961
m101,bend,8401,rQtHh0Wai-D1FvbvqBlWdw,0,0.905209
m102,bend,8966,rQtHh0Wai-D1FvbvqBlWdw,2,0.799965
m103,bend,9356,rQtHh0Wai-D1FvbvqBlWdw,3,0.607786
m104,bend,10167,cqb7v_2KGHMeSy8VpvkcDQ,2,0.812922
m105,bend,10987,X3HUl4G0JyP3fwNYcFAXVw,0,0.789249
m106,sao_paulo,71,iXAvtzzMg2Vh5aZPuGIk_Q,0,0.94429
m107,sao_paulo,108,S2IuBk3pE9q76j1Z4hQC8A,0,0.998069
m108,sao_paulo,234,2vVoZEbjn1wxGCCvCmgeUQ,1,0.950138
m109,sao_paulo,395,a70PDmeTUAplnAAszg96rQ,0,0.686449
m110,sao_paulo,577,MO1IiuyyjHfY4uBuEsgoeg,0,0.954675
m111,sao_paulo,584,r0oKhyEUSiK2FMKwXE7Z4g,2,0.67665
m112,sao_paulo,599,-pcHlrGDC4hPPRHVxU3W3Q,2,0.942135
m113,sao_paulo,674,H2cEJygbNd56-362PsICjA,0,0.948452
m114,sao_paulo,820,n-DwmldMs-ZZVYS1gF_qYQ,0,0.940049
m115,sao_paulo,999,H2cEJygbNd56-362PsICjA,2,0.928774
m116,sao_paulo,1079,8qkdHYilRAI7Vrdpg2XuDw,0,0.738079
m117,sao_paulo,1130,lASBXjG5VnksPRJajz2FKw,0,0.920871
m118,sao_paulo,1476,NiIR-hk3d6gP7qp4s1BM4w,0,0.783173
m119,sao_paulo,1567,I0LGgFwBsGIYNbIsIaLgpQ,2,0.680667
m120,sao_paulo,1696,9e52qBoSx6RlPRP2VHBTqA,0,0.883308
m121,sao_paulo,1789,S2IuBk3pE9q76j1Z4hQC8A,4,0.842604
m122,sao_paulo,2270,74L65cpBc6Sv_D15h1n4Rw,0,0.596008
m123,sao_paulo,2306,E2-oeApmq0sW_GDdLFbnCQ,6,0.835474
m124,sao_paulo,2428,NoadtY-SJzlUAlm7E74VLw,0,0.82505
m125,sao_paulo,2773,M5mjc-BAtPFJppa9npq4xA,1,0.689935
m126,sao_paulo,3904,Sg0GiqhXxeFwuhRVQZGWfw,0,0.656501
