key,pano_id,reason
31510,4fUvUFdORh7UImW8kCY1Uw,no readable pano jpeg in makelab2:/projects/makeabilitylab/sidewalk_panos/Panoramas/vancouver-wa
31511,4fUvUFdORh7UImW8kCY1Uw,no readable pano jpeg in makelab2:/projects/makeabilitylab/sidewalk_panos/Panoramas/vancouver-wa
31512,4fUvUFdORh7UImW8kCY1Uw,no readable pano jpeg in makelab2:/projects/makeabilitylab/sidewalk_panos/Panoramas/vancouver-wa
31513,4fUvUFdORh7UImW8kCY1Uw,no readable pano jpeg in makelab2:/projects/makeabilitylab/sidewalk_panos/Panoramas/vancouver-wa
32766,61IZ838EQVJOxFTK4n6-qQ,no readable pano jpeg in makelab2:/projects/makeabilitylab/sidewalk_panos/Panoramas/vancouver-wa
32767,61IZ838EQVJOxFTK4n6-qQ,no readable pano jpeg in makelab2:/projects/makeabilitylab/sidewalk_panos/Panoramas/vancouver-wa
43243,GdN6BQv-OUuRA9vZl4k42w,no readable pano jpeg in makelab2:/projects/makeabilitylab/sidewalk_panos/Panoramas/vancouver-wa
43244,GdN6BQv-OUuRA9vZl4k42w,no readable pano jpeg in makelab2:/projects/makeabilitylab/sidewalk_panos/Panoramas/vancouver-wa
43245,GdN6BQv-OUuRA9vZl4k42w,no readable pano jpeg in makelab2:/projects/makeabilitylab/sidewalk_panos/Panoramas/vancouver-wa
49302,MwHUdKFnDsf3REFrlwBMmw,no readable pano jpeg in makelab2:/projects/makeabilitylab/sidewalk_panos/Panoramas/vancouver-wa
56736,UhifNZyiMX1k4X-5TPvyew,no readable pano jpeg in makelab2:/projects/makeabilitylab/sidewalk_panos/Panoramas/vancouver-wa
56737,UhifNZyiMX1k4X-5TPvyew,no readable pano jpeg in makelab2:/projects/makeabilitylab/sidewalk_panos/Panoramas/vancouver-wa
56738,UhifNZyiMX1k4X-5TPvyew,no readable pano jpeg in makelab2:/projects/makeabilitylab/sidewalk_panos/Panoramas/vancouver-wa
60335,W9mY9NQoOHVJxc9Lk5oddg,no readable pano jpeg in makelab2:/projects/makeabilitylab/sidewalk_panos/Panoramas/vancouver-wa
60977,Y6cAbmQmpL5cD30X0hmMOA,no readable pano jpeg in makelab2:/projects/makeabilitylab/sidewalk_panos/Panoramas/vancouver-wa
60978,Y6cAbmQmpL5cD30X0hmMOA,no readable pano jpeg in makelab2:/projects/makeabilitylab/sidewalk_panos/Panoramas/vancouver-wa
61618,YhWbI4t-D7FrjQtBqRdFLg,no readable pano jpeg in makelab2:/projects/makeabilitylab/sidewalk_panos/Panoramas/vancouver-wa
61619,YhWbI4t-D7FrjQtBqRdFLg,no readable pano jpeg in makelab2:/projects/makeabilitylab/sidewalk_panos/Panoramas/vancouver-wa
63731,_y7XsM72Rz_2a5kGfKhaEg,no readable pano jpeg in makelab2:/projects/makeabilitylab/sidewalk_panos/Panoramas/vancouver-wa
63732,_y7XsM72Rz_2a5kGfKhaEg,no readable pano jpeg in makelab2:/projects/makeabilitylab/sidewalk_panos/Panoramas/vancouver-wa
64451,ak22ImAKEcCukZA9PiLu2A,no readable pano jpeg in makelab2:/projects/makeabilitylab/sidewalk_panos/Panoramas/vancouver-wa
70255,gviH9UqVSNLgAijXsVRM9Q,no readable pano jpeg in makelab2:/projects/makeabilitylab/sidewalk_panos/Panoramas/vancouver-wa
70256,gviH9UqVSNLgAijXsVRM9Q,no readable pano jpeg in makelab2:/projects/makeabilitylab/sidewalk_panos/Panoramas/vancouver-wa
70257,gviH9UqVSNLgAijXsVRM9Q,no readable pano jpeg in makelab2:/projects/makeabilitylab/sidewalk_panos/Panoramas/vancouver-wa
70258,gviH9UqVSNLgAijXsVRM9Q,no readable pano jpeg in makelab2:/projects/makeabilitylab/sidewalk_panos/Panoramas/vancouver-wa
73610,jlKhn1l5GQ981yCDdDewhQ,no readable pano jpeg in makelab2:/projects/makeabilitylab/sidewalk_panos/Panoramas/vancouver-wa
73611,jlKhn1l5GQ981yCDdDewhQ,no readable pano jpeg in makelab2:/projects/makeabilitylab/sidewalk_panos/Panoramas/vancouver-wa
73612,jlKhn1l5GQ981yCDdDewhQ,no readable pano jpeg in makelab2:/projects/makeabilitylab/sidewalk_panos/Panoramas/vancouver-wa
73613,jlKhn1l5GQ981yCDdDewhQ,no readable pano jpeg in makelab2:/projects/makeabilitylab/sidewalk_panos/Panoramas/vancouver-wa
73614,jlKhn1l5GQ981yCDdDewhQ,no readable pano jpeg in makelab2:/projects/makeabilitylab/sidewalk_panos/Panoramas/vancouver-wa
73615,jlKhn1l5GQ981yCDdDewhQ,no readable pano jpeg in makelab2:/projects/makeabilitylab/sidewalk_panos/Panoramas/vancouver-wa
73616,jlKhn1l5GQ981yCDdDewhQ,no readable pano jpeg in makelab2:/projects/makeabilitylab/sidewalk_panos/Panoramas/vancouver-wa
73617,jlKhn1l5GQ981yCDdDewhQ,no readable pano jpeg in makelab2:/projects/makeabilitylab/sidewalk_panos/Panoramas/vancouver-wa
76517,mmMp12t9ky0v3fcb-sxf0g,no readable pano jpeg in makelab2:/projects/makeabilitylab/sidewalk_panos/Panoramas/vancouver-wa
79261,p__8gnRfbKuyoPtF0XX2VQ,no readable pano jpeg in makelab2:/projects/makeabilitylab/sidewalk_panos/Panoramas/vancouver-wa
79262,p__8gnRfbKuyoPtF0XX2VQ,no readable pano jpeg in makelab2:/projects/makeabilitylab/sidewalk_panos/Panoramas/vancouver-wa
79263,p__8gnRfbKuyoPtF0XX2VQ,no readable pano jpeg in makelab2:/projects/makeabilitylab/sidewalk_panos/Panoramas/vancouver-wa
79264,p__8gnRfbKuyoPtF0XX2VQ,no readable pano jpeg in makelab2:/projects/makeabilitylab/sidewalk_panos/Panoramas/vancouver-wa
79265,p__8gnRfbKuyoPtF0XX2VQ,no readable pano jpeg in makelab2:/projects/makeabilitylab/sidewalk_panos/Panoramas/vancouver-wa
79266,p__8gnRfbKuyoPtF0XX2VQ,no readable pano jpeg in makelab2:/projects/makeabilitylab/sidewalk_panos/Panoramas/vancouver-wa
79267,p__8gnRfbKuyoPtF0XX2VQ,no readable pano jpeg in makelab2:/projects/makeabilitylab/sidewalk_panos/Panoramas/vancouver-wa
