pair_id,city,imagery,ramp_uid,src_pano,src_x,src_y,src_range_m,src_date,oth_pano,oth_date,same_date,oth_range_m,baseline_m,proj_x,proj_y,ref_x,ref_y,ref_conf,ref_world_gap_m
p000,richmond,mapillary,richmond:180,432356313302579,0.621094,0.552734,15.550012,2024-09,892562259502473,2024-09,1,10.710152,10.500907,0.740881,0.575808,0.753906,0.583984,0.884419,1.366726
p001,richmond,mapillary,richmond:180,432356313302579,0.621094,0.552734,15.550012,2024-09,570754238769520,2024-09,1,14.303705,20.893235,0.869115,0.557239,0.878906,0.554688,0.86144,1.129468
p002,richmond,mapillary,richmond:235,893023542323690,0.550781,0.552734,15.550012,2024-09,8097327417013236,2024-08,0,6.525207,12.977273,0.722727,0.620696,0.730469,0.599609,0.907368,1.550983
p003,richmond,mapillary,richmond:235,893023542323690,0.550781,0.552734,15.550012,2024-09,839561018380630,2024-09,1,12.174387,7.380291,0.64553,0.566973,0.651367,0.583984,0.931685,2.580566
p004,richmond,mapillary,richmond:75,1273933840289887,0.424805,0.539062,21.080243,2024-09,3846135045648397,2024-09,1,16.747763,8.279168,0.108323,0.54903,0.128906,0.552734,0.8564,2.404053
p005,richmond,mapillary,richmond:75,1273933840289887,0.424805,0.539062,21.080243,2024-09,537349042363911,2024-09,1,10.461427,13.252647,0.255805,0.577545,0.31543,0.601562,0.910635,4.258473
p006,richmond,mapillary,richmond:186,433987753066526,0.238281,0.570312,11.578326,2024-09,1545348006344164,2024-09,1,12.423474,5.462083,0.31154,0.565671,0.331055,0.568359,0.936915,1.573902
p007,richmond,mapillary,richmond:186,433987753066526,0.238281,0.570312,11.578326,2024-09,1100727651416849,2024-09,1,14.899075,10.324249,0.842049,0.554999,0.823242,0.554688,0.928844,1.766608
p008,richmond,mapillary,richmond:37,1119718896242677,0.824219,0.646484,5.245206,2024-09,1354294046112491,2025-09,0,5.526034,7.216868,0.069206,0.63998,0.082031,0.585938,0.953891,3.912108
p009,richmond,mapillary,richmond:37,1119718896242677,0.824219,0.646484,5.245206,2024-09,690601574068115,2025-09,0,8.94655,3.70166,0.833275,0.590021,0.838867,0.601562,0.932287,1.116278
p010,richmond,mapillary,richmond:191,461898606342872,0.557617,0.570312,11.578326,2024-09,2171151313278397,2024-09,1,17.08777,27.565183,0.970857,0.548062,0.979492,0.539062,0.816675,4.122316
p011,richmond,mapillary,richmond:191,461898606342872,0.557617,0.570312,11.578326,2024-09,949348443669949,2024-09,1,7.807969,17.639128,0.923093,0.602314,0.948242,0.585938,0.913635,2.084666
p012,richmond,mapillary,richmond:202,559372759847379,0.206055,0.585938,9.395193,2024-09,2016453448797967,2024-09,1,12.169624,4.277142,0.119853,0.566993,0.112305,0.568359,0.851602,0.623717
p013,richmond,mapillary,richmond:202,559372759847379,0.206055,0.585938,9.395193,2024-09,1027625939100595,2024-09,1,11.956662,9.186022,0.401559,0.568153,0.40918,0.552734,0.772425,3.651428
p014,richmond,mapillary,richmond:40,1126712375884972,0.753906,0.630859,5.964017,2024-11,1125042798727360,2024-11,1,8.388896,6.44114,0.619638,0.595672,0.635742,0.599609,0.814546,0.90223
p015,richmond,mapillary,richmond:40,1126712375884972,0.753906,0.630859,5.964017,2024-11,1067276634948381,2024-11,1,11.243563,9.270015,0.908044,0.572336,0.910156,0.583984,0.705723,1.624881
p016,richmond,mapillary,richmond:30,1107064934776754,0.885742,0.615234,6.865408,2024-11,1374266620469055,2024-11,1,12.638773,17.103913,0.550947,0.564582,0.566406,0.568359,0.777066,1.391586
p017,richmond,mapillary,richmond:30,1107064934776754,0.885742,0.615234,6.865408,2024-11,1557687818959369,2024-09,0,15.549179,19.244918,0.075376,0.552739,0.082031,0.554688,0.81174,0.852157
p018,richmond,mapillary,richmond:236,911337534530260,0.612305,0.601562,7.870312,2024-11,614589897915277,2024-11,1,8.886805,13.031364,0.894407,0.590597,0.87793,0.615234,0.879961,2.177178
p019,richmond,mapillary,richmond:236,911337534530260,0.612305,0.601562,7.870312,2024-11,691071020220182,2024-11,1,17.560711,10.763176,0.167557,0.546788,0.160156,0.539062,0.915641,3.631445
p020,richmond,mapillary,richmond:204,593421160518191,0.230469,0.601562,7.870312,2025-08,1508245286488757,2024-08,0,4.679291,10.869588,0.291643,0.661438,0.300781,0.599609,0.857392,3.374844
p021,richmond,mapillary,richmond:204,593421160518191,0.230469,0.601562,7.870312,2025-08,3765651290401241,2025-08,1,13.911277,12.760153,0.421973,0.558813,0.432617,0.583984,0.853742,4.35599
p022,richmond,mapillary,richmond:178,424364943656028,0.324219,0.568359,11.919991,2024-09,3672102756383367,2024-09,1,10.910677,12.981991,0.120968,0.574464,0.105469,0.568359,0.904785,1.500496
p023,richmond,mapillary,richmond:178,424364943656028,0.324219,0.568359,11.919991,2024-09,523382153914925,2024-09,1,16.390859,19.32891,0.075345,0.550075,0.066406,0.552734,0.85487,1.228957
p024,richmond,mapillary,richmond:198,522346373509256,0.651367,0.583984,9.624548,2024-08,2010724586081078,2024-11,0,9.393407,6.606045,0.785219,0.585952,0.753906,0.630859,0.925449,3.731307
p025,richmond,mapillary,richmond:198,522346373509256,0.651367,0.583984,9.624548,2024-08,964414308707600,2024-08,1,10.573605,4.42637,0.834183,0.576747,0.84668,0.599609,0.958628,2.639374
p026,richmond,mapillary,richmond:93,1327023138707493,0.410156,0.554688,14.984169,2024-11,780062717703110,2025-08,0,6.62971,17.429293,0.656689,0.618966,0.651367,0.570312,0.989012,4.957276
p027,richmond,mapillary,richmond:93,1327023138707493,0.410156,0.554688,14.984169,2024-11,1545203819444610,2024-11,1,11.685372,21.837563,0.107364,0.569689,0.074219,0.568359,0.865828,2.464595
p028,richmond,mapillary,richmond:0,1002881108606016,0.72168,0.583984,9.624548,2025-09,4059271244290290,2025-09,1,13.591938,11.311272,0.875488,0.560159,0.871094,0.583984,0.92918,3.980524
p029,richmond,mapillary,richmond:0,1002881108606016,0.72168,0.583984,9.624548,2025-09,3932152233596707,2025-09,1,11.991549,5.721903,0.6433,0.567964,0.636719,0.554688,0.902985,3.043506
p030,richmond,mapillary,richmond:114,1739689546844035,0.136719,0.615234,6.865408,2024-09,576770591436602,2024-09,1,5.492718,3.037299,0.247681,0.64072,0.25293,0.630859,0.630085,0.507441
p031,richmond,mapillary,richmond:114,1739689546844035,0.136719,0.615234,6.865408,2024-09,855541446695048,2024-09,1,13.69724,15.79463,0.409135,0.559711,0.401367,0.554688,0.787351,1.464477
p032,richmond,mapillary,richmond:32,1108131584865233,0.838867,0.568359,11.919991,2025-09,679552811514408,2024-11,0,9.504928,7.252925,0.734285,0.58499,0.768555,0.568359,0.813689,3.326061
p033,richmond,mapillary,richmond:32,1108131584865233,0.838867,0.568359,11.919991,2025-09,3900248546788564,2024-11,0,15.229927,5.488305,0.883968,0.553817,0.871094,0.554688,0.798225,1.246444
p034,richmond,mapillary,richmond:38,1126712375884972,0.557617,0.554688,14.984169,2024-11,1672170886677386,2024-09,0,13.087859,5.935916,0.884962,0.562426,0.878906,0.570312,0.946893,1.579838
p035,richmond,mapillary,richmond:38,1126712375884972,0.557617,0.554688,14.984169,2024-11,23955529360784045,2024-11,1,14.104695,26.422095,0.929772,0.558025,0.924805,0.570312,0.869865,2.557644
p036,richmond,mapillary,richmond:90,1309093164014619,0.791992,0.539062,21.080243,2025-09,3404143179718567,2024-09,0,16.431132,35.399392,0.954941,0.549951,0.94043,0.552734,0.825398,1.703109
p037,richmond,mapillary,richmond:90,1309093164014619,0.791992,0.539062,21.080243,2025-09,476013368123554,2024-09,0,10.361676,28.963125,0.955566,0.578252,0.933594,0.583984,0.928687,1.562656
p038,richmond,mapillary,richmond:201,552315380916113,0.402344,0.552734,15.550012,2024-11,521185194350223,2024-11,1,9.206405,6.372102,0.915733,0.587613,0.917969,0.630859,0.957824,3.244053
p039,richmond,mapillary,richmond:201,552315380916113,0.402344,0.552734,15.550012,2024-11,1093460485548927,2024-09,0,14.469624,29.400344,0.593081,0.556593,0.597656,0.552734,0.884696,1.163405
p040,richmond,mapillary,richmond:25,1092133469495462,0.699219,0.632812,5.865506,2024-11,1806147106965103,2024-11,1,13.465728,10.675542,0.559103,0.560711,0.56543,0.552734,0.804459,2.161772
p041,richmond,mapillary,richmond:25,1092133469495462,0.699219,0.632812,5.865506,2024-11,2163793620710887,2024-11,1,15.423447,13.588136,0.613618,0.553159,0.605469,0.568359,0.732103,3.571581
p042,richmond,mapillary,richmond:174,423989957171190,0.371094,0.539062,21.080243,2024-09,503071552092281,2024-07,0,17.100416,3.989276,0.36404,0.54803,0.362305,0.552734,0.920511,1.56013
p043,richmond,mapillary,richmond:99,1335429861397399,0.746094,0.570312,11.578326,2025-09,2405785473140729,2024-11,0,17.026453,9.639426,0.434893,0.548234,0.424805,0.539062,0.905151,4.227842
p044,richmond,mapillary,richmond:99,1335429861397399,0.746094,0.570312,11.578326,2025-09,780580238100270,2025-09,1,12.835732,5.291372,0.678139,0.563616,0.666992,0.554688,0.964319,2.357667
p045,richmond,mapillary,richmond:150,2263954690670646,0.941406,0.599609,8.035517,2024-09,540375335378976,2024-09,1,15.908233,8.253678,0.964296,0.551569,0.963867,0.552734,0.981956,0.36046
p046,richmond,mapillary,richmond:150,2263954690670646,0.941406,0.599609,8.035517,2024-09,463136160112533,2024-09,1,8.170367,16.05207,0.576153,0.598069,0.573242,0.599609,0.981471,0.200294
p047,richmond,mapillary,richmond:29,1107064934776754,0.582031,0.585938,9.395193,2024-11,614436767693579,2024-11,1,17.195434,8.439883,0.540165,0.547769,0.541992,0.539062,0.828846,3.89141
p048,richmond,mapillary,richmond:29,1107064934776754,0.582031,0.585938,9.395193,2024-11,1173351258000393,2024-11,1,9.859414,16.460987,0.909729,0.582072,0.902344,0.599609,0.872186,1.870067
p049,richmond,mapillary,richmond:31,1107064934776754,0.393555,0.568359,11.919991,2024-11,568914279037023,2024-09,0,13.860748,7.489137,0.148244,0.559023,0.152344,0.568359,0.844516,1.968674
p050,richmond,mapillary,richmond:31,1107064934776754,0.393555,0.568359,11.919991,2024-11,1766929331370205,2024-11,1,5.642387,8.899277,0.267663,0.637447,0.229492,0.601562,0.72783,2.73982
p051,richmond,mapillary,richmond:28,1107064934776754,0.105469,0.585938,9.395193,2024-11,8497103950378119,2024-09,0,15.050436,22.191833,0.966972,0.554452,0.97168,0.552734,0.604434,0.674091
p052,richmond,mapillary,richmond:28,1107064934776754,0.105469,0.585938,9.395193,2024-11,614436767693579,2024-11,1,6.06061,8.439883,0.275814,0.628998,0.300781,0.599609,0.805745,2.25757
p053,richmond,mapillary,richmond:138,2067733823644753,0.78418,0.615234,6.865408,2024-09,580044101226355,2024-11,0,13.182846,10.5583,0.917521,0.561981,0.925781,0.568359,0.931213,1.421041
p054,richmond,mapillary,richmond:138,2067733823644753,0.78418,0.615234,6.865408,2024-09,8851541508300009,2024-11,0,3.90574,4.784208,0.763557,0.686951,0.87793,0.710938,0.635448,2.600927
p055,richmond,mapillary,richmond:96,1335429861397399,0.246094,0.646484,5.245206,2025-09,730938232716218,2024-11,0,9.723325,11.413055,0.25685,0.583168,0.276367,0.570312,0.8901,2.265166
p056,richmond,mapillary,richmond:96,1335429861397399,0.246094,0.646484,5.245206,2025-09,2615441925465755,2025-09,1,7.568806,5.451831,0.117814,0.605324,0.105469,0.615234,0.931695,0.898469
p057,richmond,mapillary,richmond:145,2184370012043145,0.291992,0.583984,9.624548,2025-08,503784919327429,2024-09,0,13.260774,12.320974,0.575996,0.561628,0.588867,0.568359,0.900397,1.682576
p058,richmond,mapillary,richmond:145,2184370012043145,0.291992,0.583984,9.624548,2025-08,781732254609890,2025-08,1,5.709153,8.140462,0.38217,0.636027,0.401367,0.601562,0.887892,2.307256
p059,richmond,mapillary,richmond:228,8726984263984099,0.871094,0.554688,14.984169,2024-07,840609548278118,2024-09,0,17.752327,8.680501,0.624637,0.546292,0.59668,0.554688,0.912933,3.981
p060,paterson,gsv,paterson:114,R9WHDEVRAq5IdtLkLFhL_A,0.925781,0.554688,14.984169,2019-07,YgFByXdIERPePJCEP_q-3w,2019-07,1,7.380098,10.451305,0.815527,0.607818,0.792969,0.632812,0.944889,1.778253
p061,paterson,gsv,paterson:114,R9WHDEVRAq5IdtLkLFhL_A,0.925781,0.554688,14.984169,2019-07,Og25aUgrpz77yzpNVezTRA,2019-07,1,10.002093,20.737429,0.620038,0.580951,0.59668,0.583984,0.829946,1.48745
p062,paterson,gsv,paterson:189,cuFkPrv4UsqzeJCdibl1FQ,0.56543,0.554688,14.984169,2024-11,F1ENdLn-3uvBWYai2DslSg,2024-11,1,13.698964,26.950614,0.400186,0.559705,0.393555,0.554688,0.784077,1.417542
p063,paterson,gsv,paterson:189,cuFkPrv4UsqzeJCdibl1FQ,0.56543,0.554688,14.984169,2024-11,X5SUVjsxaWX9Obk9URZHmw,2024-11,1,10.301503,24.489804,0.322695,0.578709,0.338867,0.568359,1.004269,1.973153
p064,paterson,gsv,paterson:64,AhV3GKVFnENcHwhG45WN2g,0.769531,0.615234,6.865408,2025-08,F6ykheLmnsf9-b0tDdhEiA,2024-11,0,17.221222,23.439432,0.431692,0.547698,0.425781,0.554688,0.87188,2.314981
p065,paterson,gsv,paterson:136,X3ppzLhvsS7aGu9Lv8GdBA,0.088867,0.570312,11.578326,2020-11,SkFUNscDRB-412FV3Q6pdA,2024-11,0,11.310377,21.757994,0.132465,0.571938,0.135742,0.570312,0.770784,0.358723
p066,paterson,gsv,paterson:136,X3ppzLhvsS7aGu9Lv8GdBA,0.088867,0.570312,11.578326,2020-11,jB81GSc3LeFynJF3kzGk2g,2020-11,1,4.634026,10.751988,0.215271,0.662754,0.245117,0.664062,0.566196,0.864879
p067,paterson,gsv,paterson:167,aZxwqPZnkC3sv5dTZOEomA,0.550781,0.570312,11.578326,2025-08,Ssc04EZbwruB5mPUaLO7HA,2020-11,0,13.346766,16.975807,0.53721,0.561242,0.581055,0.552734,0.898257,4.52857
p068,paterson,gsv,paterson:167,aZxwqPZnkC3sv5dTZOEomA,0.550781,0.570312,11.578326,2025-08,oyadHcmcubIWzWZkDnIzYw,2015-11,0,8.438548,11.306387,0.345428,0.59514,0.394531,0.615234,0.848195,2.818819
p069,paterson,gsv,paterson:169,aon4zuny7-LGeKV7JympCw,0.299805,0.646484,5.245206,2024-11,nnGi-6kuOvoOgUxC9t3Dig,2024-11,1,11.443248,8.732947,0.428487,0.571115,0.424805,0.568359,1.012192,0.547922
p070,paterson,gsv,paterson:169,aon4zuny7-LGeKV7JympCw,0.299805,0.646484,5.245206,2024-11,OuOFuH52klmuUn5B0wrQPA,2025-10,0,9.219588,7.625684,0.894585,0.587491,0.901367,0.583984,0.837669,0.569986
p071,paterson,gsv,paterson:127,WJObi8mVH47hu4RDg_PEOQ,0.581055,0.552734,15.550012,2018-08,ReCURY4VjeCCm94J7lZ7XA,2024-11,0,10.701614,8.650525,0.892979,0.575864,0.901367,0.583984,0.901802,1.202604
p072,paterson,gsv,paterson:127,WJObi8mVH47hu4RDg_PEOQ,0.581055,0.552734,15.550012,2018-08,t5l-3KlB8tvp_6EB22BHtQ,2024-11,0,6.894698,10.815324,0.70754,0.614786,0.69043,0.630859,0.95051,1.157995
p073,paterson,gsv,paterson:286,wVWZk8xcqrpV0l1CKpK45w,0.09668,0.554688,14.984169,2025-08,3K8wnxqURHqFq80KSMHZiQ,2025-08,1,8.831337,10.512523,0.217961,0.591137,0.229492,0.583984,0.848009,1.036883
p074,paterson,gsv,paterson:286,wVWZk8xcqrpV0l1CKpK45w,0.09668,0.554688,14.984169,2025-08,wK4VVAtx0bQ5bvsD-_IcBg,2025-08,1,11.763159,20.545376,0.357961,0.569242,0.354492,0.552734,0.629779,3.798308
p075,paterson,gsv,paterson:91,IXCSjRuAqY4_iyOU_2rxeQ,0.527344,0.539062,21.080243,2019-08,Crdhx-FGs3fJG2sLGmD81A,2020-11,0,14.378186,7.822577,0.069604,0.556945,0.074219,0.554688,0.899719,0.740646
p076,paterson,gsv,paterson:91,IXCSjRuAqY4_iyOU_2rxeQ,0.527344,0.539062,21.080243,2019-08,p-ekKXABXFWBT1gbZvTWPw,2021-09,0,9.555637,29.974532,0.354661,0.584563,0.347656,0.615234,0.95321,2.71364
p077,paterson,gsv,paterson:55,80E3CRwZRxGtczZCQX3JNg,0.549805,0.554688,14.984169,2024-09,AtJ2GOV9lfFivC0OyLfWrA,2025-10,0,11.900144,15.802882,0.738728,0.568467,0.714844,0.554688,0.627687,3.676423
p078,paterson,gsv,paterson:55,80E3CRwZRxGtczZCQX3JNg,0.549805,0.554688,14.984169,2024-09,-0X0qQwSkeAkPNIsQDiLBg,2024-09,1,7.218696,20.203036,0.891369,0.610033,0.910156,0.599609,0.942361,1.213639
p079,paterson,gsv,paterson:198,eIw8Y1zl7qgUW6bTPzk3gA,0.893555,0.568359,11.919991,2021-10,tZCzLu7bRlNGh-_SouC5DA,2021-10,1,8.786892,9.305075,0.685259,0.591571,0.660156,0.599609,1.011089,1.522439
p080,paterson,gsv,paterson:198,eIw8Y1zl7qgUW6bTPzk3gA,0.893555,0.568359,11.919991,2021-10,UqK2UPKPwMCv1ZQXbPPw2A,2021-09,0,9.605111,19.701994,0.293297,0.584146,0.28418,0.583984,0.936548,0.55106
p081,paterson,gsv,paterson:61,AhV3GKVFnENcHwhG45WN2g,0.56543,0.552734,15.550012,2025-08,Vsm93hbV8M-nNPDcDHoGug,2025-08,1,9.303271,20.320896,0.869418,0.586749,0.894531,0.570312,0.959973,2.802812
p082,paterson,gsv,paterson:165,_FfdhRGlkbTABymQR3t1_A,0.613281,0.554688,14.984169,2025-10,HNjdwB92Pr2X2A805e8uag,2025-10,1,7.686238,10.111902,0.626463,0.603834,0.706055,0.630859,0.91868,3.767135
p083,paterson,gsv,paterson:86,G7_klPoeLoxXAdoW6affDA,0.214844,0.568359,11.919991,2025-08,Y6buHIWT3sloc15ABFEwsw,2025-08,1,10.428972,11.364747,0.236681,0.577781,0.198242,0.568359,0.950152,3.073006
p084,paterson,gsv,paterson:92,L8lyOJwUI8j3Mk_cV-R80Q,0.073242,0.539062,21.080243,2021-10,V9reTGq-f5hcz7aqpIIoVQ,2021-10,1,12.818008,10.029554,0.127371,0.563694,0.144531,0.583984,0.897227,3.411716
p085,paterson,gsv,paterson:92,L8lyOJwUI8j3Mk_cV-R80Q,0.073242,0.539062,21.080243,2021-10,m51HzAfp-wowFf4O3FoyVQ,2021-10,1,10.933889,24.917341,0.341975,0.574304,0.385742,0.568359,0.95391,3.280913
p086,paterson,gsv,paterson:145,Yg0X7I5adOM5rem7YVbwAg,0.956055,0.537109,22.200666,2025-10,lru-rO_Xdg3lxkPs9NeXpw,2024-11,0,6.317619,20.862295,0.764383,0.624275,0.807617,0.615234,0.956257,1.865753
p087,paterson,gsv,paterson:182,bwpW8jgnlIbAQC0HRy99JA,0.22168,0.568359,11.919991,2025-10,3tL6xw7YgdvI4bnUrzUdCA,2025-10,1,16.741725,9.88652,0.125443,0.549038,0.112305,0.539062,0.91977,4.606013
p088,paterson,gsv,paterson:182,bwpW8jgnlIbAQC0HRy99JA,0.22168,0.568359,11.919991,2025-10,JMZ2hQHIcYVJct3IhOB07A,2025-10,1,11.243324,12.548564,0.156535,0.572327,0.183594,0.554688,0.915354,4.340492
p089,paterson,gsv,paterson:214,hMx_5PxQtlixa9LRSNnKFQ,0.832031,0.662109,4.656027,2020-11,iCNedASM168IE5ITxrIEkA,2021-10,0,12.919669,17.354581,0.121445,0.56321,0.120117,0.568359,0.881369,1.00562
p090,paterson,gsv,paterson:214,hMx_5PxQtlixa9LRSNnKFQ,0.832031,0.662109,4.656027,2020-11,-REdyr8LUJUoh7lBhHK_Gg,2021-10,0,9.365887,12.623773,0.218943,0.586193,0.22168,0.599609,0.974293,1.338725
p091,paterson,gsv,paterson:66,AhV3GKVFnENcHwhG45WN2g,0.745117,0.554688,14.984169,2025-08,bP9tTqu44UjHnAPPZSj2sQ,2024-11,0,8.621455,11.918245,0.112104,0.593239,0.199219,0.630859,0.830933,4.699166
p092,paterson,gsv,paterson:211,gZ3Acgi38PrzOVBkW-Il4Q,0.893555,0.599609,8.035517,2025-08,_WFxhSMisUWtdAM3SlY4hA,2018-08,0,8.103986,9.902734,0.652474,0.598847,0.62793,0.599609,0.905713,1.244885
p093,paterson,gsv,paterson:211,gZ3Acgi38PrzOVBkW-Il4Q,0.893555,0.599609,8.035517,2025-08,jnX0_j_vr2wjuh77FXjZkQ,2025-08,1,2.454816,9.961519,0.71629,0.759145,0.682617,0.664062,0.823393,2.249505
p094,paterson,gsv,paterson:80,DjvAQ4p-Q78PR-6ohIs5kA,0.15918,0.568359,11.919991,2024-11,hDAkU9bvmxRmdUkkhyWZlw,2024-11,1,8.501042,17.567571,0.143847,0.594491,0.135742,0.599609,0.967343,0.626686
p095,paterson,gsv,paterson:80,DjvAQ4p-Q78PR-6ohIs5kA,0.15918,0.568359,11.919991,2024-11,-DbsSGNmNfJEbasRVN16Kg,2024-11,1,12.836756,24.712104,0.414733,0.563612,0.416992,0.568359,1.012231,0.933303
p096,paterson,gsv,paterson:88,HFYowXmV7u1c0TMp-p_pgQ,0.457031,0.537109,22.200666,2021-09,FKNo-kwDFFDa2m9ZI4xu9Q,2025-10,0,8.107368,30.134024,0.12223,0.598784,0.143555,0.570312,0.847097,3.705638
p097,paterson,gsv,paterson:88,HFYowXmV7u1c0TMp-p_pgQ,0.457031,0.537109,22.200666,2021-09,eE8jNnDewQFd75A4DF0yFw,2021-09,1,11.423157,11.604416,0.416847,0.571237,0.402344,0.583984,0.957595,2.036373
p098,paterson,gsv,paterson:113,R9WHDEVRAq5IdtLkLFhL_A,0.738281,0.646484,5.245206,2019-07,YgFByXdIERPePJCEP_q-3w,2019-07,1,12.048991,10.451305,0.572479,0.567648,0.574219,0.568359,0.877067,0.184011
p099,paterson,gsv,paterson:113,R9WHDEVRAq5IdtLkLFhL_A,0.738281,0.646484,5.245206,2019-07,veNbffmjJnZ429HmUZd87w,2018-06,0,6.721155,11.373473,0.588956,0.61749,0.597656,0.617188,0.899762,0.368383
p100,paterson,gsv,paterson:95,NqOWmuzYX0M4vXF6ioTD7Q,0.175781,0.568359,11.919991,2025-10,1FwDu6FyI7nfcChoEjK57Q,2025-10,1,9.493417,14.762966,0.222864,0.585078,0.268555,0.568359,0.906183,3.89105
p101,paterson,gsv,paterson:232,jpunVR46zc0yifTPUihF2A,0.581055,0.583984,9.624548,2007-10,1E25bzels6AwwktBpsMzBQ,2018-06,0,8.418829,10.529289,0.279642,0.595347,0.28418,0.599609,0.987406,0.449326
p102,paterson,gsv,paterson:232,jpunVR46zc0yifTPUihF2A,0.581055,0.583984,9.624548,2007-10,lsWRKAG42w3DVe2u6HBRHA,2018-07,0,15.374468,20.310616,0.127423,0.553326,0.128906,0.552734,0.98452,0.227153
p103,paterson,gsv,paterson:164,_FfdhRGlkbTABymQR3t1_A,0.371094,0.554688,14.984169,2025-10,o_iUhHSImyvY_8IxNbWdaQ,2024-11,0,2.661331,15.403018,0.836316,0.746295,0.675781,0.646484,0.903482,4.440303
p104,paterson,gsv,paterson:164,_FfdhRGlkbTABymQR3t1_A,0.371094,0.554688,14.984169,2025-10,uQotDBJaeCUYV5GoiXkrcA,2024-11,0,11.376877,25.760308,0.539325,0.571521,0.550781,0.552734,0.879402,4.282412
p105,paterson,gsv,paterson:112,Q5D74UJFt5D2PVhGxRh1sw,0.410156,0.537109,22.200666,2020-11,u2XGpaU4wK-IJIHbdGFyBA,2024-09,0,9.856257,23.151479,0.900616,0.582073,0.917969,0.570312,0.993255,2.075846
p106,paterson,gsv,paterson:112,Q5D74UJFt5D2PVhGxRh1sw,0.410156,0.537109,22.200666,2020-11,zQytrtU0zTyzYKQN0iiQvQ,2015-10,0,12.276623,19.509171,0.238996,0.566418,0.222656,0.583984,0.922613,2.879246
p107,paterson,gsv,paterson:183,bwpW8jgnlIbAQC0HRy99JA,0.800781,0.585938,9.395193,2025-10,JMZ2hQHIcYVJct3IhOB07A,2025-10,1,16.549916,12.548564,0.418006,0.549594,0.402344,0.539062,0.944196,4.88636
p108,paterson,gsv,paterson:183,bwpW8jgnlIbAQC0HRy99JA,0.800781,0.585938,9.395193,2025-10,3tL6xw7YgdvI4bnUrzUdCA,2025-10,1,15.657131,9.88652,0.905459,0.552372,0.924805,0.552734,0.621445,1.898468
p109,paterson,gsv,paterson:225,ijlwBkjXDfD2wCO_jSjCGA,0.074219,0.539062,21.080243,2025-10,C4MyqPFL3k6-pKqkkFNp9w,2025-10,1,12.608271,9.985618,0.090944,0.564733,0.120117,0.570312,0.888124,2.439681
p110,paterson,gsv,paterson:225,ijlwBkjXDfD2wCO_jSjCGA,0.074219,0.539062,21.080243,2025-10,EFYaw-AGPqJEjiiytJZwDA,2025-10,1,8.095536,27.000628,0.974859,0.598918,0.932617,0.568359,0.834175,4.624405
p111,paterson,gsv,paterson:96,OhdI54JArKc1UopNZiFoZg,0.135742,0.552734,15.550012,2024-09,0RXBWVKRl0IiggDR3en-pQ,2024-09,1,17.220287,29.558454,0.252218,0.5477,0.222656,0.554688,0.895944,3.725011
p112,paterson,gsv,paterson:96,OhdI54JArKc1UopNZiFoZg,0.135742,0.552734,15.550012,2024-09,K6PMxfumPubLd3QfUDokdg,2021-10,0,12.537732,11.923373,0.571418,0.565087,0.604492,0.552734,0.80841,4.178646
p113,paterson,gsv,paterson:14,0fCPhcB0ZF3dHQ7nEIWABA,0.291992,0.583984,9.624548,2025-08,dEDNHbj7arykRY5mn8peXA,2025-08,1,12.116695,7.714402,0.255928,0.567286,0.268555,0.568359,0.928664,0.97324
p114,paterson,gsv,paterson:14,0fCPhcB0ZF3dHQ7nEIWABA,0.291992,0.583984,9.624548,2025-08,0uwQGbStHzgohtYe_oWETA,2014-09,0,10.630487,10.980817,0.205486,0.576356,0.19043,0.599609,0.86476,2.738042
p115,paterson,gsv,paterson:94,L8lyOJwUI8j3Mk_cV-R80Q,0.941406,0.539062,21.080243,2021-10,V9reTGq-f5hcz7aqpIIoVQ,2021-10,1,12.324708,10.029554,0.891685,0.566177,0.870117,0.583984,0.955014,3.077167
p116,paterson,gsv,paterson:94,L8lyOJwUI8j3Mk_cV-R80Q,0.941406,0.539062,21.080243,2021-10,m51HzAfp-wowFf4O3FoyVQ,2021-10,1,9.421737,24.917341,0.655007,0.585695,0.59668,0.568359,0.965047,4.599154
p117,paterson,gsv,paterson:97,OhdI54JArKc1UopNZiFoZg,0.916992,0.552734,15.550012,2024-09,vNdT-InWH6UarDeoWP53kQ,2021-10,0,16.637832,9.954967,0.388575,0.549341,0.386719,0.554688,0.835885,1.664544
p118,paterson,gsv,paterson:97,OhdI54JArKc1UopNZiFoZg,0.916992,0.552734,15.550012,2024-09,fuMmNrXTtXIDEySLFDAbEw,2019-07,0,14.515601,29.65594,0.60538,0.556415,0.558594,0.568359,0.938266,4.645862
p119,paterson,gsv,paterson:251,nqA7oH-86S2CmsGA9hyVtA,0.683594,0.599609,8.035517,2019-08,EUX0HvGVekNJcd_qGDO5Sw,2025-08,0,7.168995,14.401238,0.151034,0.610746,0.166992,0.601562,0.848075,1.029027
p120,gainesville,gsv,gainesville:215,xMY6EkmbN9OZqwHeC_S7Zg,0.792969,0.630859,5.964017,2026-03,neqDJMszDGLRSG5ybm9tpQ,2024-06,0,8.988297,12.030006,0.627818,0.589637,0.597656,0.585938,0.800978,1.786092
p121,gainesville,gsv,gainesville:18,5vEoUj3H3aRkW-2h1B0JAQ,0.643555,0.648438,5.165313,2026-02,sYyjz322kP5v-VQmRepUTQ,2026-02,1,7.666894,11.782722,0.996921,0.604087,0.011719,0.570312,0.872188,4.01
p122,gainesville,gsv,gainesville:18,5vEoUj3H3aRkW-2h1B0JAQ,0.643555,0.648438,5.165313,2026-02,XPqzwOkDg3vYLDeN8tFzSQ,2026-02,1,6.984518,11.695815,0.803629,0.613447,0.81543,0.570312,0.887281,4.643323
p123,gainesville,gsv,gainesville:23,65kxFTBgmbOPUQbC612rdg,0.324219,0.570312,11.578326,2024-06,DUU6AvBqpIEYctGhJsRmbQ,2019-06,0,8.799659,20.370967,0.566007,0.591452,0.56543,0.585938,0.910752,0.596913
p124,gainesville,gsv,gainesville:109,SxMVl_DRQndQkQAvu9a01Q,0.675781,0.615234,6.865408,2026-03,SqTGUIyDajzUtK3mRzDZVA,2026-03,1,14.437367,9.987389,0.569705,0.556716,0.558594,0.552734,0.877471,1.526947
p125,gainesville,gsv,gainesville:109,SxMVl_DRQndQkQAvu9a01Q,0.675781,0.615234,6.865408,2026-03,ra5Mno98jU_TwWaPWaoUuw,2026-03,1,9.142138,9.95365,0.882774,0.588198,0.90918,0.570312,0.929787,2.973523
p126,gainesville,gsv,gainesville:211,vbW2W3-AE2tr1NJYHCuHgw,0.166992,0.554688,14.984169,2026-02,ecwym2sbJa9lEA-qXbnjkA,2026-02,1,14.833746,7.981503,0.381371,0.55524,0.410156,0.554688,0.643482,2.696911
p127,gainesville,gsv,gainesville:94,K732QTWoB9RZwrfSmw7RYA,0.94043,0.537109,22.200666,2026-03,isEq64g2KM8apnIPdS8O1A,2026-03,1,8.565727,20.069686,0.755252,0.593817,0.691406,0.583984,0.852574,3.769851
p128,gainesville,gsv,gainesville:94,K732QTWoB9RZwrfSmw7RYA,0.94043,0.537109,22.200666,2026-03,XHT2POjZW6wwhgLkExtLKw,2026-02,0,9.208701,15.405067,0.266937,0.587593,0.299805,0.599609,0.954299,2.126321
p129,gainesville,gsv,gainesville:189,q2yX7pwQF7_3SFGxEqlDHQ,0.738281,0.568359,11.919991,2026-02,7KJq5zt3l9NGh7lAcauGMw,2026-02,1,11.750762,23.308304,0.936122,0.569311,0.941406,0.552734,0.932821,3.825156
p130,gainesville,gsv,gainesville:189,q2yX7pwQF7_3SFGxEqlDHQ,0.738281,0.568359,11.919991,2026-02,IR1TMBciqooM0_02wBJEgg,2026-02,1,4.576743,13.391492,0.76586,0.664445,0.807617,0.630859,0.749448,1.947433
p131,gainesville,gsv,gainesville:51,9D-oOS00uSg18nvfm8t9zQ,0.72168,0.617188,6.740247,2026-02,yDYkyLaoQ9WcVkyAYjiRxw,2026-02,1,11.4287,10.788779,0.907248,0.57121,0.924805,0.554688,0.891602,3.838734
p132,gainesville,gsv,gainesville:51,9D-oOS00uSg18nvfm8t9zQ,0.72168,0.617188,6.740247,2026-02,dwpq20fCYuYpc4APrYtNSw,2026-02,1,8.154013,9.562613,0.311834,0.598267,0.28418,0.568359,0.911665,4.137941
p133,gainesville,gsv,gainesville:80,HLLOIKVLXvOkBCREUvcBzg,0.94043,0.570312,11.578326,2022-05,aPtS-y2tDKwk35582t6Ztw,2022-05,1,10.957475,22.340429,0.140304,0.574157,0.144531,0.585938,0.788118,1.585382
p134,gainesville,gsv,gainesville:80,HLLOIKVLXvOkBCREUvcBzg,0.94043,0.570312,11.578326,2022-05,3Vwb3lVBFkavmGL2WufqWg,2022-05,1,6.394298,15.449531,0.616156,0.622929,0.660156,0.617188,0.715129,1.841965
p135,gainesville,gsv,gainesville:40,89lilp2BlhppxL-oQ0gLNg,0.199219,0.539062,21.080243,2026-03,RufzzQvNkldo6RVQTsPxWw,2026-03,1,9.504214,19.127311,0.267595,0.584998,0.198242,0.583984,0.928045,4.137025
p136,gainesville,gsv,gainesville:40,89lilp2BlhppxL-oQ0gLNg,0.199219,0.539062,21.080243,2026-03,qX1HcLAPA9_jL4GipGyKnQ,2026-03,1,17.435315,9.649667,0.626736,0.547123,0.612305,0.539062,0.924522,4.039072
p137,gainesville,gsv,gainesville:35,6esDvYaAUiUdZHtq1FCAfg,0.699219,0.708984,3.374075,2018-10,3QyWHMts7I_ouAa2Z_mLOQ,2016-07,0,12.921647,9.672795,0.324755,0.563204,0.323242,0.570312,0.927927,1.348346
p138,gainesville,gsv,gainesville:35,6esDvYaAUiUdZHtq1FCAfg,0.699219,0.708984,3.374075,2018-10,PpFrWUr2QGo9hA22VLb5eg,2018-10,1,12.246064,11.728071,0.578056,0.566591,0.566406,0.570312,0.626343,1.097938
p139,gainesville,gsv,gainesville:0,-zi5tN6Qyyeq8B1mczYfOg,0.237305,0.599609,8.035517,2024-06,HwLsICj9AzqWlMFhITCBuQ,2023-09,0,11.700871,19.19326,0.872517,0.569602,0.871094,0.554688,0.78984,3.286044
p140,gainesville,gsv,gainesville:0,-zi5tN6Qyyeq8B1mczYfOg,0.237305,0.599609,8.035517,2024-06,BRXqrYVi5aSK1HnVucUl2w,2023-09,0,8.781478,12.317226,0.709924,0.591633,0.706055,0.585938,0.869205,0.652866
p141,gainesville,gsv,gainesville:139,bcNsOc7RlDm9L9VmIGXYpg,0.964844,0.554688,14.984169,2026-02,QRO-kqyiyNO0smS-bWdybQ,2026-03,0,14.101176,18.624272,0.239796,0.558039,0.245117,0.554688,0.895108,1.007927
p142,gainesville,gsv,gainesville:139,bcNsOc7RlDm9L9VmIGXYpg,0.964844,0.554688,14.984169,2026-02,17KXFQtMklZTbrU0U8SUXA,2026-02,1,7.70401,15.379148,0.920132,0.603607,0.917969,0.570312,0.855148,3.876759
p143,gainesville,gsv,gainesville:104,Mm5gyUYqmJmjeGopC1IgKg,0.410156,0.552734,15.550012,2024-06,eZFQpXZqlv-gIVm8QIr7XA,2026-03,0,13.487595,28.297332,0.110174,0.560619,0.112305,0.552734,0.838124,2.072012
p144,gainesville,gsv,gainesville:104,Mm5gyUYqmJmjeGopC1IgKg,0.410156,0.552734,15.550012,2024-06,-xpllXlgw_GmdgeG2VIcAg,2024-06,1,6.066166,10.551473,0.883448,0.628894,0.886719,0.615234,0.783635,0.810392
p145,gainesville,gsv,gainesville:87,Idfm_UDnRFcD78ZVeNnhVg,0.22168,0.537109,22.200666,2026-02,2idG9-G8og8dgOLx_LqW2w,2026-02,1,13.607403,13.154395,0.635502,0.560099,0.597656,0.552734,0.767892,3.960786
p146,gainesville,gsv,gainesville:87,Idfm_UDnRFcD78ZVeNnhVg,0.22168,0.537109,22.200666,2026-02,2-umSCDi3aIEo1Cdc7BfKg,2026-02,1,14.776873,18.772709,0.878443,0.555443,0.910156,0.552734,0.618102,3.113369
p147,gainesville,gsv,gainesville:101,KqZzM0v2PbaoxQmq6wk3Xw,0.932617,0.568359,11.919991,2026-02,Ly-3qY5Pu0dyvyh49nlVQA,2026-02,1,4.91892,10.575579,0.759607,0.654783,0.722656,0.632812,0.715099,1.563555
p148,gainesville,gsv,gainesville:203,rFa5e9WO2AombOfKxw1GzA,0.253906,0.583984,9.624548,2026-02,b0thP2FkuSe3jf-8vOxmfg,2026-02,1,7.053464,16.426305,0.948292,0.612416,0.957031,0.568359,0.775799,4.892625
p149,gainesville,gsv,gainesville:203,rFa5e9WO2AombOfKxw1GzA,0.253906,0.583984,9.624548,2026-02,1DDXLK7RcVFCU0oancqBYA,2026-02,1,13.896283,10.302229,0.122788,0.55888,0.09668,0.552734,0.685959,2.922732
p150,gainesville,gsv,gainesville:108,SxMVl_DRQndQkQAvu9a01Q,0.956055,0.552734,15.550012,2026-03,SqTGUIyDajzUtK3mRzDZVA,2026-03,1,6.529743,9.987389,0.887797,0.620618,0.863281,0.615234,0.552399,1.083624
p151,gainesville,gsv,gainesville:108,SxMVl_DRQndQkQAvu9a01Q,0.956055,0.552734,15.550012,2026-03,tbwjtX3LViUsOrO56__IJw,2026-03,1,6.661289,20.110979,0.087139,0.618452,0.074219,0.583984,0.93137,3.033639
p152,gainesville,gsv,gainesville:124,XWhHaUuheK2ypAkTt10B8A,0.34668,0.554688,14.984169,2021-03,oW5q3rJu_8xh5gAQqtYjgA,2021-03,1,12.677199,10.245943,0.220745,0.564391,0.191406,0.570312,0.889669,2.486073
p153,gainesville,gsv,gainesville:156,ipoVm9spHhQGCMROwSdmmA,0.902344,0.554688,14.984169,2024-06,BORC-2x5cdmVaSdWFlwpNg,2024-06,1,15.799509,11.985429,0.279526,0.55192,0.277344,0.554688,0.76203,0.841075
p154,gainesville,gsv,gainesville:47,89lilp2BlhppxL-oQ0gLNg,0.378906,0.539062,21.080243,2026-03,qsOjFaU3dxxgXhLGXwvQqg,2026-03,1,15.46229,10.142202,0.30396,0.553034,0.276367,0.568359,0.740103,4.250053
p155,gainesville,gsv,gainesville:7,3CbLaqDP3N3z64brBrC0eA,0.073242,0.554688,14.984169,2026-02,gDwUCV_S9W8mv1ciozuNZg,2026-04,0,11.774931,9.104344,0.337288,0.569175,0.385742,0.568359,0.848639,3.595757
p156,gainesville,gsv,gainesville:168,kjXjoHf2E-tZuI7RwMPgsw,0.183594,0.554688,14.984169,2026-02,AGjiHLaNv36JGqQqrFxy7A,2026-02,1,9.100585,18.260806,0.649347,0.588589,0.675781,0.570312,0.838503,3.007597
p157,gainesville,gsv,gainesville:168,kjXjoHf2E-tZuI7RwMPgsw,0.183594,0.554688,14.984169,2026-02,nAy5lZvGAwep2eCQkgPwFA,2026-02,1,7.286744,8.26016,0.750298,0.609095,0.753906,0.617188,0.826621,0.569123
p158,gainesville,gsv,gainesville:84,ICUoYVV_dXvc9W3ge2PnWg,0.666992,0.552734,15.550012,2026-03,ipToralrmxeYSXpR6yWFfw,2026-03,1,10.750243,23.61966,0.725532,0.575548,0.707031,0.554688,0.610629,4.485943
p159,gainesville,gsv,gainesville:41,89lilp2BlhppxL-oQ0gLNg,0.957031,0.552734,15.550012,2026-03,_wgbyoOsGwt8QCLiii8l9w,2026-03,1,15.355589,9.306869,0.360573,0.553394,0.338867,0.552734,0.680802,2.114877
p160,gainesville,gsv,gainesville:41,89lilp2BlhppxL-oQ0gLNg,0.957031,0.552734,15.550012,2026-03,WTVtScsnIKbJadL8dTPc5g,2026-03,1,11.781652,16.742931,0.253109,0.569146,0.213867,0.554688,0.814675,4.576537
p161,gainesville,gsv,gainesville:37,7Vk-zugISgNBVOV4g3r2jA,0.15918,0.570312,11.578326,2018-10,btayuC6zSskeaOWgTzZaDg,2018-10,1,10.452083,10.068144,0.298245,0.577606,0.300781,0.583984,0.919094,0.842863
p162,gainesville,gsv,gainesville:75,GRTC3zOCFSc8QMIrAtwtzw,0.425781,0.537109,22.200666,2026-02,oXO9t2Vxd0AE2tVbhSKv2A,2026-02,1,9.348591,20.834177,0.871203,0.58635,0.933594,0.570312,0.808961,4.625654
p163,gainesville,gsv,gainesville:75,GRTC3zOCFSc8QMIrAtwtzw,0.425781,0.537109,22.200666,2026-02,9QW46Bp2kXO9Wwev3TNUkw,2026-02,1,15.923404,13.809306,0.572101,0.551521,0.542969,0.552734,0.956316,2.900716
p164,gainesville,gsv,gainesville:218,yQOkeKGLo1dFuhOO7BFRFg,0.824219,0.599609,8.035517,2026-03,nBlW4y5x1WR8bVHaQvY-Mg,2026-02,0,7.315336,11.205244,0.325447,0.608704,0.355469,0.570312,0.884896,4.602587
p165,gainesville,gsv,gainesville:218,yQOkeKGLo1dFuhOO7BFRFg,0.824219,0.599609,8.035517,2026-03,s5mXKgNGs5ep5n0fAQ0gbQ,2026-03,1,9.933513,10.379837,0.629167,0.581492,0.605469,0.568359,0.831507,2.563
p166,gainesville,gsv,gainesville:153,hD1quvb9bv96mz7ElBTTgQ,0.84668,0.601562,7.870312,2025-04,GsQgSNwDYfjnQlP4vyhHUA,2015-04,0,5.714418,13.143858,0.646062,0.63591,0.643555,0.646484,0.861337,0.477347
p167,gainesville,gsv,gainesville:153,hD1quvb9bv96mz7ElBTTgQ,0.84668,0.601562,7.870312,2025-04,LGWZ9UErDhz6pnPwF4yC2w,2025-04,1,17.450089,20.731772,0.56113,0.547067,0.557617,0.539062,0.609922,3.648722
p168,gainesville,gsv,gainesville:44,89lilp2BlhppxL-oQ0gLNg,0.53418,0.552734,15.550012,2026-03,qX1HcLAPA9_jL4GipGyKnQ,2026-03,1,14.528081,9.649667,0.139959,0.556373,0.167969,0.554688,0.685847,2.633311
p169,gainesville,gsv,gainesville:44,89lilp2BlhppxL-oQ0gLNg,0.53418,0.552734,15.550012,2026-03,lFZTI6lwq_hptMUJugsRog,2026-03,1,11.309766,17.65294,0.265618,0.571936,0.31543,0.568359,0.760502,3.670243
p170,gainesville,gsv,gainesville:92,K732QTWoB9RZwrfSmw7RYA,0.182617,0.570312,11.578326,2026-03,2vcnv6Z7C0pHOABvTqRhUw,2026-02,0,6.671147,15.891939,0.093389,0.618303,0.057617,0.583984,0.881861,3.458174
p171,gainesville,gsv,gainesville:158,jE7jfpgpMn1zP3_DMdvMTg,0.948242,0.552734,15.550012,2026-02,lZZ-vxZMd-_9EqWO-sgL5A,2026-02,1,9.763281,9.637335,0.80768,0.582847,0.831055,0.583984,0.87616,1.42926
p172,gainesville,gsv,gainesville:185,pM_zjaOL4jt8_niIC0EU2Q,0.042969,0.537109,22.200666,2026-02,GjFYHvtU5u5Uz0fkwh_zDA,2026-02,1,6.150543,20.815199,0.238701,0.62732,0.332031,0.615234,0.762507,3.823566
p173,gainesville,gsv,gainesville:163,kU1NFVXyUkQzaPpROkDVNg,0.737305,0.570312,11.578326,2026-02,93r670akucqzf5pR6qVCew,2026-02,1,7.641613,16.308533,0.78914,0.604401,0.831055,0.585938,0.855562,2.833388
p174,gainesville,gsv,gainesville:110,TsU9TS4hpMHXVwv-YIrvCQ,0.59668,0.568359,11.919991,2026-02,5JWxqaTAT-ZAX33raFouAw,2026-02,1,3.923509,10.821707,0.662162,0.686284,0.831055,0.646484,0.795936,4.77746
p175,gainesville,gsv,gainesville:128,YDTr8LXPDt5ieA8MA6ZXLA,0.871094,0.554688,14.984169,2026-02,50x_TCH1Mul36S4eTLGtgA,2022-05,0,15.627514,23.840687,0.891821,0.552474,0.932617,0.552734,0.834888,3.985763
p176,gainesville,gsv,gainesville:128,YDTr8LXPDt5ieA8MA6ZXLA,0.871094,0.554688,14.984169,2026-02,4agXptSENBgZrqdlfCVWfg,2026-02,1,10.84349,10.660962,0.744882,0.5749,0.683594,0.570312,0.880629,4.350745
p177,gainesville,gsv,gainesville:89,JOK56E_pGy9cwNPyiymZ2A,0.120117,0.601562,7.870312,2018-10,ZsdC7y3kZ-ZZeM3IwXFKMw,2018-10,1,7.256321,10.596399,0.357955,0.609516,0.308594,0.632812,0.897208,2.448644
p178,gainesville,gsv,gainesville:89,JOK56E_pGy9cwNPyiymZ2A,0.120117,0.601562,7.870312,2018-10,sBhwLM63vGwP499Ironngg,2018-10,1,15.638104,20.799812,0.429589,0.552443,0.410156,0.554688,0.913208,1.97908
p179,gainesville,gsv,gainesville:82,HoOapW5g53qbEFjLA7yv3Q,0.449219,0.552734,15.550012,2026-02,3lAocsa4U-Uu3s4JuVxWaw,2026-02,1,6.940916,10.413573,0.355846,0.614094,0.285156,0.615234,0.699146,3.041779
p180,bend,gsv,bend:110,LN819vhVLLeYwzRsBh2zAg,0.269531,0.648438,5.165313,2018-05,0ALSdg3mCVzCu3WxjSwo2g,2024-09,0,10.299439,8.080631,0.407657,0.578704,0.40918,0.568359,0.912698,1.623106
p181,bend,gsv,bend:271,woYJ5n0CfTGMuDWTBqcZAg,0.457031,0.539062,21.080243,2012-05,BU7QcYZOPh4ibLwB61Lidw,2012-05,1,9.153382,12.651773,0.824966,0.588091,0.832031,0.617188,0.953457,2.438571
p182,bend,gsv,bend:271,woYJ5n0CfTGMuDWTBqcZAg,0.457031,0.539062,21.080243,2012-05,23fM4PV84NKcMzW4S9iyKw,2012-05,1,11.274696,29.705291,0.091441,0.572129,0.073242,0.570312,0.937895,1.340202
p183,bend,gsv,bend:256,sUMfdZmScVLBGMjvZ0MjCA,0.964844,0.539062,21.080243,2012-05,sgfG8JJLxCpTQH5a-C7VMA,2012-05,1,10.48326,11.160237,0.935126,0.577384,0.932617,0.615234,0.910403,3.620325
p184,bend,gsv,bend:292,yuwkp3XCUwSbB8q7Og99GQ,0.885742,0.599609,8.035517,2024-10,9pbNzLxrFleq6-FdDZ5Kpg,2024-10,1,14.55068,15.539754,0.067996,0.556286,0.06543,0.552734,0.929428,1.029009
p185,bend,gsv,bend:52,8VPbrd8XBzDOIVoo5Xwz8g,0.09668,0.552734,15.550012,2024-09,d4MPDjIjOgtbtPgvSJgEZw,2024-09,1,11.922543,27.457978,0.338647,0.568348,0.34668,0.585938,0.736542,2.582916
p186,bend,gsv,bend:55,8cphEWdm85w5CwOw4rm0_A,0.558594,0.630859,5.964017,2024-08,1z-5iKhd5fx2i9bev1EW0A,2024-09,0,16.057848,20.16427,0.341552,0.551081,0.332031,0.552734,0.86736,1.074334
p187,bend,gsv,bend:270,vwNiakvhRASLUkJZwdRB4A,0.675781,0.630859,5.964017,2024-09,v2ea-_c8Bs4D-C0D48C_Ww,2024-09,1,11.718153,9.057412,0.571206,0.569501,0.566406,0.570312,0.880203,0.378039
p188,bend,gsv,bend:270,vwNiakvhRASLUkJZwdRB4A,0.675781,0.630859,5.964017,2024-09,6ZI3uziTOMFh75JoqWZHCg,2024-09,1,11.356974,14.698303,0.138348,0.571644,0.144531,0.583984,0.936119,1.778461
p189,bend,gsv,bend:272,woYJ5n0CfTGMuDWTBqcZAg,0.277344,0.585938,9.395193,2012-05,m8bPHnCu9hr3abYw45In_g,2012-05,1,16.298722,25.648374,0.075726,0.550342,0.074219,0.554688,0.731725,1.3262
p190,bend,gsv,bend:272,woYJ5n0CfTGMuDWTBqcZAg,0.277344,0.585938,9.395193,2012-05,PkuAqlQdG8jMHWnxAzXm2Q,2012-05,1,8.398545,17.296318,0.171062,0.595557,0.183594,0.630859,0.860853,2.497731
p191,bend,gsv,bend:151,Ro8ZmvW9hyxIS4GVq1cpMQ,0.120117,0.615234,6.865408,2021-07,fiUm_p6sLa12-LBikE6WGA,2021-07,1,7.2126,10.531452,0.388715,0.610121,0.386719,0.601562,0.829359,0.663866
p192,bend,gsv,bend:175,VgWpqFkTwCIROvM0z-DkOw,0.636719,0.646484,5.245206,2024-10,2uwAp_OrcT_7NkvK5kN_Tg,2024-10,1,14.011715,10.028342,0.547999,0.558405,0.549805,0.554688,0.858004,0.987171
p193,bend,gsv,bend:175,VgWpqFkTwCIROvM0z-DkOw,0.636719,0.646484,5.245206,2024-10,0lO5RJsPvqLw5KT4o6m_GA,2024-10,1,7.720989,10.080858,0.914494,0.603393,0.916992,0.601562,0.964997,0.193071
p194,bend,gsv,bend:191,ZO7V6RR9LtZT8l9-SjIQUg,0.308594,0.601562,7.870312,2024-08,4nj6berwQS5TUNatyI0Hpg,2019-07,0,9.447295,16.032022,0.863225,0.585474,0.870117,0.570312,0.802111,2.17676
p195,bend,gsv,bend:191,ZO7V6RR9LtZT8l9-SjIQUg,0.308594,0.601562,7.870312,2024-08,49LDNyU4fcNWGip0s0BN4w,2019-07,0,12.752635,8.293041,0.595638,0.564003,0.605469,0.554688,0.914293,2.385964
p196,bend,gsv,bend:0,-6wL7HzdK7t8DTC_zDPOLw,0.371094,0.554688,14.984169,2024-11,797AwTNG0JeQMwE1Znxrig,2024-10,0,4.237274,19.21573,0.590674,0.675188,0.589844,0.599609,0.910402,3.798522
p197,bend,gsv,bend:0,-6wL7HzdK7t8DTC_zDPOLw,0.371094,0.554688,14.984169,2024-11,Vk79qyMcSLt8nzhUcvvrhg,2024-11,1,15.595826,19.974352,0.125865,0.552612,0.089844,0.554688,0.989677,3.503805
p198,bend,gsv,bend:221,kjNgQrRlUM8VkFMli6aIPQ,0.886719,0.583984,9.624548,2024-08,l8d7J2HPksQ94wktG0xPaA,2024-08,1,16.678621,19.881963,0.389543,0.549218,0.378906,0.539062,0.851764,4.573238
p199,bend,gsv,bend:221,kjNgQrRlUM8VkFMli6aIPQ,0.886719,0.583984,9.624548,2024-08,VaCTK1_wzZy9k2eSomORfg,2024-08,1,7.919003,11.819515,0.648501,0.600967,0.666992,0.615234,0.818756,1.357969
p200,bend,gsv,bend:210,f8KWeNBZLlwJXVSj5_0RAg,0.066406,0.552734,15.550012,2024-09,9iqWpTnzkoiXiAsqX4ye-w,2024-09,1,14.375291,29.223414,0.419991,0.556957,0.416992,0.554688,0.826356,0.669021
p201,bend,gsv,bend:210,f8KWeNBZLlwJXVSj5_0RAg,0.066406,0.552734,15.550012,2024-09,pRE7HJngfUe5MDoTh9MNpA,2024-09,1,4.0612,19.610303,0.896657,0.681277,0.894531,0.617188,0.896136,2.680576
p202,bend,gsv,bend:229,mVwc04XB9DxuIb05ExnrdA,0.832031,0.568359,11.919991,2024-09,ECV1ugxBzGCu2aeWjPzz-g,2024-09,1,11.261777,10.101295,0.688523,0.572226,0.683594,0.583984,0.921023,1.66826
p203,bend,gsv,bend:229,mVwc04XB9DxuIb05ExnrdA,0.832031,0.568359,11.919991,2024-09,6s7sCulxtX8hGUVRV8uYEA,2024-10,0,17.602193,10.658124,0.231038,0.546682,0.229492,0.537109,0.828623,4.603634
p204,bend,gsv,bend:219,kJr7eKpZcJO_W6V5XlLtBw,0.87793,0.632812,5.865506,2012-05,rf-v7gImAbJDmhF5pTm44Q,2024-09,0,7.90068,6.447667,0.293383,0.60117,0.269531,0.601562,0.946562,1.181152
p205,bend,gsv,bend:219,kJr7eKpZcJO_W6V5XlLtBw,0.87793,0.632812,5.865506,2012-05,uFbLpZQKq6j80qu7SB5f4Q,2012-05,1,10.201996,12.683088,0.331133,0.579408,0.31543,0.599609,0.846506,2.345779
p206,bend,gsv,bend:207,cqb7v_2KGHMeSy8VpvkcDQ,0.394531,0.554688,14.984169,2024-08,SyphiUDFOz6UtcTpQRXc2g,2024-08,1,15.937291,27.028394,0.501654,0.551449,0.518555,0.552734,0.874001,1.71714
p207,bend,gsv,bend:207,cqb7v_2KGHMeSy8VpvkcDQ,0.394531,0.554688,14.984169,2024-08,w51IeJ1nr6bSq5KSH-C5bQ,2024-08,1,15.006833,18.20527,0.025969,0.554602,0.049805,0.554688,0.845522,2.242731
p208,bend,gsv,bend:65,A5AVKFhm7unr9Rs55aQ1Tw,0.449219,0.537109,22.200666,2024-10,rmy1WaRIzD6AKSzZF0Wexw,2024-10,1,4.97678,21.058444,0.713441,0.653287,0.620117,0.662109,0.84298,2.80097
p209,bend,gsv,bend:65,A5AVKFhm7unr9Rs55aQ1Tw,0.449219,0.537109,22.200666,2024-10,RMDxn9uIdPKz7OJy8VOBbA,2024-10,1,11.337097,12.254554,0.391394,0.571787,0.385742,0.585938,0.871914,1.972355
p210,bend,gsv,bend:142,PX5zU_2KkKO0Gr4FiSe9aw,0.401367,0.539062,21.080243,2024-08,VUh3Ylh7zNO4uo6E9oahSA,2024-08,1,6.60609,14.477879,0.671889,0.619324,0.660156,0.630859,0.849995,0.792523
p211,bend,gsv,bend:142,PX5zU_2KkKO0Gr4FiSe9aw,0.401367,0.539062,21.080243,2024-08,xKTzQ5Y8mi6amv5faZb8Hw,2024-08,1,9.405332,21.399268,0.89639,0.585835,0.894531,0.583984,0.753275,0.244265
p212,bend,gsv,bend:48,8H6LgNn56hay95HiBYrhHw,0.34668,0.552734,15.550012,2024-09,xS7kidjX8s3w4kfQSXxd0Q,2024-09,1,7.339983,8.273273,0.892164,0.608364,0.855469,0.708984,0.817078,4.127878
p213,bend,gsv,bend:48,8H6LgNn56hay95HiBYrhHw,0.34668,0.552734,15.550012,2024-09,XfqGe2P1LiW9YdlZ-jM-dA,2024-09,1,11.620294,9.887435,0.278926,0.570068,0.230469,0.585938,0.934337,3.872116
p214,bend,gsv,bend:215,hu3-VWXlGi42PkY38XPJzQ,0.347656,0.570312,11.578326,2024-10,-pnYW98dJMDztnZDVr43TA,2024-10,1,10.573033,12.415111,0.283528,0.576779,0.31543,0.568359,0.801861,2.621118
p215,bend,gsv,bend:215,hu3-VWXlGi42PkY38XPJzQ,0.347656,0.570312,11.578326,2024-10,N_ijduiyE0BVJeI0Th2fzQ,2024-10,1,17.41772,6.998519,0.539592,0.547168,0.535156,0.539062,0.94401,3.701496
p216,bend,gsv,bend:13,0FMaNGiSOoTGqLgh8jHfYQ,0.237305,0.568359,11.919991,2024-10,HiLe-gRwY13_xv6GO1uaEw,2024-10,1,17.740599,9.5512,0.482641,0.546321,0.488281,0.539062,0.996907,3.409868
p217,bend,gsv,bend:68,DFx_w62mJn4Qm4upFTXytQ,0.964844,0.537109,22.200666,2024-09,MqCpsTB1VgFoWk4JkqYeGA,2024-09,1,8.348135,30.222169,0.581714,0.596106,0.588867,0.646484,0.906177,3.117154
p218,bend,gsv,bend:128,Noi7DhIT3xbCjA2Ip4QOyg,0.324219,0.646484,5.245206,2024-09,H0ZbEUinHBfy5e5YytpYzg,2024-09,1,12.295781,9.233881,0.424145,0.566347,0.424805,0.552734,1.002565,3.258659
p219,bend,gsv,bend:287,yJmMJeV6PD3UZlAmm4cmWg,0.394531,0.539062,21.080243,2018-05,KNN_rPhrnZTJevFDRiCApQ,2024-09,0,11.958927,30.563317,0.569036,0.568144,0.542969,0.552734,0.907126,4.227671
p220,bend,gsv,bend:284,yJmMJeV6PD3UZlAmm4cmWg,0.34668,0.552734,15.550012,2018-05,4Weiqzb1U-7x5SibXKxNJg,2024-09,0,8.91029,17.870474,0.392232,0.590373,0.370117,0.585938,0.948521,1.359704
p221,bend,gsv,bend:284,yJmMJeV6PD3UZlAmm4cmWg,0.34668,0.552734,15.550012,2018-05,0pDhBBGH6RNsCnCKt1Vmpw,2024-09,0,17.622424,27.209677,0.449597,0.546627,0.433594,0.539062,0.848688,3.963526
p222,bend,gsv,bend:213,hKMeDFlSe7fPsZpi4kS-aA,0.635742,0.601562,7.870312,2024-09,bsrTIFE7dPkIQwJLmBl7pw,2024-10,0,8.675426,4.033397,0.279773,0.592685,0.276367,0.599609,0.72778,0.664409
p223,bend,gsv,bend:213,hKMeDFlSe7fPsZpi4kS-aA,0.635742,0.601562,7.870312,2024-09,KguyelPW7d-KFhU4M8YYIA,2024-09,1,6.913965,11.443517,0.674157,0.614486,0.666992,0.615234,0.847276,0.313992
p224,bend,gsv,bend:7,0CvMs02xHlg3mCMHJdc6Xg,0.37793,0.539062,21.080243,2024-09,xnkUsrjjhjBgj_JdtbyRUw,2024-09,1,15.516564,20.387433,0.197107,0.552846,0.191406,0.568359,0.874161,3.629374
p225,bend,gsv,bend:7,0CvMs02xHlg3mCMHJdc6Xg,0.37793,0.539062,21.080243,2024-09,LUuQb0RBv9cJlVYXoj4tQw,2018-05,0,7.951263,23.911832,0.827619,0.600597,0.838867,0.617188,0.87156,1.316847
p226,bend,gsv,bend:59,9DA1aapwjQcdUP2HEfrhfg,0.933594,0.570312,11.578326,2024-10,ikvY3SpnJqaXu2LWeQ3ziA,2024-10,1,10.777358,20.260282,0.574279,0.575312,0.56543,0.570312,0.789826,1.008402
p227,bend,gsv,bend:212,hKMeDFlSe7fPsZpi4kS-aA,0.268555,0.632812,5.865506,2024-09,bsrTIFE7dPkIQwJLmBl7pw,2024-10,0,4.138525,4.033397,0.715087,0.678548,0.729492,0.677734,0.8348,0.376224
p228,bend,gsv,bend:212,hKMeDFlSe7fPsZpi4kS-aA,0.268555,0.632812,5.865506,2024-09,KguyelPW7d-KFhU4M8YYIA,2024-09,1,17.231292,11.443517,0.567102,0.547669,0.566406,0.539062,0.944996,3.849537
p229,bend,gsv,bend:277,xU7xT5kREy_Jnq_vYaXc8w,0.261719,0.630859,5.964017,2019-07,0OWbLmmSg9GSM3AFRi2LNw,2024-09,0,14.415646,11.370867,0.378284,0.556784,0.371094,0.554688,0.567357,0.871052
p230,bend,gsv,bend:277,xU7xT5kREy_Jnq_vYaXc8w,0.261719,0.630859,5.964017,2019-07,TxKRGasLIzIEdnjTh74kJg,2019-07,1,11.335046,9.277561,0.410798,0.571743,0.410156,0.554688,0.881904,3.643313
p231,bend,gsv,bend:220,kJr7eKpZcJO_W6V5XlLtBw,0.299805,0.617188,6.740247,2012-05,BGcO0TSThFSU8pCARmWtbw,2024-09,0,14.626039,19.475953,0.100197,0.555993,0.105469,0.568359,0.924511,2.742738
p232,bend,gsv,bend:220,kJr7eKpZcJO_W6V5XlLtBw,0.299805,0.617188,6.740247,2012-05,rf-v7gImAbJDmhF5pTm44Q,2024-09,0,11.875793,6.447667,0.496977,0.568596,0.510742,0.568359,0.903576,1.029479
p233,bend,gsv,bend:25,2S_Fj0bq7qkdKUBw9-g1XA,0.206055,0.570312,11.578326,2024-09,gKMHxL0wDtOx1eIjXTiiMQ,2024-09,1,12.594329,10.319333,0.308342,0.564801,0.308594,0.570312,0.891033,1.016354
p234,bend,gsv,bend:25,2S_Fj0bq7qkdKUBw9-g1XA,0.206055,0.570312,11.578326,2024-09,6uI1b-nEag_aWcpruKlxtw,2024-09,1,17.85911,20.659449,0.337696,0.546013,0.338867,0.552734,0.761131,2.313868
p235,bend,gsv,bend:246,rvwbAGgi-7mNlZHKSPC8WQ,0.441406,0.539062,21.080243,2024-09,0MoiITqHO0lvsYFL9X9bNw,2024-09,1,10.341147,10.744651,0.950969,0.578408,0.956055,0.583984,0.951577,0.784005
p236,bend,gsv,bend:246,rvwbAGgi-7mNlZHKSPC8WQ,0.441406,0.539062,21.080243,2024-09,1K7ABoDQYJdPmjbdfPipUA,2024-09,1,10.541268,30.083332,0.548503,0.576975,0.541992,0.570312,0.875733,1.13133
p237,bend,gsv,bend:129,Noi7DhIT3xbCjA2Ip4QOyg,0.56543,0.539062,21.080243,2024-09,8X-alMAv1V4Wbim_AQo2pA,2024-09,1,12.646944,21.569922,0.592033,0.564574,0.541992,0.568359,0.872497,3.910324
p238,bend,gsv,bend:177,WGdZz7jOkmmmyQYpbw3F8w,0.331055,0.664062,4.589642,2024-11,yWiGfp3MHzSQhqS6yOIKew,2024-11,1,8.217288,5.362905,0.378837,0.597543,0.37793,0.585938,0.819337,1.178964
p239,bend,gsv,bend:120,NS7lT-itv0JiN6UHVvBxsg,0.604492,0.585938,9.395193,2024-10,dUsV_X-IJqU_TKZgoSjuOg,2024-10,1,6.264538,10.031444,0.818606,0.625251,0.832031,0.630859,0.874337,0.595928
p240,sao_paulo,gsv,sao_paulo:175,XnnGXt94GGVxBt_3oSk2Uw,0.027344,0.537109,22.200666,2025-01,kn4s6j4U0bKifW4KOJkJUQ,2025-01,1,4.024828,20.501203,0.194417,0.682567,0.152344,0.646484,0.921379,1.719314
p241,sao_paulo,gsv,sao_paulo:175,XnnGXt94GGVxBt_3oSk2Uw,0.027344,0.537109,22.200666,2025-01,1MSinK5uBY6BM-Z6Ps7pcw,2023-03,0,16.575708,23.277006,0.973562,0.549525,0.956055,0.539062,0.621801,4.951197
p242,sao_paulo,gsv,sao_paulo:249,zo9eQGzGOdA57uZQE89rOA,0.081055,0.539062,21.080243,2025-01,ivGA14mj-0Sz0QobSNV33A,2025-01,1,10.960237,16.80862,0.655836,0.57414,0.651367,0.570312,0.797312,0.694376
p243,sao_paulo,gsv,sao_paulo:123,JF3A8_EnhGARQxmfqdpANA,0.714844,0.583984,9.624548,2024-12,8Z7W7mUff0sOHDx5vLiP_Q,2024-12,1,12.337386,10.412355,0.862177,0.566115,0.863281,0.570312,0.969721,0.763304
p244,sao_paulo,gsv,sao_paulo:123,JF3A8_EnhGARQxmfqdpANA,0.714844,0.583984,9.624548,2024-12,gDt38vRGM3Ehh3GBZiMPLA,2024-12,1,15.702882,10.554417,0.607943,0.55223,0.604492,0.552734,0.794728,0.371686
p245,sao_paulo,gsv,sao_paulo:194,iXAvtzzMg2Vh5aZPuGIk_Q,0.87793,0.632812,5.865506,2021-03,ZFDwklX2BEprRNhoJHmtmQ,2024-02,0,10.550747,13.288525,0.370555,0.576909,0.363281,0.570312,0.885483,1.145099
p246,sao_paulo,gsv,sao_paulo:194,iXAvtzzMg2Vh5aZPuGIk_Q,0.87793,0.632812,5.865506,2021-03,xbgY5C6ZaxojnMncEuludg,2024-02,0,14.876165,20.414484,0.076395,0.555078,0.074219,0.554688,0.604438,0.23113
p247,sao_paulo,gsv,sao_paulo:195,ieZ8VA3zKLMrd7to7HHB5A,0.457031,0.539062,21.080243,2025-01,lANBVwnWA1fiSgus7LK6iQ,2025-01,1,12.800399,22.573042,0.899038,0.563794,0.916992,0.554688,0.670112,2.686041
p248,sao_paulo,gsv,sao_paulo:195,ieZ8VA3zKLMrd7to7HHB5A,0.457031,0.539062,21.080243,2025-01,u6qjGbX0kKHLPNVHED8rqA,2025-01,1,13.984055,11.1077,0.351133,0.558515,0.339844,0.570312,0.807117,2.569053
p249,sao_paulo,gsv,sao_paulo:193,iGerSDCCTaZmeNVguzT7mg,0.729492,0.539062,21.080243,2017-09,juVlTN359Gtqn0VZeUMrYw,2024-07,0,9.928523,11.732299,0.879794,0.581526,0.917969,0.617188,0.870368,3.741219
p250,sao_paulo,gsv,sao_paulo:56,52VthEdI90oCcFRLa9Wy5g,0.019531,0.539062,21.080243,2023-03,PLpYoU9qN4LUPCUZOv_kiA,2023-03,1,3.441281,20.42399,0.23921,0.705957,0.362305,0.664062,0.674017,3.210123
p251,sao_paulo,gsv,sao_paulo:56,52VthEdI90oCcFRLa9Wy5g,0.019531,0.539062,21.080243,2023-03,DpYoGrf4HFMkB939CVKFFw,2022-03,0,10.613283,15.160838,0.129387,0.576472,0.097656,0.585938,0.750734,2.331133
p252,sao_paulo,gsv,sao_paulo:223,oubzmEZebW0xt9hWWIgN3Q,0.40918,0.539062,21.080243,2024-07,eVANLx6Mae1_2c6Y8cYu1A,2025-04,0,5.058337,26.107198,0.645902,0.651133,0.660156,0.585938,0.866052,4.38096
p253,sao_paulo,gsv,sao_paulo:223,oubzmEZebW0xt9hWWIgN3Q,0.40918,0.539062,21.080243,2024-07,rZtL0FIlqaYtANWu_nDSjQ,2025-04,0,13.953764,32.712673,0.546799,0.558638,0.574219,0.552734,0.698708,2.99572
p254,sao_paulo,gsv,sao_paulo:197,ilpqlnL95rHOAj1Q46fLuw,0.113281,0.599609,8.035517,2024-12,PrSeAvtvQz8RxfgTRoHiTg,2024-12,1,10.384071,15.438848,0.409716,0.578094,0.401367,0.583984,0.859792,0.922921
p255,sao_paulo,gsv,sao_paulo:197,ilpqlnL95rHOAj1Q46fLuw,0.113281,0.599609,8.035517,2024-12,YCsqM5hi0w4tu1mpKMapcA,2024-12,1,17.203714,10.413273,0.054873,0.547745,0.057617,0.539062,0.815185,3.890651
p256,sao_paulo,gsv,sao_paulo:57,52VthEdI90oCcFRLa9Wy5g,0.113281,0.617188,6.740247,2023-03,PLpYoU9qN4LUPCUZOv_kiA,2023-03,1,16.171008,20.42399,0.460718,0.550744,0.464844,0.552734,0.927533,0.744737
p257,sao_paulo,gsv,sao_paulo:57,52VthEdI90oCcFRLa9Wy5g,0.113281,0.617188,6.740247,2023-03,DpYoGrf4HFMkB939CVKFFw,2022-03,0,8.470868,15.160838,0.816582,0.594794,0.81543,0.585938,0.714505,0.926516
p258,sao_paulo,gsv,sao_paulo:179,_zoPpzbkTA4aS166T26J_Q,0.456055,0.539062,21.080243,2025-01,NXB14Bt6Ldrs96h8Pew8Lw,2025-01,1,8.628067,26.626601,0.117612,0.593167,0.089844,0.583984,0.831745,1.87476
p259,sao_paulo,gsv,sao_paulo:179,_zoPpzbkTA4aS166T26J_Q,0.456055,0.539062,21.080243,2025-01,PyEV675nDfbRued29DwQyQ,2025-01,1,7.119618,16.142832,0.348896,0.611458,0.300781,0.630859,0.964895,2.277218
p260,sao_paulo,gsv,sao_paulo:237,xfnPV8p9liS6w_thn5Juqw,0.855469,0.599609,8.035517,2022-03,RKLetlRlsdIs5IjPK84jZA,2024-07,0,17.726856,25.733888,0.559121,0.546356,0.557617,0.539062,0.879801,3.358241
p261,sao_paulo,gsv,sao_paulo:237,xfnPV8p9liS6w_thn5Juqw,0.855469,0.599609,8.035517,2022-03,m9sbUZ7Lgrq4Ez2h1Qso0Q,2024-01,0,8.826727,6.579935,0.94327,0.591182,0.956055,0.585938,0.887215,0.926238
p262,sao_paulo,gsv,sao_paulo:23,2vVoZEbjn1wxGCCvCmgeUQ,0.339844,0.617188,6.740247,2024-04,KxgTT9ud_QfGm0_VpPyhQA,2023-01,0,9.765033,16.242121,0.661389,0.582821,0.667969,0.630859,0.923866,3.814779
p263,sao_paulo,gsv,sao_paulo:23,2vVoZEbjn1wxGCCvCmgeUQ,0.339844,0.617188,6.740247,2024-04,1Kpy_PUh6PWcRc43qIeIjQ,2024-04,1,14.815557,10.055415,0.439722,0.555291,0.44043,0.554688,0.957445,0.179425
p264,sao_paulo,gsv,sao_paulo:227,pEfwvmb_FBOmLOnckeIGFA,0.666992,0.568359,11.919991,2025-10,lfyDooyrYu2UKmn-f1aLzA,2022-03,0,14.275493,26.173037,0.917476,0.557341,0.917969,0.554688,0.869244,0.708877
p265,sao_paulo,gsv,sao_paulo:227,pEfwvmb_FBOmLOnckeIGFA,0.666992,0.568359,11.919991,2025-10,jfyGSPepsfkBb0HvhTvaAw,2025-10,1,11.141558,10.159803,0.811414,0.572972,0.831055,0.585938,0.661138,2.154722
p266,sao_paulo,gsv,sao_paulo:152,OwHITjkTQwapTUEqLaf_HA,0.074219,0.568359,11.919991,2024-02,2AGRzDWCl3dFgT5qovBC4A,2024-02,1,12.792417,22.294705,0.429942,0.563827,0.393555,0.570312,0.884159,3.030185
p267,sao_paulo,gsv,sao_paulo:152,OwHITjkTQwapTUEqLaf_HA,0.074219,0.568359,11.919991,2024-02,AuA1TNmgsZAUoyUcS6IB9A,2024-01,0,10.441623,19.796152,0.422809,0.577682,0.37793,0.583984,0.924061,2.933535
p268,sao_paulo,gsv,sao_paulo:226,pEfwvmb_FBOmLOnckeIGFA,0.291992,0.554688,14.984169,2025-10,3gO7TgRHtef-ybUCyJIrhQ,2024-07,0,11.967008,15.115038,0.882731,0.568095,0.839844,0.583984,0.692614,3.715086
p269,sao_paulo,gsv,sao_paulo:226,pEfwvmb_FBOmLOnckeIGFA,0.291992,0.554688,14.984169,2025-10,uUkmUhNkdxWWinddFQLA8A,2024-07,0,8.56061,21.165029,0.712304,0.593858,0.674805,0.585938,0.820581,2.267186
p270,sao_paulo,gsv,sao_paulo:212,nBEV4rFOanW4bZa31JM0Sw,0.151367,0.554688,14.984169,2024-07,ifuluArDxTiVuoGa3K9aXA,2024-08,0,15.133002,27.574532,0.542121,0.554157,0.542969,0.552734,0.813857,0.424013
p271,sao_paulo,gsv,sao_paulo:192,fto2w3ZBO7XYUyIPzctfxw,0.62793,0.554688,14.984169,2025-01,J4oqKay2VEiVKoJ7SpXriQ,2026-01,0,6.114309,14.968266,0.66374,0.627967,0.69043,0.615234,0.816592,1.319261
p272,sao_paulo,gsv,sao_paulo:192,fto2w3ZBO7XYUyIPzctfxw,0.62793,0.554688,14.984169,2025-01,aPDUoRMRF74VbEo3UK1MRw,2025-01,1,15.113632,21.05763,0.873129,0.55422,0.885742,0.554688,0.768034,1.19967
p273,sao_paulo,gsv,sao_paulo:24,2vVoZEbjn1wxGCCvCmgeUQ,0.605469,0.601562,7.870312,2024-04,0sWYWMdHXkGROgj_al9hkg,2022-10,0,13.711637,18.734003,0.934417,0.559642,0.933594,0.570312,0.809696,2.135747
p274,sao_paulo,gsv,sao_paulo:24,2vVoZEbjn1wxGCCvCmgeUQ,0.605469,0.601562,7.870312,2024-04,PaWyJkrJB5lYP7u6hXeBaw,2018-04,0,5.748191,13.082094,0.778991,0.635199,0.78418,0.601562,0.713659,2.132642
p275,sao_paulo,gsv,sao_paulo:213,nBEV4rFOanW4bZa31JM0Sw,0.285156,0.568359,11.919991,2024-07,ifuluArDxTiVuoGa3K9aXA,2024-08,0,17.42079,27.574532,0.431133,0.547155,0.424805,0.552734,0.720413,1.982962
p276,sao_paulo,gsv,sao_paulo:15,1bF6KihYF1Rw8PIg_ZTh6g,0.362305,0.617188,6.740247,2025-01,_tSkn_MyswqXci-OVP13bg,2025-01,1,15.671803,15.475537,0.368203,0.552332,0.363281,0.554688,0.840688,0.835025
p277,sao_paulo,gsv,sao_paulo:15,1bF6KihYF1Rw8PIg_ZTh6g,0.362305,0.617188,6.740247,2025-01,EnM41x5ZGh9sT59Uhhohug,2025-01,1,14.654017,10.428328,0.473681,0.555902,0.472656,0.552734,0.789069,0.903452
p278,sao_paulo,gsv,sao_paulo:209,loCxSX72-DYrDrDwY0cVGw,0.378906,0.599609,8.035517,2022-03,uf0j0WCErGpz3NOt-HBLNQ,2022-03,1,7.80531,9.878845,0.130294,0.602349,0.112305,0.601562,0.805417,0.887651
p279,sao_paulo,gsv,sao_paulo:185,dZHjPLWAOhyUatavJJEPzA,0.972656,0.539062,21.080243,2024-01,TyPXfZllx5dv6I65Gn8lRQ,2022-08,0,12.234294,32.487941,0.121453,0.566655,0.113281,0.570312,0.797403,0.896504
p280,sao_paulo,gsv,sao_paulo:185,dZHjPLWAOhyUatavJJEPzA,0.972656,0.539062,21.080243,2024-01,Wij-W7G3S5mb_RlxPSfG9Q,2024-01,1,16.924204,26.936107,0.456465,0.548521,0.456055,0.539062,0.806998,4.156251
p281,sao_paulo,gsv,sao_paulo:14,0aJabNkZdyIHXbiruS_yLw,0.09668,0.554688,14.984169,2024-04,E9tBj2_qKFtJNlYMZxaOQQ,2024-04,1,12.601906,26.829306,0.438077,0.564764,0.441406,0.554688,0.837453,2.399498
p282,sao_paulo,gsv,sao_paulo:14,0aJabNkZdyIHXbiruS_yLw,0.09668,0.554688,14.984169,2024-04,ms5DB-xZXv9pvz3dqlf2Aw,2024-04,1,8.093721,9.681032,0.159289,0.598938,0.174805,0.617188,0.827662,1.533016
p283,sao_paulo,gsv,sao_paulo:234,uVUc_s2SzXj8SYWwiFlbzA,0.268555,0.617188,6.740247,2025-10,ip9Et5URY7z1ppAQmEPDBg,2025-06,0,6.368685,12.20298,0.762416,0.623365,0.761719,0.615234,0.732013,0.496924
p284,sao_paulo,gsv,sao_paulo:234,uVUc_s2SzXj8SYWwiFlbzA,0.268555,0.617188,6.740247,2025-10,zvYAbckfyS_Ilqtp2de1Kw,2025-10,1,12.484046,10.987436,0.070673,0.565356,0.06543,0.583984,0.824686,2.882679
p285,sao_paulo,gsv,sao_paulo:160,S4WdqpLlooYt4ODkL03k5g,0.588867,0.583984,9.624548,2021-03,cZGkv7sEjahQFPJ0eYmhkw,2024-07,0,7.111212,5.782134,0.834493,0.61157,0.81543,0.632812,0.768934,1.466395
p286,sao_paulo,gsv,sao_paulo:160,S4WdqpLlooYt4ODkL03k5g,0.588867,0.583984,9.624548,2021-03,brio4ACNrSooY5JwzyRNzg,2024-07,0,15.270264,5.654439,0.943378,0.553682,0.941406,0.568359,0.712244,3.354563
p287,sao_paulo,gsv,sao_paulo:201,lASBXjG5VnksPRJajz2FKw,0.198242,0.583984,9.624548,2024-07,ZsvxNQNtL1DBD-pvrB0tTg,2024-01,0,11.603435,19.101838,0.077046,0.570165,0.089844,0.583984,0.83831,2.153528
p288,sao_paulo,gsv,sao_paulo:211,nBEV4rFOanW4bZa31JM0Sw,0.386719,0.583984,9.624548,2024-07,QpayIxfurKwACc6U6VDZ5A,2024-07,1,7.240741,10.930079,0.168057,0.609727,0.166992,0.615234,1.004413,0.378765
p289,sao_paulo,gsv,sao_paulo:211,nBEV4rFOanW4bZa31JM0Sw,0.386719,0.583984,9.624548,2024-07,5vGbX-mEfUzBmF2wCBEqAg,2024-08,0,14.605954,15.151616,0.351404,0.556073,0.363281,0.568359,0.772681,2.861205
p290,sao_paulo,gsv,sao_paulo:93,DSdxd4wO-H8l4g-O_IGfkg,0.574219,0.568359,11.919991,2025-01,xUhRxwjZtJTcWMimznITmA,2025-01,1,7.778536,19.67871,0.715528,0.60268,0.714844,0.599609,0.907545,0.259231
p291,sao_paulo,gsv,sao_paulo:93,DSdxd4wO-H8l4g-O_IGfkg,0.574219,0.568359,11.919991,2025-01,gY9HGom6xU973ySzT0tkFg,2025-01,1,16.166481,24.892081,0.3886,0.55076,0.394531,0.554688,0.606456,1.316285
p292,sao_paulo,gsv,sao_paulo:178,_zoPpzbkTA4aS166T26J_Q,0.549805,0.539062,21.080243,2025-01,PyEV675nDfbRued29DwQyQ,2025-01,1,7.539632,16.142832,0.663285,0.605706,0.760742,0.630859,0.925244,4.338364
p293,sao_paulo,gsv,sao_paulo:178,_zoPpzbkTA4aS166T26J_Q,0.549805,0.539062,21.080243,2025-01,NXB14Bt6Ldrs96h8Pew8Lw,2025-01,1,9.164965,26.626601,0.876321,0.587992,0.924805,0.568359,0.917434,4.201397
p294,sao_paulo,gsv,sao_paulo:189,el13lYhzqKSZJwWb5w5vUg,0.838867,0.537109,22.200666,2024-02,OZm_iIZAJvdeKlw9Oby5ig,2024-04,0,7.559126,20.263934,0.552906,0.60545,0.581055,0.599609,0.815818,1.45676
p295,sao_paulo,gsv,sao_paulo:189,el13lYhzqKSZJwWb5w5vUg,0.838867,0.537109,22.200666,2024-02,9Hi4a9Pp-GT6sCqRNqcxAQ,2024-04,0,12.824976,30.823798,0.955118,0.563668,0.933594,0.570312,0.818773,2.065376
p296,sao_paulo,gsv,sao_paulo:80,9ogLSXwqkmRsXUlTLya0uQ,0.566406,0.552734,15.550012,2024-01,ijM7jXblOrXSO3SAXrVlhQ,2024-07,0,7.064868,13.408178,0.17742,0.612237,0.183594,0.601562,0.910125,0.855117
p297,sao_paulo,gsv,sao_paulo:180,_zoPpzbkTA4aS166T26J_Q,0.62793,0.554688,14.984169,2025-01,3AHcjQu63XQZNtdZ4ns2lQ,2025-01,1,8.349605,19.441399,0.221991,0.596095,0.268555,0.599609,0.982607,2.408397
p298,sao_paulo,gsv,sao_paulo:180,_zoPpzbkTA4aS166T26J_Q,0.62793,0.554688,14.984169,2025-01,Ob5JHeIbKqzlJt5dG4UJgg,2025-01,1,15.186012,29.417712,0.374652,0.553977,0.394531,0.554688,0.83279,1.893574
p299,sao_paulo,gsv,sao_paulo:188,el13lYhzqKSZJwWb5w5vUg,0.371094,0.601562,7.870312,2024-02,eWB-kU06I3JtPdd1FeuieQ,2024-02,1,16.246012,20.289452,0.053331,0.550515,0.049805,0.554688,0.817208,1.307956
