source,bin_lo,bin_hi,real,null,excess
flat canvas_level @ 0.30,-90,-85,1.0,0.6,0.4
flat canvas_level @ 0.30,-85,-80,5.0,0.45,4.55
flat canvas_level @ 0.30,-80,-75,3.0,0.7,2.3
flat canvas_level @ 0.30,-75,-70,3.0,0.95,2.05
flat canvas_level @ 0.30,-70,-65,4.0,0.8,3.2
flat canvas_level @ 0.30,-65,-60,6.0,0.8,5.2
flat canvas_level @ 0.30,-60,-55,2.0,0.8,1.2
flat canvas_level @ 0.30,-55,-50,3.0,1.0,2.0
flat canvas_level @ 0.30,-50,-45,1.0,1.05,-0.05
flat canvas_level @ 0.30,-45,-40,5.0,1.3,3.7
flat canvas_level @ 0.30,-40,-35,2.0,1.9,0.1
flat canvas_level @ 0.30,-35,-30,6.0,1.6,4.4
flat canvas_level @ 0.30,-30,-25,2.0,2.5,-0.5
flat canvas_level @ 0.30,-25,-20,3.0,3.25,-0.25
flat canvas_level @ 0.30,-20,-15,6.0,4.45,1.55
flat canvas_level @ 0.30,-15,-10,8.0,3.65,4.35
flat canvas_level @ 0.30,-10,-5,8.0,5.0,3.0
flat canvas_level @ 0.30,-5,0,12.0,5.75,6.25
flat canvas_level @ 0.30,0,5,19.0,5.65,13.35
flat canvas_level @ 0.30,5,10,15.0,4.2,10.8
flat canvas_level @ 0.30,10,15,12.0,3.45,8.55
flat canvas_level @ 0.30,15,20,4.0,2.95,1.05
flat canvas_level @ 0.30,20,25,5.0,2.9,2.1
flat canvas_level @ 0.30,25,30,3.0,3.4,-0.4
flat canvas_level @ 0.30,30,35,4.0,2.2,1.8
flat canvas_level @ 0.30,35,40,4.0,2.15,1.85
flat canvas_level @ 0.30,40,45,2.0,1.4,0.6
flat canvas_level @ 0.30,45,50,4.0,1.85,2.15
flat canvas_level @ 0.30,50,55,4.0,1.4,2.6
flat canvas_level @ 0.30,55,60,4.0,1.05,2.95
flat canvas_level @ 0.30,60,65,2.0,0.6,1.4
flat canvas_level @ 0.30,65,70,2.0,0.65,1.35
flat canvas_level @ 0.30,70,75,2.0,0.5,1.5
flat canvas_level @ 0.30,75,80,3.0,0.35,2.65
flat canvas_level @ 0.30,80,85,0.0,0.2,-0.2
flat canvas_level @ 0.30,85,90,1.0,0.4,0.6
flat canvas_level @ 0.55,-90,-85,1.0,0.25,0.75
flat canvas_level @ 0.55,-85,-80,3.0,0.35,2.65
flat canvas_level @ 0.55,-80,-75,2.0,0.35,1.65
flat canvas_level @ 0.55,-75,-70,3.0,0.45,2.55
flat canvas_level @ 0.55,-70,-65,2.0,0.45,1.55
flat canvas_level @ 0.55,-65,-60,4.0,0.35,3.65
flat canvas_level @ 0.55,-60,-55,2.0,0.7,1.3
flat canvas_level @ 0.55,-55,-50,1.0,0.5,0.5
flat canvas_level @ 0.55,-50,-45,1.0,0.75,0.25
flat canvas_level @ 0.55,-45,-40,4.0,0.85,3.15
flat canvas_level @ 0.55,-40,-35,1.0,1.1,-0.1
flat canvas_level @ 0.55,-35,-30,3.0,0.95,2.05
flat canvas_level @ 0.55,-30,-25,1.0,1.8,-0.8
flat canvas_level @ 0.55,-25,-20,1.0,2.15,-1.15
flat canvas_level @ 0.55,-20,-15,5.0,3.4,1.6
flat canvas_level @ 0.55,-15,-10,7.0,2.85,4.15
flat canvas_level @ 0.55,-10,-5,6.0,3.4,2.6
flat canvas_level @ 0.55,-5,0,10.0,3.9,6.1
flat canvas_level @ 0.55,0,5,14.0,3.75,10.25
flat canvas_level @ 0.55,5,10,10.0,2.95,7.05
flat canvas_level @ 0.55,10,15,8.0,2.35,5.65
flat canvas_level @ 0.55,15,20,2.0,2.45,-0.45
flat canvas_level @ 0.55,20,25,2.0,2.0,-0.0
flat canvas_level @ 0.55,25,30,1.0,2.2,-1.2
flat canvas_level @ 0.55,30,35,3.0,1.55,1.45
flat canvas_level @ 0.55,35,40,2.0,1.6,0.4
flat canvas_level @ 0.55,40,45,2.0,1.1,0.9
flat canvas_level @ 0.55,45,50,3.0,1.15,1.85
flat canvas_level @ 0.55,50,55,3.0,0.8,2.2
flat canvas_level @ 0.55,55,60,3.0,0.7,2.3
flat canvas_level @ 0.55,60,65,2.0,0.35,1.65
flat canvas_level @ 0.55,65,70,2.0,0.35,1.65
flat canvas_level @ 0.55,70,75,2.0,0.5,1.5
flat canvas_level @ 0.55,75,80,3.0,0.25,2.75
flat canvas_level @ 0.55,80,85,0.0,0.1,-0.1
flat canvas_level @ 0.55,85,90,1.0,0.4,0.6
flat canvas_level @ 0.10,-90,-85,1.0,1.25,-0.25
flat canvas_level @ 0.10,-85,-80,6.0,1.3,4.7
flat canvas_level @ 0.10,-80,-75,5.0,2.05,2.95
flat canvas_level @ 0.10,-75,-70,4.0,2.25,1.75
flat canvas_level @ 0.10,-70,-65,5.0,1.85,3.15
flat canvas_level @ 0.10,-65,-60,7.0,2.5,4.5
flat canvas_level @ 0.10,-60,-55,5.0,1.95,3.05
flat canvas_level @ 0.10,-55,-50,7.0,3.0,4.0
flat canvas_level @ 0.10,-50,-45,6.0,3.3,2.7
flat canvas_level @ 0.10,-45,-40,11.0,3.6,7.4
flat canvas_level @ 0.10,-40,-35,4.0,3.9,0.1
flat canvas_level @ 0.10,-35,-30,9.0,4.45,4.55
flat canvas_level @ 0.10,-30,-25,5.0,5.55,-0.55
flat canvas_level @ 0.10,-25,-20,10.0,7.25,2.75
flat canvas_level @ 0.10,-20,-15,10.0,7.95,2.05
flat canvas_level @ 0.10,-15,-10,20.0,7.45,12.55
flat canvas_level @ 0.10,-10,-5,18.0,9.6,8.4
flat canvas_level @ 0.10,-5,0,21.0,11.5,9.5
flat canvas_level @ 0.10,0,5,33.0,10.8,22.2
flat canvas_level @ 0.10,5,10,25.0,8.85,16.15
flat canvas_level @ 0.10,10,15,18.0,7.1,10.9
flat canvas_level @ 0.10,15,20,8.0,5.85,2.15
flat canvas_level @ 0.10,20,25,11.0,6.0,5.0
flat canvas_level @ 0.10,25,30,7.0,5.25,1.75
flat canvas_level @ 0.10,30,35,10.0,4.6,5.4
flat canvas_level @ 0.10,35,40,6.0,4.05,1.95
flat canvas_level @ 0.10,40,45,2.0,2.75,-0.75
flat canvas_level @ 0.10,45,50,5.0,2.85,2.15
flat canvas_level @ 0.10,50,55,4.0,2.85,1.15
flat canvas_level @ 0.10,55,60,7.0,1.95,5.05
flat canvas_level @ 0.10,60,65,2.0,1.0,1.0
flat canvas_level @ 0.10,65,70,2.0,1.4,0.6
flat canvas_level @ 0.10,70,75,2.0,0.85,1.15
flat canvas_level @ 0.10,75,80,4.0,0.65,3.35
flat canvas_level @ 0.10,80,85,0.0,0.2,-0.2
flat canvas_level @ 0.10,85,90,2.0,0.7,1.3
flat stretch @ 0.30,-90,-85,1.0,0.75,0.25
flat stretch @ 0.30,-85,-80,5.0,1.45,3.55
flat stretch @ 0.30,-80,-75,3.0,1.2,1.8
flat stretch @ 0.30,-75,-70,5.0,2.0,3.0
flat stretch @ 0.30,-70,-65,3.0,1.6,1.4
flat stretch @ 0.30,-65,-60,3.0,1.7,1.3
flat stretch @ 0.30,-60,-55,4.0,1.3,2.7
flat stretch @ 0.30,-55,-50,3.0,1.9,1.1
flat stretch @ 0.30,-50,-45,8.0,2.75,5.25
flat stretch @ 0.30,-45,-40,8.0,2.9,5.1
flat stretch @ 0.30,-40,-35,6.0,3.5,2.5
flat stretch @ 0.30,-35,-30,9.0,3.6,5.4
flat stretch @ 0.30,-30,-25,6.0,4.8,1.2
flat stretch @ 0.30,-25,-20,3.0,5.0,-2.0
flat stretch @ 0.30,-20,-15,8.0,6.4,1.6
flat stretch @ 0.30,-15,-10,16.0,5.85,10.15
flat stretch @ 0.30,-10,-5,9.0,8.55,0.45
flat stretch @ 0.30,-5,0,21.0,7.2,13.8
flat stretch @ 0.30,0,5,22.0,6.95,15.05
flat stretch @ 0.30,5,10,15.0,6.9,8.1
flat stretch @ 0.30,10,15,12.0,5.15,6.85
flat stretch @ 0.30,15,20,3.0,4.3,-1.3
flat stretch @ 0.30,20,25,5.0,4.2,0.8
flat stretch @ 0.30,25,30,6.0,4.5,1.5
flat stretch @ 0.30,30,35,7.0,3.4,3.6
flat stretch @ 0.30,35,40,6.0,3.15,2.85
flat stretch @ 0.30,40,45,3.0,1.85,1.15
flat stretch @ 0.30,45,50,2.0,1.6,0.4
flat stretch @ 0.30,50,55,4.0,1.8,2.2
flat stretch @ 0.30,55,60,6.0,0.95,5.05
flat stretch @ 0.30,60,65,2.0,0.65,1.35
flat stretch @ 0.30,65,70,2.0,0.7,1.3
flat stretch @ 0.30,70,75,2.0,0.6,1.4
flat stretch @ 0.30,75,80,3.0,0.6,2.4
flat stretch @ 0.30,80,85,0.0,0.35,-0.35
flat stretch @ 0.30,85,90,2.0,0.35,1.65
flat stretch @ 0.55,-90,-85,0.0,0.3,-0.3
flat stretch @ 0.55,-85,-80,2.0,0.35,1.65
flat stretch @ 0.55,-80,-75,1.0,0.55,0.45
flat stretch @ 0.55,-75,-70,3.0,0.9,2.1
flat stretch @ 0.55,-70,-65,2.0,0.8,1.2
flat stretch @ 0.55,-65,-60,1.0,0.6,0.4
flat stretch @ 0.55,-60,-55,3.0,0.55,2.45
flat stretch @ 0.55,-55,-50,1.0,0.8,0.2
flat stretch @ 0.55,-50,-45,4.0,1.35,2.65
flat stretch @ 0.55,-45,-40,3.0,1.4,1.6
flat stretch @ 0.55,-40,-35,3.0,2.05,0.95
flat stretch @ 0.55,-35,-30,5.0,2.0,3.0
flat stretch @ 0.55,-30,-25,4.0,2.3,1.7
flat stretch @ 0.55,-25,-20,1.0,2.5,-1.5
flat stretch @ 0.55,-20,-15,5.0,3.6,1.4
flat stretch @ 0.55,-15,-10,8.0,3.05,4.95
flat stretch @ 0.55,-10,-5,4.0,4.25,-0.25
flat stretch @ 0.55,-5,0,10.0,3.5,6.5
flat stretch @ 0.55,0,5,14.0,3.6,10.4
flat stretch @ 0.55,5,10,9.0,3.15,5.85
flat stretch @ 0.55,10,15,8.0,2.25,5.75
flat stretch @ 0.55,15,20,1.0,2.35,-1.35
flat stretch @ 0.55,20,25,1.0,2.05,-1.05
flat stretch @ 0.55,25,30,2.0,2.3,-0.3
flat stretch @ 0.55,30,35,3.0,1.45,1.55
flat stretch @ 0.55,35,40,5.0,1.85,3.15
flat stretch @ 0.55,40,45,1.0,1.1,-0.1
flat stretch @ 0.55,45,50,2.0,0.8,1.2
flat stretch @ 0.55,50,55,2.0,0.85,1.15
flat stretch @ 0.55,55,60,4.0,0.65,3.35
flat stretch @ 0.55,60,65,1.0,0.4,0.6
flat stretch @ 0.55,65,70,1.0,0.35,0.65
flat stretch @ 0.55,70,75,1.0,0.35,0.65
flat stretch @ 0.55,75,80,2.0,0.45,1.55
flat stretch @ 0.55,80,85,0.0,0.05,-0.05
flat stretch @ 0.55,85,90,2.0,0.2,1.8
flat stretch @ 0.10,-90,-85,5.0,2.35,2.65
flat stretch @ 0.10,-85,-80,11.0,3.75,7.25
flat stretch @ 0.10,-80,-75,6.0,2.7,3.3
flat stretch @ 0.10,-75,-70,8.0,4.0,4.0
flat stretch @ 0.10,-70,-65,7.0,5.1,1.9
flat stretch @ 0.10,-65,-60,6.0,5.15,0.85
flat stretch @ 0.10,-60,-55,8.0,4.0,4.0
flat stretch @ 0.10,-55,-50,10.0,7.25,2.75
flat stretch @ 0.10,-50,-45,15.0,7.65,7.35
flat stretch @ 0.10,-45,-40,16.0,7.95,8.05
flat stretch @ 0.10,-40,-35,13.0,8.55,4.45
flat stretch @ 0.10,-35,-30,19.0,8.85,10.15
flat stretch @ 0.10,-30,-25,16.0,11.6,4.4
flat stretch @ 0.10,-25,-20,17.0,12.9,4.1
flat stretch @ 0.10,-20,-15,23.0,13.45,9.55
flat stretch @ 0.10,-15,-10,32.0,13.2,18.8
flat stretch @ 0.10,-10,-5,28.0,17.45,10.55
flat stretch @ 0.10,-5,0,40.0,16.1,23.9
flat stretch @ 0.10,0,5,38.0,17.1,20.9
flat stretch @ 0.10,5,10,33.0,16.95,16.05
flat stretch @ 0.10,10,15,29.0,12.45,16.55
flat stretch @ 0.10,15,20,13.0,11.1,1.9
flat stretch @ 0.10,20,25,17.0,9.1,7.9
flat stretch @ 0.10,25,30,15.0,9.9,5.1
flat stretch @ 0.10,30,35,11.0,7.6,3.4
flat stretch @ 0.10,35,40,8.0,8.1,-0.1
flat stretch @ 0.10,40,45,4.0,5.25,-1.25
flat stretch @ 0.10,45,50,5.0,4.75,0.25
flat stretch @ 0.10,50,55,9.0,3.95,5.05
flat stretch @ 0.10,55,60,9.0,2.35,6.65
flat stretch @ 0.10,60,65,5.0,2.15,2.85
flat stretch @ 0.10,65,70,3.0,1.4,1.6
flat stretch @ 0.10,70,75,3.0,1.1,1.9
flat stretch @ 0.10,75,80,3.0,1.2,1.8
flat stretch @ 0.10,80,85,1.0,0.65,0.35
flat stretch @ 0.10,85,90,2.0,0.75,1.25
pano @ 0.55,-90,-85,63.0,186.3333,-123.3333
pano @ 0.55,-85,-80,65.0,114.6667,-49.6667
pano @ 0.55,-80,-75,82.0,81.3333,0.6667
pano @ 0.55,-75,-70,85.0,73.6667,11.3333
pano @ 0.55,-70,-65,77.0,73.3333,3.6667
pano @ 0.55,-65,-60,72.0,58.3333,13.6667
pano @ 0.55,-60,-55,79.0,56.0,23.0
pano @ 0.55,-55,-50,79.0,56.6667,22.3333
pano @ 0.55,-50,-45,67.0,63.0,4.0
pano @ 0.55,-45,-40,75.0,62.0,13.0
pano @ 0.55,-40,-35,86.0,69.0,17.0
pano @ 0.55,-35,-30,70.0,63.3333,6.6667
pano @ 0.55,-30,-25,75.0,68.3333,6.6667
pano @ 0.55,-25,-20,99.0,63.6667,35.3333
pano @ 0.55,-20,-15,103.0,72.6667,30.3333
pano @ 0.55,-15,-10,159.0,63.6667,95.3333
pano @ 0.55,-10,-5,193.0,72.0,121.0
pano @ 0.55,-5,0,427.0,58.0,369.0
pano @ 0.55,0,5,428.0,64.6667,363.3333
pano @ 0.55,5,10,213.0,65.3333,147.6667
pano @ 0.55,10,15,138.0,62.6667,75.3333
pano @ 0.55,15,20,110.0,65.3333,44.6667
pano @ 0.55,20,25,99.0,66.0,33.0
pano @ 0.55,25,30,67.0,60.0,7.0
pano @ 0.55,30,35,65.0,60.6667,4.3333
pano @ 0.55,35,40,75.0,58.0,17.0
pano @ 0.55,40,45,71.0,61.6667,9.3333
pano @ 0.55,45,50,71.0,63.3333,7.6667
pano @ 0.55,50,55,95.0,66.0,29.0
pano @ 0.55,55,60,83.0,59.0,24.0
pano @ 0.55,60,65,92.0,62.6667,29.3333
pano @ 0.55,65,70,71.0,73.0,-2.0
pano @ 0.55,70,75,95.0,75.3333,19.6667
pano @ 0.55,75,80,77.0,91.0,-14.0
pano @ 0.55,80,85,78.0,110.3333,-32.3333
pano @ 0.55,85,90,67.0,178.0,-111.0
