filename,member,zip,zip_md5,file_size,compress_size,crc32
IMG_4282.jpg,IMG_4282.jpg,imagery_1.zip,220880dafcbaceb4df1d27e12ada2687,4182276,4177407,38a61ada
IMG_4284.jpg,IMG_4284.jpg,imagery_1.zip,220880dafcbaceb4df1d27e12ada2687,12975121,12969829,bb64766b
IMG_4286.jpg,IMG_4286.jpg,imagery_1.zip,220880dafcbaceb4df1d27e12ada2687,4637802,4638992,ad0ff56b
IMG_4289.jpg,IMG_4289.jpg,imagery_1.zip,220880dafcbaceb4df1d27e12ada2687,3630959,3631316,85bd4489
IMG_4291.jpg,IMG_4291.jpg,imagery_1.zip,220880dafcbaceb4df1d27e12ada2687,9395022,9395755,2a4c366e
IMG_4293.jpg,IMG_4293.jpg,imagery_1.zip,220880dafcbaceb4df1d27e12ada2687,9630374,9631374,960c84e4
IMG_4295.jpg,IMG_4295.jpg,imagery_1.zip,220880dafcbaceb4df1d27e12ada2687,4741830,4742784,419dacc9
IMG_4297.jpg,IMG_4297.jpg,imagery_1.zip,220880dafcbaceb4df1d27e12ada2687,13389370,13383705,b9b2033d
IMG_4299.jpg,IMG_4299.jpg,imagery_1.zip,220880dafcbaceb4df1d27e12ada2687,12532000,12531099,a9b95959
IMG_4301.jpg,IMG_4301.jpg,imagery_1.zip,220880dafcbaceb4df1d27e12ada2687,12171896,12168471,f31b85f6
IMG_4303.jpg,IMG_4303.jpg,imagery_1.zip,220880dafcbaceb4df1d27e12ada2687,11424026,11423548,1cd72606
IMG_4305.jpg,IMG_4305.jpg,imagery_1.zip,220880dafcbaceb4df1d27e12ada2687,11682322,11675177,8a495545
IMG_4307.jpg,IMG_4307.jpg,imagery_1.zip,220880dafcbaceb4df1d27e12ada2687,17196144,17121791,c8a0e38c
IMG_4309.jpg,IMG_4309.jpg,imagery_1.zip,220880dafcbaceb4df1d27e12ada2687,18118857,18053853,70e63da6
IMG_4312.jpg,IMG_4312.jpg,imagery_1.zip,220880dafcbaceb4df1d27e12ada2687,9613905,9611968,562ec6f5
IMG_4315.jpg,IMG_4315.jpg,imagery_1.zip,220880dafcbaceb4df1d27e12ada2687,2754459,2740657,13428d90
IMG_4317.jpg,IMG_4317.jpg,imagery_1.zip,220880dafcbaceb4df1d27e12ada2687,8488979,8491316,ce9f38a0
IMG_4319.jpg,IMG_4319.jpg,imagery_1.zip,220880dafcbaceb4df1d27e12ada2687,17905061,17824931,6886fe56
IMG_4321.jpg,IMG_4321.jpg,imagery_1.zip,220880dafcbaceb4df1d27e12ada2687,9923310,9924841,b3b2aaf0
IMG_4323.jpg,IMG_4323.jpg,imagery_1.zip,220880dafcbaceb4df1d27e12ada2687,9768929,9770693,ebc3af54
IMG_4325.jpg,IMG_4325.jpg,imagery_1.zip,220880dafcbaceb4df1d27e12ada2687,10138432,10139754,e5977809
IMG_4327.jpg,IMG_4327.jpg,imagery_1.zip,220880dafcbaceb4df1d27e12ada2687,17274104,17211422,9ce11ac2
IMG_4329.jpg,IMG_4329.jpg,imagery_1.zip,220880dafcbaceb4df1d27e12ada2687,17610822,17547144,acbbcda3
IMG_4331.jpg,IMG_4331.jpg,imagery_1.zip,220880dafcbaceb4df1d27e12ada2687,18159574,18089969,4a07d022
IMG_4333.jpg,IMG_4333.jpg,imagery_1.zip,220880dafcbaceb4df1d27e12ada2687,9354963,9357272,c9c4b698
IMG_4335.jpg,IMG_4335.jpg,imagery_1.zip,220880dafcbaceb4df1d27e12ada2687,9683559,9684329,9c694b13
IMG_4337.jpg,IMG_4337.jpg,imagery_1.zip,220880dafcbaceb4df1d27e12ada2687,11026576,11024592,bf0d529d
IMG_4342.jpg,IMG_4342.jpg,imagery_1.zip,220880dafcbaceb4df1d27e12ada2687,3408897,3408338,942176d4
IMG_4344.jpg,IMG_4344.jpg,imagery_1.zip,220880dafcbaceb4df1d27e12ada2687,3916953,3917893,fb701cc1
IMG_4346.jpg,IMG_4346.jpg,imagery_1.zip,220880dafcbaceb4df1d27e12ada2687,8782185,8774039,b9cabd0e
IMG_4348.jpg,IMG_4348.jpg,imagery_1.zip,220880dafcbaceb4df1d27e12ada2687,9356392,9351344,7d1fc3d8
IMG_4350.jpg,IMG_4350.jpg,imagery_1.zip,220880dafcbaceb4df1d27e12ada2687,8549554,8546642,63bb4b2f
IMG_4352.jpg,IMG_4352.jpg,imagery_1.zip,220880dafcbaceb4df1d27e12ada2687,8196602,8193678,a4251d2d
IMG_4354.jpg,IMG_4354.jpg,imagery_1.zip,220880dafcbaceb4df1d27e12ada2687,8318124,8311865,a17289a5
IMG_4356.jpg,IMG_4356.jpg,imagery_1.zip,220880dafcbaceb4df1d27e12ada2687,10541234,10525446,6b119c0c
IMG_4358.jpg,IMG_4358.jpg,imagery_1.zip,220880dafcbaceb4df1d27e12ada2687,9324845,9315915,e841924e
IMG_4360.jpg,IMG_4360.jpg,imagery_1.zip,220880dafcbaceb4df1d27e12ada2687,10197537,10188871,c464410c
IMG_4362.jpg,IMG_4362.jpg,imagery_1.zip,220880dafcbaceb4df1d27e12ada2687,10589918,10579143,6f65a1de
IMG_4364.jpg,IMG_4364.jpg,imagery_1.zip,220880dafcbaceb4df1d27e12ada2687,11291809,11273912,0537a891
IMG_4366.jpg,IMG_4366.jpg,imagery_1.zip,220880dafcbaceb4df1d27e12ada2687,11189571,11169527,36852529
IMG_4368.jpg,IMG_4368.jpg,imagery_1.zip,220880dafcbaceb4df1d27e12ada2687,10515676,10505920,09e7a2d8
IMG_4370.jpg,IMG_4370.jpg,imagery_1.zip,220880dafcbaceb4df1d27e12ada2687,9850407,9841816,1a1e1d0b
IMG_4372.jpg,IMG_4372.jpg,imagery_1.zip,220880dafcbaceb4df1d27e12ada2687,8605456,8602280,62c9f5d1
IMG_4375.jpg,IMG_4375.jpg,imagery_1.zip,220880dafcbaceb4df1d27e12ada2687,15701399,15643724,ef0926d3
IMG_4377.jpg,IMG_4377.jpg,imagery_1.zip,220880dafcbaceb4df1d27e12ada2687,8666612,8665054,3a41d8a7
IMG_4379.jpg,IMG_4379.jpg,imagery_1.zip,220880dafcbaceb4df1d27e12ada2687,8928857,8926343,4f332263
IMG_4381.jpg,IMG_4381.jpg,imagery_1.zip,220880dafcbaceb4df1d27e12ada2687,8251844,8251506,1ba6bd8c
IMG_4383.jpg,IMG_4383.jpg,imagery_1.zip,220880dafcbaceb4df1d27e12ada2687,8593850,8589756,b8d65a2f
IMG_4385.jpg,IMG_4385.jpg,imagery_1.zip,220880dafcbaceb4df1d27e12ada2687,9857386,9644051,86485ecd
IMG_4417.jpg,IMG_4417.jpg,imagery_1.zip,220880dafcbaceb4df1d27e12ada2687,7796702,7788707,0634e3e9
IMG_4419.jpg,IMG_4419.jpg,imagery_1.zip,220880dafcbaceb4df1d27e12ada2687,7306054,7302150,218f548d
IMG_4421.jpg,IMG_4421.jpg,imagery_1.zip,220880dafcbaceb4df1d27e12ada2687,15356664,15292747,ae59f13f
IMG_4423.jpg,IMG_4423.jpg,imagery_1.zip,220880dafcbaceb4df1d27e12ada2687,12506713,12400308,4a5af248
IMG_4425.jpg,IMG_4425.jpg,imagery_1.zip,220880dafcbaceb4df1d27e12ada2687,5143843,5145083,22c86768
IMG_4427.jpg,IMG_4427.jpg,imagery_1.zip,220880dafcbaceb4df1d27e12ada2687,5808218,5806625,1bd93051
IMG_4429.jpg,IMG_4429.jpg,imagery_1.zip,220880dafcbaceb4df1d27e12ada2687,6109868,6106526,a913aac7
IMG_4431.jpg,IMG_4431.jpg,imagery_1.zip,220880dafcbaceb4df1d27e12ada2687,5818295,5815490,4025ed4f
IMG_4433.jpg,IMG_4433.jpg,imagery_1.zip,220880dafcbaceb4df1d27e12ada2687,6801651,6795096,ece08dc6
IMG_4435.jpg,IMG_4435.jpg,imagery_1.zip,220880dafcbaceb4df1d27e12ada2687,7946248,7936804,3f4a9b70
IMG_4437.jpg,IMG_4437.jpg,imagery_1.zip,220880dafcbaceb4df1d27e12ada2687,7662432,7660509,b951f126
IMG_4439.jpg,IMG_4439.jpg,imagery_1.zip,220880dafcbaceb4df1d27e12ada2687,6457119,6456964,ed4d6c0a
IMG_4441.jpg,IMG_4441.jpg,imagery_1.zip,220880dafcbaceb4df1d27e12ada2687,7606299,7605498,75a31e13
IMG_4443.jpg,IMG_4443.jpg,imagery_1.zip,220880dafcbaceb4df1d27e12ada2687,7472688,7471373,f4e8114c
IMG_4445.jpg,IMG_4445.jpg,imagery_1.zip,220880dafcbaceb4df1d27e12ada2687,7588340,7584373,bf068170
IMG_4447.jpg,IMG_4447.jpg,imagery_1.zip,220880dafcbaceb4df1d27e12ada2687,11610465,11521404,fd5f0ddc
IMG_4449.jpg,IMG_4449.jpg,imagery_1.zip,220880dafcbaceb4df1d27e12ada2687,11227856,11155884,3d410329
IMG_4451.jpg,IMG_4451.jpg,imagery_1.zip,220880dafcbaceb4df1d27e12ada2687,11749006,11657673,171da6e2
IMG_4454.jpg,IMG_4454.jpg,imagery_1.zip,220880dafcbaceb4df1d27e12ada2687,11035938,10940174,5a506405
IMG_4456.jpg,IMG_4456.jpg,imagery_1.zip,220880dafcbaceb4df1d27e12ada2687,8384757,8379116,999182b5
IMG_4458.jpg,IMG_4458.jpg,imagery_1.zip,220880dafcbaceb4df1d27e12ada2687,13714703,13591917,f19080a6
IMG_4460.jpg,IMG_4460.jpg,imagery_1.zip,220880dafcbaceb4df1d27e12ada2687,7337579,7334153,5b155b06
IMG_4462.jpg,IMG_4462.jpg,imagery_1.zip,220880dafcbaceb4df1d27e12ada2687,14619321,14529835,5226c8c9
IMG_4464.jpg,IMG_4464.jpg,imagery_1.zip,220880dafcbaceb4df1d27e12ada2687,14168434,14048831,83c085d1
IMG_4466.jpg,IMG_4466.jpg,imagery_1.zip,220880dafcbaceb4df1d27e12ada2687,14340739,14244073,7970b495
IMG_4468.jpg,IMG_4468.jpg,imagery_1.zip,220880dafcbaceb4df1d27e12ada2687,8295810,8283706,f96d4926
IMG_4470.jpg,IMG_4470.jpg,imagery_1.zip,220880dafcbaceb4df1d27e12ada2687,10177368,10163220,ba97b10d
IMG_4472.jpg,IMG_4472.jpg,imagery_1.zip,220880dafcbaceb4df1d27e12ada2687,10549561,10533257,7951a398
IMG_4474.jpg,IMG_4474.jpg,imagery_1.zip,220880dafcbaceb4df1d27e12ada2687,10374795,10357565,8e7bfe54
IMG_4476.jpg,IMG_4476.jpg,imagery_1.zip,220880dafcbaceb4df1d27e12ada2687,10369451,10354653,9c14720d
IMG_4478.jpg,IMG_4478.jpg,imagery_1.zip,220880dafcbaceb4df1d27e12ada2687,9980208,9969097,c3bc9f01
IMG_4480.jpg,IMG_4480.jpg,imagery_1.zip,220880dafcbaceb4df1d27e12ada2687,9114426,9108100,d1add63e
IMG_4482.jpg,IMG_4482.jpg,imagery_1.zip,220880dafcbaceb4df1d27e12ada2687,10366218,10352729,d4e2d9b8
IMG_4484.jpg,IMG_4484.jpg,imagery_1.zip,220880dafcbaceb4df1d27e12ada2687,10360910,10345746,a9f6904f
IMG_4486.jpg,IMG_4486.jpg,imagery_1.zip,220880dafcbaceb4df1d27e12ada2687,10167766,10150799,9233c2e9
IMG_4488.jpg,IMG_4488.jpg,imagery_1.zip,220880dafcbaceb4df1d27e12ada2687,15874796,15810862,eb254552
IMG_4490.jpg,IMG_4490.jpg,imagery_1.zip,220880dafcbaceb4df1d27e12ada2687,10116885,10102858,93bcf616
IMG_4492.jpg,IMG_4492.jpg,imagery_1.zip,220880dafcbaceb4df1d27e12ada2687,9014246,9005705,63b7d37e
IMG_4494.jpg,IMG_4494.jpg,imagery_1.zip,220880dafcbaceb4df1d27e12ada2687,9157809,9144625,4207eccf
IMG_4496.jpg,IMG_4496.jpg,imagery_1.zip,220880dafcbaceb4df1d27e12ada2687,10538362,10518716,1c5b7532
IMG_4498.jpg,IMG_4498.jpg,imagery_1.zip,220880dafcbaceb4df1d27e12ada2687,9706219,9694088,23ac3e47
IMG_4500.jpg,IMG_4500.jpg,imagery_1.zip,220880dafcbaceb4df1d27e12ada2687,10166682,10147203,2fa97689
IMG_4502.jpg,IMG_4502.jpg,imagery_1.zip,220880dafcbaceb4df1d27e12ada2687,10171010,10152623,c8cc5056
IMG_4504.jpg,IMG_4504.jpg,imagery_1.zip,220880dafcbaceb4df1d27e12ada2687,9257491,9244270,7031dfe6
IMG_4506.jpg,IMG_4506.jpg,imagery_1.zip,220880dafcbaceb4df1d27e12ada2687,8636457,8627124,c2a247dd
IMG_4508.jpg,IMG_4508.jpg,imagery_1.zip,220880dafcbaceb4df1d27e12ada2687,9435454,9420944,941dc223
IMG_4510.jpg,IMG_4510.jpg,imagery_1.zip,220880dafcbaceb4df1d27e12ada2687,9612972,9597713,75f514e2
IMG_4512.jpg,IMG_4512.jpg,imagery_1.zip,220880dafcbaceb4df1d27e12ada2687,7946781,7942987,c88cd65b
IMG_4514.jpg,IMG_4514.jpg,imagery_1.zip,220880dafcbaceb4df1d27e12ada2687,7403345,7402086,a8822de1
IMG_4516.jpg,IMG_4516.jpg,imagery_1.zip,220880dafcbaceb4df1d27e12ada2687,7992281,7986899,ddfd19d6
IMG_4518.jpg,IMG_4518.jpg,imagery_1.zip,220880dafcbaceb4df1d27e12ada2687,15712993,15654821,235dfdc4
IMG_4520.jpg,IMG_4520.jpg,imagery_1.zip,220880dafcbaceb4df1d27e12ada2687,8443649,8436963,880ba47c
IMG_4522.jpg,IMG_4522.jpg,imagery_1.zip,220880dafcbaceb4df1d27e12ada2687,13698456,13605382,848de9da
IMG_4524.jpg,IMG_4524.jpg,imagery_1.zip,220880dafcbaceb4df1d27e12ada2687,9487443,9463325,bc16f198
IMG_4526.jpg,IMG_4526.jpg,imagery_1.zip,220880dafcbaceb4df1d27e12ada2687,9547858,9523071,1ef64a60
IMG_4528.jpg,IMG_4528.jpg,imagery_1.zip,220880dafcbaceb4df1d27e12ada2687,9391261,9369930,19891006
IMG_4531.jpg,IMG_4531.jpg,imagery_1.zip,220880dafcbaceb4df1d27e12ada2687,7899219,7897039,94cc2e79
IMG_4533.jpg,IMG_4533.jpg,imagery_1.zip,220880dafcbaceb4df1d27e12ada2687,7913625,7911124,38924551
IMG_4536.jpg,IMG_4536.jpg,imagery_1.zip,220880dafcbaceb4df1d27e12ada2687,7483705,7481071,767adafd
IMG_4538.jpg,IMG_4538.jpg,imagery_1.zip,220880dafcbaceb4df1d27e12ada2687,7842722,7840786,d6e36e71
IMG_4540.jpg,IMG_4540.jpg,imagery_1.zip,220880dafcbaceb4df1d27e12ada2687,8186133,8183878,c0edfc78
IMG_4542.jpg,IMG_4542.jpg,imagery_1.zip,220880dafcbaceb4df1d27e12ada2687,7189714,7186235,91831626
IMG_4544.jpg,IMG_4544.jpg,imagery_1.zip,220880dafcbaceb4df1d27e12ada2687,6976149,6975768,56e365a6
IMG_4546.jpg,IMG_4546.jpg,imagery_1.zip,220880dafcbaceb4df1d27e12ada2687,7503001,7502884,aa62e497
IMG_4548.jpg,IMG_4548.jpg,imagery_1.zip,220880dafcbaceb4df1d27e12ada2687,6587164,6586990,f02214a1
IMG_4550.jpg,IMG_4550.jpg,imagery_1.zip,220880dafcbaceb4df1d27e12ada2687,7194764,7194113,7a5a3747
IMG_4552.jpg,IMG_4552.jpg,imagery_1.zip,220880dafcbaceb4df1d27e12ada2687,7331432,7329481,adc2ad5d
IMG_4554.jpg,IMG_4554.jpg,imagery_1.zip,220880dafcbaceb4df1d27e12ada2687,13098631,12995712,b7fed205
IMG_4556.jpg,IMG_4556.jpg,imagery_1.zip,220880dafcbaceb4df1d27e12ada2687,8094041,8085254,c11dbdf3
IMG_4558.jpg,IMG_4558.jpg,imagery_1.zip,220880dafcbaceb4df1d27e12ada2687,8021643,8013845,f921ef9d
IMG_4560.jpg,IMG_4560.jpg,imagery_1.zip,220880dafcbaceb4df1d27e12ada2687,6984762,6982710,35b868e3
IMG_4562.jpg,IMG_4562.jpg,imagery_1.zip,220880dafcbaceb4df1d27e12ada2687,6344305,6344604,d7a2c17b
IMG_4564.jpg,IMG_4564.jpg,imagery_1.zip,220880dafcbaceb4df1d27e12ada2687,6107279,6104984,65daf133
IMG_4566.jpg,IMG_4566.jpg,imagery_1.zip,220880dafcbaceb4df1d27e12ada2687,13148990,13055450,a701721a
IMG_4568.jpg,IMG_4568.jpg,imagery_1.zip,220880dafcbaceb4df1d27e12ada2687,7417654,7416621,584ca5eb
IMG_4570.jpg,IMG_4570.jpg,imagery_1.zip,220880dafcbaceb4df1d27e12ada2687,8071620,8067888,1510fc82
IMG_4572.jpg,IMG_4572.jpg,imagery_1.zip,220880dafcbaceb4df1d27e12ada2687,8532604,8529328,942a49e0
IMG_4576.jpg,IMG_4576.jpg,imagery_1.zip,220880dafcbaceb4df1d27e12ada2687,8933235,8928487,3a51decd
IMG_4578.jpg,IMG_4578.jpg,imagery_1.zip,220880dafcbaceb4df1d27e12ada2687,8046924,8042672,f3654dab
IMG_4580.jpg,IMG_4580.jpg,imagery_1.zip,220880dafcbaceb4df1d27e12ada2687,8360572,8355812,3f6f23b4
IMG_4582.jpg,IMG_4582.jpg,imagery_1.zip,220880dafcbaceb4df1d27e12ada2687,7812560,7809391,d3001399
IMG_4584.jpg,IMG_4584.jpg,imagery_1.zip,220880dafcbaceb4df1d27e12ada2687,6716928,6715457,b90713b7
IMG_4586.jpg,IMG_4586.jpg,imagery_1.zip,220880dafcbaceb4df1d27e12ada2687,7847367,7843634,4df37e32
IMG_4588.jpg,IMG_4588.jpg,imagery_1.zip,220880dafcbaceb4df1d27e12ada2687,6808160,6807316,fb86343a
IMG_4590.jpg,IMG_4590.jpg,imagery_1.zip,220880dafcbaceb4df1d27e12ada2687,11945225,11871865,ecb0306f
IMG_4592.jpg,IMG_4592.jpg,imagery_1.zip,220880dafcbaceb4df1d27e12ada2687,7172578,7169629,c9ae82db
IMG_4594.jpg,IMG_4594.jpg,imagery_1.zip,220880dafcbaceb4df1d27e12ada2687,7491152,7487739,8fbf8ae9
IMG_4596.jpg,IMG_4596.jpg,imagery_1.zip,220880dafcbaceb4df1d27e12ada2687,7047757,7045407,9164b094
IMG_4598.jpg,IMG_4598.jpg,imagery_1.zip,220880dafcbaceb4df1d27e12ada2687,7359479,7358809,c3d2c7f5
IMG_4600.jpg,IMG_4600.jpg,imagery_1.zip,220880dafcbaceb4df1d27e12ada2687,7265324,7265792,cec83510
IMG_4603.jpg,IMG_4603.jpg,imagery_1.zip,220880dafcbaceb4df1d27e12ada2687,8209187,8204661,e20dc993
IMG_4605.jpg,IMG_4605.jpg,imagery_1.zip,220880dafcbaceb4df1d27e12ada2687,6434611,6435190,e19837c3
IMG_4607.jpg,IMG_4607.jpg,imagery_1.zip,220880dafcbaceb4df1d27e12ada2687,6924349,6924937,f1ade067
IMG_4609.jpg,IMG_4609.jpg,imagery_1.zip,220880dafcbaceb4df1d27e12ada2687,7041377,7042360,e2610dd3
IMG_4611.jpg,IMG_4611.jpg,imagery_1.zip,220880dafcbaceb4df1d27e12ada2687,6865506,6866313,a00cc704
IMG_4613.jpg,IMG_4613.jpg,imagery_1.zip,220880dafcbaceb4df1d27e12ada2687,6845633,6846487,35aad10d
IMG_4615.jpg,IMG_4615.jpg,imagery_1.zip,220880dafcbaceb4df1d27e12ada2687,11141239,11074938,cd931433
IMG_4617.jpg,IMG_4617.jpg,imagery_1.zip,220880dafcbaceb4df1d27e12ada2687,11224803,11151570,56a45c67
IMG_4619.jpg,IMG_4619.jpg,imagery_1.zip,220880dafcbaceb4df1d27e12ada2687,6563117,6564048,d2a561d3
IMG_4654.jpg,IMG_4654.jpg,imagery_1.zip,220880dafcbaceb4df1d27e12ada2687,6130672,6122756,6f42b4c8
IMG_4656.jpg,IMG_4656.jpg,imagery_1.zip,220880dafcbaceb4df1d27e12ada2687,5646411,5637375,7ecfeae9
IMG_4658.jpg,IMG_4658.jpg,imagery_1.zip,220880dafcbaceb4df1d27e12ada2687,5637109,5631048,ea67e71c
IMG_4660.jpg,IMG_4660.jpg,imagery_1.zip,220880dafcbaceb4df1d27e12ada2687,4946851,4941197,a2c4cfa3
IMG_4662.jpg,IMG_4662.jpg,imagery_1.zip,220880dafcbaceb4df1d27e12ada2687,3741395,3742121,9c403484
IMG_4664.jpg,IMG_4664.jpg,imagery_1.zip,220880dafcbaceb4df1d27e12ada2687,5306993,5300565,c1f69e8c
IMG_4666.jpg,IMG_4666.jpg,imagery_1.zip,220880dafcbaceb4df1d27e12ada2687,5115425,5112549,da052b2e
IMG_4668.jpg,IMG_4668.jpg,imagery_1.zip,220880dafcbaceb4df1d27e12ada2687,5253699,5252165,dc342667
IMG_4670.jpg,IMG_4670.jpg,imagery_1.zip,220880dafcbaceb4df1d27e12ada2687,5016447,5014167,8671fc67
IMG_4672.jpg,IMG_4672.jpg,imagery_1.zip,220880dafcbaceb4df1d27e12ada2687,4926473,4920147,170c6647
IMG_4674.jpg,IMG_4674.jpg,imagery_1.zip,220880dafcbaceb4df1d27e12ada2687,4952655,4950036,58712467
IMG_4676.jpg,IMG_4676.jpg,imagery_1.zip,220880dafcbaceb4df1d27e12ada2687,4855308,4853236,1cbdd869
IMG_4678.jpg,IMG_4678.jpg,imagery_1.zip,220880dafcbaceb4df1d27e12ada2687,4924669,4919763,ada7f0b1
IMG_4681.jpg,IMG_4681.jpg,imagery_1.zip,220880dafcbaceb4df1d27e12ada2687,5125318,5121099,1e431b18
IMG_4683.jpg,IMG_4683.jpg,imagery_1.zip,220880dafcbaceb4df1d27e12ada2687,4816938,4812642,9ba87051
IMG_4685.jpg,IMG_4685.jpg,imagery_1.zip,220880dafcbaceb4df1d27e12ada2687,4849518,4846803,c26eb4b3
IMG_4687.jpg,IMG_4687.jpg,imagery_1.zip,220880dafcbaceb4df1d27e12ada2687,5126898,5120965,454b684d
IMG_4689.jpg,IMG_4689.jpg,imagery_1.zip,220880dafcbaceb4df1d27e12ada2687,4894489,4892617,d67befb6
IMG_4691.jpg,IMG_4691.jpg,imagery_1.zip,220880dafcbaceb4df1d27e12ada2687,4686932,4684693,5ff5aa3d
IMG_4693.jpg,IMG_4693.jpg,imagery_1.zip,220880dafcbaceb4df1d27e12ada2687,8202871,8203384,45aef029
IMG_4695.jpg,IMG_4695.jpg,imagery_1.zip,220880dafcbaceb4df1d27e12ada2687,7715141,7715134,70b96180
IMG_4697.jpg,IMG_4697.jpg,imagery_1.zip,220880dafcbaceb4df1d27e12ada2687,7932780,7930076,e24d1bb6
IMG_4699.jpg,IMG_4699.jpg,imagery_2.zip,850ad84eca1860cca862747f45bb8e0d,4928047,4926539,c5a79976
IMG_4701.jpg,IMG_4701.jpg,imagery_2.zip,850ad84eca1860cca862747f45bb8e0d,4156198,4154228,8eb48685
IMG_4704.jpg,IMG_4704.jpg,imagery_2.zip,850ad84eca1860cca862747f45bb8e0d,5084805,5080356,23c43a68
IMG_4706.jpg,IMG_4706.jpg,imagery_2.zip,850ad84eca1860cca862747f45bb8e0d,5020939,5015811,81289c08
IMG_4708.jpg,IMG_4708.jpg,imagery_2.zip,850ad84eca1860cca862747f45bb8e0d,8202583,8191616,661f4c5a
IMG_4710.jpg,IMG_4710.jpg,imagery_2.zip,850ad84eca1860cca862747f45bb8e0d,8209708,8199876,b45198d4
IMG_4712.jpg,IMG_4712.jpg,imagery_2.zip,850ad84eca1860cca862747f45bb8e0d,8861316,8854306,ad7cf73b
IMG_4714.jpg,IMG_4714.jpg,imagery_2.zip,850ad84eca1860cca862747f45bb8e0d,7517326,7490091,d6c1c030
IMG_4716.jpg,IMG_4716.jpg,imagery_2.zip,850ad84eca1860cca862747f45bb8e0d,4681457,4678998,1cd16f32
IMG_4718.jpg,IMG_4718.jpg,imagery_2.zip,850ad84eca1860cca862747f45bb8e0d,4903790,4900150,73af2910
IMG_4721.jpg,IMG_4721.jpg,imagery_2.zip,850ad84eca1860cca862747f45bb8e0d,8728663,8725979,3919a750
IMG_4723.jpg,IMG_4723.jpg,imagery_2.zip,850ad84eca1860cca862747f45bb8e0d,8583400,8583686,f49f5b39
IMG_4725.jpg,IMG_4725.jpg,imagery_2.zip,850ad84eca1860cca862747f45bb8e0d,8861604,8860423,aa5bd1dd
IMG_4727.jpg,IMG_4727.jpg,imagery_2.zip,850ad84eca1860cca862747f45bb8e0d,8797072,8794014,64964bde
IMG_4729.jpg,IMG_4729.jpg,imagery_2.zip,850ad84eca1860cca862747f45bb8e0d,8506409,8501938,571eb96e
IMG_4731.jpg,IMG_4731.jpg,imagery_2.zip,850ad84eca1860cca862747f45bb8e0d,8490459,8488332,8c6c38cc
IMG_4733.jpg,IMG_4733.jpg,imagery_2.zip,850ad84eca1860cca862747f45bb8e0d,14854199,14782740,566681c5
IMG_4735.jpg,IMG_4735.jpg,imagery_2.zip,850ad84eca1860cca862747f45bb8e0d,9135559,9126900,2ae5a70f
IMG_4737.jpg,IMG_4737.jpg,imagery_2.zip,850ad84eca1860cca862747f45bb8e0d,9109262,9101883,f406e304
IMG_4739.jpg,IMG_4739.jpg,imagery_2.zip,850ad84eca1860cca862747f45bb8e0d,9613051,9599918,85b93b9a
IMG_4741.jpg,IMG_4741.jpg,imagery_2.zip,850ad84eca1860cca862747f45bb8e0d,9490383,9479219,44b2f777
IMG_4743.jpg,IMG_4743.jpg,imagery_2.zip,850ad84eca1860cca862747f45bb8e0d,5506635,5500479,afe22b57
IMG_4745.jpg,IMG_4745.jpg,imagery_2.zip,850ad84eca1860cca862747f45bb8e0d,15229877,15157738,d615d817
IMG_4747.jpg,IMG_4747.jpg,imagery_2.zip,850ad84eca1860cca862747f45bb8e0d,8787035,8780562,dad2eea8
IMG_4749.jpg,IMG_4749.jpg,imagery_2.zip,850ad84eca1860cca862747f45bb8e0d,8073440,8072897,15eb32f6
IMG_4751.jpg,IMG_4751.jpg,imagery_2.zip,850ad84eca1860cca862747f45bb8e0d,8186845,8182680,82028ef4
IMG_4753.jpg,IMG_4753.jpg,imagery_2.zip,850ad84eca1860cca862747f45bb8e0d,8257670,8251914,758f35d1
IMG_4755.jpg,IMG_4755.jpg,imagery_2.zip,850ad84eca1860cca862747f45bb8e0d,8442170,8437377,015d8830
IMG_4757.jpg,IMG_4757.jpg,imagery_2.zip,850ad84eca1860cca862747f45bb8e0d,9037686,9023377,74126a94
IMG_4759.jpg,IMG_4759.jpg,imagery_2.zip,850ad84eca1860cca862747f45bb8e0d,8795316,8787077,33c53143
IMG_4761.jpg,IMG_4761.jpg,imagery_2.zip,850ad84eca1860cca862747f45bb8e0d,9474107,9460831,291eb28b
IMG_4763.jpg,IMG_4763.jpg,imagery_2.zip,850ad84eca1860cca862747f45bb8e0d,9149349,9137396,0d879350
IMG_4765.jpg,IMG_4765.jpg,imagery_2.zip,850ad84eca1860cca862747f45bb8e0d,8711286,8700029,c1750426
IMG_4768.jpg,IMG_4768.jpg,imagery_2.zip,850ad84eca1860cca862747f45bb8e0d,5367128,5360362,04c3a9d2
IMG_4770.jpg,IMG_4770.jpg,imagery_2.zip,850ad84eca1860cca862747f45bb8e0d,5239265,5233959,81d81899
IMG_4772.jpg,IMG_4772.jpg,imagery_2.zip,850ad84eca1860cca862747f45bb8e0d,9311803,9298816,3c312eed
IMG_4774.jpg,IMG_4774.jpg,imagery_2.zip,850ad84eca1860cca862747f45bb8e0d,9121468,9108247,716fee24
IMG_4776.jpg,IMG_4776.jpg,imagery_2.zip,850ad84eca1860cca862747f45bb8e0d,8992192,8976917,3f6b0d07
IMG_4778.jpg,IMG_4778.jpg,imagery_2.zip,850ad84eca1860cca862747f45bb8e0d,8352769,8345551,978c9be8
IMG_4780.jpg,IMG_4780.jpg,imagery_2.zip,850ad84eca1860cca862747f45bb8e0d,8484479,8478973,81e6f795
IMG_4782.jpg,IMG_4782.jpg,imagery_2.zip,850ad84eca1860cca862747f45bb8e0d,9034725,9026936,5b569bb6
IMG_4784.jpg,IMG_4784.jpg,imagery_2.zip,850ad84eca1860cca862747f45bb8e0d,8851561,8842325,1871d942
IMG_4786.jpg,IMG_4786.jpg,imagery_2.zip,850ad84eca1860cca862747f45bb8e0d,8698777,8691545,fa2ff763
IMG_4788.jpg,IMG_4788.jpg,imagery_2.zip,850ad84eca1860cca862747f45bb8e0d,8874288,8864970,fd9aecba
IMG_4790.jpg,IMG_4790.jpg,imagery_2.zip,850ad84eca1860cca862747f45bb8e0d,8613503,8608241,527f014b
IMG_4792.jpg,IMG_4792.jpg,imagery_2.zip,850ad84eca1860cca862747f45bb8e0d,8411683,8404675,ba4c2fe4
IMG_4794.jpg,IMG_4794.jpg,imagery_2.zip,850ad84eca1860cca862747f45bb8e0d,8906424,8899693,1f83dc3d
IMG_4796.jpg,IMG_4796.jpg,imagery_2.zip,850ad84eca1860cca862747f45bb8e0d,9094980,9085529,3b5f8d07
IMG_4800.jpg,IMG_4800.jpg,imagery_2.zip,850ad84eca1860cca862747f45bb8e0d,9068294,9059916,6eeabbdb
IMG_4802.jpg,IMG_4802.jpg,imagery_2.zip,850ad84eca1860cca862747f45bb8e0d,8590792,8585089,95d621a9
IMG_4805.jpg,IMG_4805.jpg,imagery_2.zip,850ad84eca1860cca862747f45bb8e0d,7695391,7693628,4323d280
IMG_4807.jpg,IMG_4807.jpg,imagery_2.zip,850ad84eca1860cca862747f45bb8e0d,7559951,7557850,50f2eb42
IMG_4809.jpg,IMG_4809.jpg,imagery_2.zip,850ad84eca1860cca862747f45bb8e0d,5712028,5708016,38339e86
IMG_4811.jpg,IMG_4811.jpg,imagery_2.zip,850ad84eca1860cca862747f45bb8e0d,7106648,7104667,3d114eef
IMG_4813.jpg,IMG_4813.jpg,imagery_2.zip,850ad84eca1860cca862747f45bb8e0d,7422966,7416169,b95a46be
IMG_4815.jpg,IMG_4815.jpg,imagery_2.zip,850ad84eca1860cca862747f45bb8e0d,8754423,8744270,e493caa9
IMG_4818.jpg,IMG_4818.jpg,imagery_2.zip,850ad84eca1860cca862747f45bb8e0d,9396993,9383924,2af95b27
IMG_4821.jpg,IMG_4821.jpg,imagery_2.zip,850ad84eca1860cca862747f45bb8e0d,9563710,9547608,7c0661fe
IMG_4823.jpg,IMG_4823.jpg,imagery_2.zip,850ad84eca1860cca862747f45bb8e0d,9629137,9614541,c8494093
IMG_4825.jpg,IMG_4825.jpg,imagery_2.zip,850ad84eca1860cca862747f45bb8e0d,9434650,9421157,bea9cdfc
IMG_4827.jpg,IMG_4827.jpg,imagery_2.zip,850ad84eca1860cca862747f45bb8e0d,9858100,9839152,e695445f
IMG_4829.jpg,IMG_4829.jpg,imagery_2.zip,850ad84eca1860cca862747f45bb8e0d,9876083,9853571,3c2ac134
IMG_4831.jpg,IMG_4831.jpg,imagery_2.zip,850ad84eca1860cca862747f45bb8e0d,9729369,9710094,fecd8f0b
IMG_4833.jpg,IMG_4833.jpg,imagery_2.zip,850ad84eca1860cca862747f45bb8e0d,8656550,8642723,f4a01203
IMG_4835.jpg,IMG_4835.jpg,imagery_2.zip,850ad84eca1860cca862747f45bb8e0d,9077624,9057766,d1711c34
IMG_4837.jpg,IMG_4837.jpg,imagery_2.zip,850ad84eca1860cca862747f45bb8e0d,15275163,15203521,ea0fc3b5
IMG_4839.jpg,IMG_4839.jpg,imagery_2.zip,850ad84eca1860cca862747f45bb8e0d,8667457,8658930,e89000b3
IMG_4841.jpg,IMG_4841.jpg,imagery_2.zip,850ad84eca1860cca862747f45bb8e0d,13915557,13837900,330171a0
IMG_4843.jpg,IMG_4843.jpg,imagery_2.zip,850ad84eca1860cca862747f45bb8e0d,7808446,7797588,5be8fa40
IMG_4845.jpg,IMG_4845.jpg,imagery_2.zip,850ad84eca1860cca862747f45bb8e0d,9100102,9083064,cbb13546
IMG_4847.jpg,IMG_4847.jpg,imagery_2.zip,850ad84eca1860cca862747f45bb8e0d,9606267,9590078,b8d5829b
IMG_4849.jpg,IMG_4849.jpg,imagery_2.zip,850ad84eca1860cca862747f45bb8e0d,8596654,8587719,2efd47f5
IMG_4851.jpg,IMG_4851.jpg,imagery_2.zip,850ad84eca1860cca862747f45bb8e0d,7841477,7823368,c08cbaa1
IMG_4853.jpg,IMG_4853.jpg,imagery_2.zip,850ad84eca1860cca862747f45bb8e0d,8825807,8808937,c0225014
IMG_4855.jpg,IMG_4855.jpg,imagery_2.zip,850ad84eca1860cca862747f45bb8e0d,8782076,8767485,86f59f79
IMG_4857.jpg,IMG_4857.jpg,imagery_2.zip,850ad84eca1860cca862747f45bb8e0d,7719708,7712704,46be943c
IMG_4859.jpg,IMG_4859.jpg,imagery_2.zip,850ad84eca1860cca862747f45bb8e0d,7087416,7082782,22bc20ab
IMG_4861.jpg,IMG_4861.jpg,imagery_2.zip,850ad84eca1860cca862747f45bb8e0d,6164979,6156766,889cf0ee
IMG_6376.jpg,IMG_6376.jpg,imagery_2.zip,850ad84eca1860cca862747f45bb8e0d,9458560,9450789,8970381a
IMG_6378.jpg,IMG_6378.jpg,imagery_2.zip,850ad84eca1860cca862747f45bb8e0d,9009575,9006033,40b357f5
IMG_6380.jpg,IMG_6380.jpg,imagery_2.zip,850ad84eca1860cca862747f45bb8e0d,8937543,8933215,c9b0f43e
IMG_6383.jpg,IMG_6383.jpg,imagery_2.zip,850ad84eca1860cca862747f45bb8e0d,8023199,8023215,637b4947
IMG_6385.jpg,IMG_6385.jpg,imagery_2.zip,850ad84eca1860cca862747f45bb8e0d,8010274,8008938,5fcf7bd9
IMG_6387.jpg,IMG_6387.jpg,imagery_2.zip,850ad84eca1860cca862747f45bb8e0d,7716717,7716272,5169c8ec
IMG_6390.jpg,IMG_6390.jpg,imagery_2.zip,850ad84eca1860cca862747f45bb8e0d,7252388,7252440,7f44a3ce
IMG_6392.jpg,IMG_6392.jpg,imagery_2.zip,850ad84eca1860cca862747f45bb8e0d,7444626,7445092,c141faaa
IMG_6394.jpg,IMG_6394.jpg,imagery_2.zip,850ad84eca1860cca862747f45bb8e0d,7781165,7781265,47894a97
IMG_6396.jpg,IMG_6396.jpg,imagery_2.zip,850ad84eca1860cca862747f45bb8e0d,8919861,8915377,7db5d441
IMG_6398.jpg,IMG_6398.jpg,imagery_2.zip,850ad84eca1860cca862747f45bb8e0d,8377082,8376862,5a06b201
IMG_6400.jpg,IMG_6400.jpg,imagery_2.zip,850ad84eca1860cca862747f45bb8e0d,8072494,8073544,587e8f88
IMG_6402.jpg,IMG_6402.jpg,imagery_2.zip,850ad84eca1860cca862747f45bb8e0d,8377879,8374019,c270e976
IMG_6404.jpg,IMG_6404.jpg,imagery_2.zip,850ad84eca1860cca862747f45bb8e0d,8711294,8708275,9debfedc
IMG_6406.jpg,IMG_6406.jpg,imagery_2.zip,850ad84eca1860cca862747f45bb8e0d,9208652,9203831,35cdb1e2
IMG_6408.jpg,IMG_6408.jpg,imagery_2.zip,850ad84eca1860cca862747f45bb8e0d,9471780,9466659,382530f2
IMG_6410.jpg,IMG_6410.jpg,imagery_2.zip,850ad84eca1860cca862747f45bb8e0d,9553677,9545110,4cdabc8a
IMG_6412.jpg,IMG_6412.jpg,imagery_2.zip,850ad84eca1860cca862747f45bb8e0d,9518744,9511784,d6e29bfe
IMG_6415.jpg,IMG_6415.jpg,imagery_2.zip,850ad84eca1860cca862747f45bb8e0d,8271741,8270292,9d587e74
IMG_6417.jpg,IMG_6417.jpg,imagery_2.zip,850ad84eca1860cca862747f45bb8e0d,6922053,6919213,432633c8
IMG_6419.jpg,IMG_6419.jpg,imagery_2.zip,850ad84eca1860cca862747f45bb8e0d,6014855,6014273,56defa79
IMG_6421.jpg,IMG_6421.jpg,imagery_2.zip,850ad84eca1860cca862747f45bb8e0d,8727800,8722095,8664c60b
IMG_6423.jpg,IMG_6423.jpg,imagery_2.zip,850ad84eca1860cca862747f45bb8e0d,8609529,8601781,84339de0
IMG_6425.jpg,IMG_6425.jpg,imagery_2.zip,850ad84eca1860cca862747f45bb8e0d,8108799,8107052,56a53e96
IMG_6427.jpg,IMG_6427.jpg,imagery_2.zip,850ad84eca1860cca862747f45bb8e0d,8610669,8606993,acb5a39e
IMG_6429.jpg,IMG_6429.jpg,imagery_2.zip,850ad84eca1860cca862747f45bb8e0d,9588693,9576516,49085791
IMG_6431.jpg,IMG_6431.jpg,imagery_2.zip,850ad84eca1860cca862747f45bb8e0d,8985466,8983498,33e099ad
IMG_6433.jpg,IMG_6433.jpg,imagery_2.zip,850ad84eca1860cca862747f45bb8e0d,7014562,7014798,af4a3050
IMG_6435.jpg,IMG_6435.jpg,imagery_2.zip,850ad84eca1860cca862747f45bb8e0d,8363367,8363808,ea4d756f
IMG_6437.jpg,IMG_6437.jpg,imagery_2.zip,850ad84eca1860cca862747f45bb8e0d,7048471,7048038,2945e167
IMG_6439.jpg,IMG_6439.jpg,imagery_2.zip,850ad84eca1860cca862747f45bb8e0d,6984905,6981603,36464b59
IMG_6441.jpg,IMG_6441.jpg,imagery_2.zip,850ad84eca1860cca862747f45bb8e0d,7890362,7890579,e2c0ec4b
IMG_6443.jpg,IMG_6443.jpg,imagery_2.zip,850ad84eca1860cca862747f45bb8e0d,8058402,8057594,8a3ee93c
IMG_6445.jpg,IMG_6445.jpg,imagery_2.zip,850ad84eca1860cca862747f45bb8e0d,7580182,7580556,98d4f73a
IMG_6447.jpg,IMG_6447.jpg,imagery_2.zip,850ad84eca1860cca862747f45bb8e0d,6496911,6496655,0935b3f6
IMG_6449.jpg,IMG_6449.jpg,imagery_2.zip,850ad84eca1860cca862747f45bb8e0d,6862852,6857998,e28ae3c4
IMG_6451.jpg,IMG_6451.jpg,imagery_2.zip,850ad84eca1860cca862747f45bb8e0d,7549332,7542221,c4f7c4cb
IMG_6453.jpg,IMG_6453.jpg,imagery_2.zip,850ad84eca1860cca862747f45bb8e0d,7280295,7277946,284d1305
IMG_6455.jpg,IMG_6455.jpg,imagery_2.zip,850ad84eca1860cca862747f45bb8e0d,7400691,7399219,a68a6e07
IMG_6457.jpg,IMG_6457.jpg,imagery_2.zip,850ad84eca1860cca862747f45bb8e0d,6852654,6853951,375bfcdf
IMG_6459.jpg,IMG_6459.jpg,imagery_2.zip,850ad84eca1860cca862747f45bb8e0d,7616279,7616797,e3e32390
IMG_6461.jpg,IMG_6461.jpg,imagery_2.zip,850ad84eca1860cca862747f45bb8e0d,5952448,5951766,d8f33207
IMG_6464.jpg,IMG_6464.jpg,imagery_2.zip,850ad84eca1860cca862747f45bb8e0d,8268621,8268191,ad596fa4
IMG_6466.jpg,IMG_6466.jpg,imagery_2.zip,850ad84eca1860cca862747f45bb8e0d,8390592,8389862,9dcb1427
IMG_6468.jpg,IMG_6468.jpg,imagery_2.zip,850ad84eca1860cca862747f45bb8e0d,7355183,7356819,b16c9bdf
IMG_6470.jpg,IMG_6470.jpg,imagery_2.zip,850ad84eca1860cca862747f45bb8e0d,8272882,8269597,81993838
IMG_6472.jpg,IMG_6472.jpg,imagery_2.zip,850ad84eca1860cca862747f45bb8e0d,8979248,8974607,35f8462b
IMG_6474.jpg,IMG_6474.jpg,imagery_2.zip,850ad84eca1860cca862747f45bb8e0d,8240067,8237230,b4d34392
IMG_6476.jpg,IMG_6476.jpg,imagery_2.zip,850ad84eca1860cca862747f45bb8e0d,7713457,7711306,15d2ff66
IMG_6478.jpg,IMG_6478.jpg,imagery_2.zip,850ad84eca1860cca862747f45bb8e0d,7153674,7153922,9df949fa
IMG_6481.jpg,IMG_6481.jpg,imagery_2.zip,850ad84eca1860cca862747f45bb8e0d,7979962,7974742,2ce833f1
IMG_6483.jpg,IMG_6483.jpg,imagery_2.zip,850ad84eca1860cca862747f45bb8e0d,8716936,8707366,0cd5498c
IMG_6485.jpg,IMG_6485.jpg,imagery_2.zip,850ad84eca1860cca862747f45bb8e0d,8352726,8342460,52a5efc8
IMG_6487.jpg,IMG_6487.jpg,imagery_2.zip,850ad84eca1860cca862747f45bb8e0d,7521086,7520434,8914506c
IMG_6489.jpg,IMG_6489.jpg,imagery_2.zip,850ad84eca1860cca862747f45bb8e0d,7749259,7747120,05f4ae53
IMG_6491.jpg,IMG_6491.jpg,imagery_2.zip,850ad84eca1860cca862747f45bb8e0d,8738530,8732320,fd5d6abd
IMG_6494.jpg,IMG_6494.jpg,imagery_2.zip,850ad84eca1860cca862747f45bb8e0d,15222051,15144523,0254f838
IMG_6496.jpg,IMG_6496.jpg,imagery_2.zip,850ad84eca1860cca862747f45bb8e0d,13960225,13865370,53510354
IMG_6498.jpg,IMG_6498.jpg,imagery_2.zip,850ad84eca1860cca862747f45bb8e0d,8909501,8897819,76c4404e
IMG_6500.jpg,IMG_6500.jpg,imagery_2.zip,850ad84eca1860cca862747f45bb8e0d,7672637,7668104,4a220020
IMG_6503.jpg,IMG_6503.jpg,imagery_2.zip,850ad84eca1860cca862747f45bb8e0d,8350967,8341040,a90b1cc3
IMG_6505.jpg,IMG_6505.jpg,imagery_2.zip,850ad84eca1860cca862747f45bb8e0d,8948358,8939268,9a3881d5
IMG_6507.jpg,IMG_6507.jpg,imagery_2.zip,850ad84eca1860cca862747f45bb8e0d,8610110,8596657,336fb1dd
IMG_6509.jpg,IMG_6509.jpg,imagery_2.zip,850ad84eca1860cca862747f45bb8e0d,8380165,8375672,09189a6d
IMG_6511.jpg,IMG_6511.jpg,imagery_2.zip,850ad84eca1860cca862747f45bb8e0d,4621013,4618352,4880dfad
IMG_6513.jpg,IMG_6513.jpg,imagery_2.zip,850ad84eca1860cca862747f45bb8e0d,4739962,4735669,1ce89745
IMG_6515.jpg,IMG_6515.jpg,imagery_2.zip,850ad84eca1860cca862747f45bb8e0d,9253086,9240304,482ef646
IMG_6517.jpg,IMG_6517.jpg,imagery_2.zip,850ad84eca1860cca862747f45bb8e0d,9042476,9022070,9aea98c5
IMG_6518.jpg,IMG_6518.jpg,imagery_2.zip,850ad84eca1860cca862747f45bb8e0d,9690527,9665294,5697bce6
IMG_6522.jpg,IMG_6522.jpg,imagery_2.zip,850ad84eca1860cca862747f45bb8e0d,8728906,8718718,12b71189
IMG_6524.jpg,IMG_6524.jpg,imagery_2.zip,850ad84eca1860cca862747f45bb8e0d,9080442,9072155,9098a7d7
IMG_6526.jpg,IMG_6526.jpg,imagery_2.zip,850ad84eca1860cca862747f45bb8e0d,6836945,6834817,902f06c6
IMG_6528.jpg,IMG_6528.jpg,imagery_2.zip,850ad84eca1860cca862747f45bb8e0d,5251127,5249226,489b8433
IMG_6530.jpg,IMG_6530.jpg,imagery_2.zip,850ad84eca1860cca862747f45bb8e0d,7527076,7527513,85aaf9cc
IMG_6532.jpg,IMG_6532.jpg,imagery_2.zip,850ad84eca1860cca862747f45bb8e0d,7488276,7489848,ea4219ba
IMG_6534.jpg,IMG_6534.jpg,imagery_2.zip,850ad84eca1860cca862747f45bb8e0d,7191199,7192455,96b3e108
IMG_6536.jpg,IMG_6536.jpg,imagery_2.zip,850ad84eca1860cca862747f45bb8e0d,7438698,7435622,5cd2e504
IMG_6538.jpg,IMG_6538.jpg,imagery_2.zip,850ad84eca1860cca862747f45bb8e0d,9111387,9104183,e0894257
IMG_6540.jpg,IMG_6540.jpg,imagery_2.zip,850ad84eca1860cca862747f45bb8e0d,6517153,6509689,d88a208e
IMG_6542.jpg,IMG_6542.jpg,imagery_2.zip,850ad84eca1860cca862747f45bb8e0d,9656984,9647948,33e330c6
IMG_6544.jpg,IMG_6544.jpg,imagery_2.zip,850ad84eca1860cca862747f45bb8e0d,9286529,9280220,e1dfc6f8
IMG_6546.jpg,IMG_6546.jpg,imagery_2.zip,850ad84eca1860cca862747f45bb8e0d,9146400,9137757,f43bb31d
IMG_6548.jpg,IMG_6548.jpg,imagery_2.zip,850ad84eca1860cca862747f45bb8e0d,9441408,9431393,e4e362e4
IMG_6550.jpg,IMG_6550.jpg,imagery_2.zip,850ad84eca1860cca862747f45bb8e0d,9303111,9296988,cafc9c0b
IMG_6552.jpg,IMG_6552.jpg,imagery_2.zip,850ad84eca1860cca862747f45bb8e0d,7992609,7991218,7294057c
IMG_6554.jpg,IMG_6554.jpg,imagery_2.zip,850ad84eca1860cca862747f45bb8e0d,8265456,8262536,d9962d0e
IMG_6556.jpg,IMG_6556.jpg,imagery_2.zip,850ad84eca1860cca862747f45bb8e0d,9173234,9167204,8fff1fd1
IMG_6558.jpg,IMG_6558.jpg,imagery_2.zip,850ad84eca1860cca862747f45bb8e0d,9621010,9611872,d43b08a3
IMG_6560.jpg,IMG_6560.jpg,imagery_2.zip,850ad84eca1860cca862747f45bb8e0d,9184020,9176524,53c325a3
IMG_6562.jpg,IMG_6562.jpg,imagery_2.zip,850ad84eca1860cca862747f45bb8e0d,8969863,8961948,20ec1277
IMG_6564.jpg,IMG_6564.jpg,imagery_2.zip,850ad84eca1860cca862747f45bb8e0d,8858274,8852888,99f6adc5
IMG_6566.jpg,IMG_6566.jpg,imagery_2.zip,850ad84eca1860cca862747f45bb8e0d,9097578,9091595,38dbef9a
IMG_6569.jpg,IMG_6569.jpg,imagery_3.zip,84fceef93e2980a60f1998786ccc51a5,8779451,8775327,2a0c6674
IMG_6571.jpg,IMG_6571.jpg,imagery_3.zip,84fceef93e2980a60f1998786ccc51a5,8799235,8794639,cf0b65b0
IMG_6573.jpg,IMG_6573.jpg,imagery_3.zip,84fceef93e2980a60f1998786ccc51a5,8754500,8751641,e24bce93
IMG_6575.jpg,IMG_6575.jpg,imagery_3.zip,84fceef93e2980a60f1998786ccc51a5,9209823,9204371,19288aaa
IMG_6577.jpg,IMG_6577.jpg,imagery_3.zip,84fceef93e2980a60f1998786ccc51a5,9212526,9206730,95fc95ea
IMG_6579.jpg,IMG_6579.jpg,imagery_3.zip,84fceef93e2980a60f1998786ccc51a5,9230106,9224629,70a568ab
IMG_6686.jpg,IMG_6686.jpg,imagery_3.zip,84fceef93e2980a60f1998786ccc51a5,7356881,7357634,c40b5222
IMG_6688.jpg,IMG_6688.jpg,imagery_3.zip,84fceef93e2980a60f1998786ccc51a5,7840798,7840572,335dc3b4
IMG_6690.jpg,IMG_6690.jpg,imagery_3.zip,84fceef93e2980a60f1998786ccc51a5,7438077,7437899,dd99832d
IMG_6692.jpg,IMG_6692.jpg,imagery_3.zip,84fceef93e2980a60f1998786ccc51a5,7286693,7286108,c4dd404c
IMG_6694.jpg,IMG_6694.jpg,imagery_3.zip,84fceef93e2980a60f1998786ccc51a5,7173446,7172250,e3c236f8
IMG_6699.jpg,IMG_6699.jpg,imagery_3.zip,84fceef93e2980a60f1998786ccc51a5,8126469,8124933,aef1b460
IMG_6701.jpg,IMG_6701.jpg,imagery_3.zip,84fceef93e2980a60f1998786ccc51a5,15393429,15325862,0972c282
IMG_6703.jpg,IMG_6703.jpg,imagery_3.zip,84fceef93e2980a60f1998786ccc51a5,8676826,8673112,a8f71ceb
IMG_6705.jpg,IMG_6705.jpg,imagery_3.zip,84fceef93e2980a60f1998786ccc51a5,8362148,8360611,f6de7ce3
IMG_6707.jpg,IMG_6707.jpg,imagery_3.zip,84fceef93e2980a60f1998786ccc51a5,8189019,8187837,1766a0c2
IMG_6709.jpg,IMG_6709.jpg,imagery_3.zip,84fceef93e2980a60f1998786ccc51a5,14660873,14591511,fb3af8ab
IMG_6711.jpg,IMG_6711.jpg,imagery_3.zip,84fceef93e2980a60f1998786ccc51a5,14422831,14344646,efcedd2e
IMG_6713.jpg,IMG_6713.jpg,imagery_3.zip,84fceef93e2980a60f1998786ccc51a5,14285372,14204780,96d6f1d6
IMG_6716.jpg,IMG_6716.jpg,imagery_3.zip,84fceef93e2980a60f1998786ccc51a5,8124395,8122671,e16c6cb7
IMG_6718.jpg,IMG_6718.jpg,imagery_3.zip,84fceef93e2980a60f1998786ccc51a5,13481410,13385385,b8881781
IMG_6720.jpg,IMG_6720.jpg,imagery_3.zip,84fceef93e2980a60f1998786ccc51a5,6666494,6667102,bbf92083
IMG_6722.jpg,IMG_6722.jpg,imagery_3.zip,84fceef93e2980a60f1998786ccc51a5,7333237,7333069,b2bcc007
IMG_6724.jpg,IMG_6724.jpg,imagery_3.zip,84fceef93e2980a60f1998786ccc51a5,7458064,7457684,94cfc896
IMG_6726.jpg,IMG_6726.jpg,imagery_3.zip,84fceef93e2980a60f1998786ccc51a5,7390846,7390167,eb743386
IMG_6728.jpg,IMG_6728.jpg,imagery_3.zip,84fceef93e2980a60f1998786ccc51a5,13903229,13810462,286e476b
IMG_6730.jpg,IMG_6730.jpg,imagery_3.zip,84fceef93e2980a60f1998786ccc51a5,7390896,7390029,136fa1c6
IMG_6732.jpg,IMG_6732.jpg,imagery_3.zip,84fceef93e2980a60f1998786ccc51a5,7270674,7269845,84fa7251
IMG_6734.jpg,IMG_6734.jpg,imagery_3.zip,84fceef93e2980a60f1998786ccc51a5,7348326,7346791,8aa1cfc2
IMG_6736.jpg,IMG_6736.jpg,imagery_3.zip,84fceef93e2980a60f1998786ccc51a5,7891550,7890202,caa53897
IMG_6738.jpg,IMG_6738.jpg,imagery_3.zip,84fceef93e2980a60f1998786ccc51a5,8195988,8194711,a9c99d0e
IMG_6740.jpg,IMG_6740.jpg,imagery_3.zip,84fceef93e2980a60f1998786ccc51a5,7913624,7911460,b1489bc0
IMG_6742.jpg,IMG_6742.jpg,imagery_3.zip,84fceef93e2980a60f1998786ccc51a5,7724417,7723925,4b481273
IMG_6744.jpg,IMG_6744.jpg,imagery_3.zip,84fceef93e2980a60f1998786ccc51a5,7736276,7735217,8ac61322
IMG_6746.jpg,IMG_6746.jpg,imagery_3.zip,84fceef93e2980a60f1998786ccc51a5,7704473,7703604,4ce217d3
IMG_6748.jpg,IMG_6748.jpg,imagery_3.zip,84fceef93e2980a60f1998786ccc51a5,7425630,7425182,15b19b59
IMG_6750.jpg,IMG_6750.jpg,imagery_3.zip,84fceef93e2980a60f1998786ccc51a5,7021840,7021286,1fc5814e
IMG_6752.jpg,IMG_6752.jpg,imagery_3.zip,84fceef93e2980a60f1998786ccc51a5,6986268,6985989,0ad24aa5
IMG_6754.jpg,IMG_6754.jpg,imagery_3.zip,84fceef93e2980a60f1998786ccc51a5,8430025,8422574,487113d4
IMG_6756.jpg,IMG_6756.jpg,imagery_3.zip,84fceef93e2980a60f1998786ccc51a5,8850015,8841640,e299d854
IMG_6758.jpg,IMG_6758.jpg,imagery_3.zip,84fceef93e2980a60f1998786ccc51a5,8474622,8467499,98bc6d29
IMG_6760.jpg,IMG_6760.jpg,imagery_3.zip,84fceef93e2980a60f1998786ccc51a5,7857588,7850964,ac512c03
IMG_6762.jpg,IMG_6762.jpg,imagery_3.zip,84fceef93e2980a60f1998786ccc51a5,9157863,9143947,2df71790
IMG_6764.jpg,IMG_6764.jpg,imagery_3.zip,84fceef93e2980a60f1998786ccc51a5,8070370,8060178,3c2af837
IMG_6766.jpg,IMG_6766.jpg,imagery_3.zip,84fceef93e2980a60f1998786ccc51a5,8710879,8702334,0f02dfad
IMG_6768.jpg,IMG_6768.jpg,imagery_3.zip,84fceef93e2980a60f1998786ccc51a5,6989499,6984128,38ef5094
IMG_6770.jpg,IMG_6770.jpg,imagery_3.zip,84fceef93e2980a60f1998786ccc51a5,7739297,7731739,3b9abfea
IMG_6773.jpg,IMG_6773.jpg,imagery_3.zip,84fceef93e2980a60f1998786ccc51a5,7460127,7454693,1cd6ef81
IMG_6775.jpg,IMG_6775.jpg,imagery_3.zip,84fceef93e2980a60f1998786ccc51a5,8873864,8861684,bd11a365
IMG_6777.jpg,IMG_6777.jpg,imagery_3.zip,84fceef93e2980a60f1998786ccc51a5,8544683,8540401,9645a893
IMG_6779.jpg,IMG_6779.jpg,imagery_3.zip,84fceef93e2980a60f1998786ccc51a5,7280881,7278199,1f86dde9
IMG_6781.jpg,IMG_6781.jpg,imagery_3.zip,84fceef93e2980a60f1998786ccc51a5,7641522,7634321,dc7f1607
IMG_6783.jpg,IMG_6783.jpg,imagery_3.zip,84fceef93e2980a60f1998786ccc51a5,6825235,6820373,c7151541
IMG_6785.jpg,IMG_6785.jpg,imagery_3.zip,84fceef93e2980a60f1998786ccc51a5,6836415,6831876,dd2e673f
IMG_6788.jpg,IMG_6788.jpg,imagery_3.zip,84fceef93e2980a60f1998786ccc51a5,7061011,7055309,681cfb49
IMG_6790.jpg,IMG_6790.jpg,imagery_3.zip,84fceef93e2980a60f1998786ccc51a5,7780857,7772457,537b6361
IMG_6792.jpg,IMG_6792.jpg,imagery_3.zip,84fceef93e2980a60f1998786ccc51a5,7568831,7566008,389da26d
IMG_6794.jpg,IMG_6794.jpg,imagery_3.zip,84fceef93e2980a60f1998786ccc51a5,14168708,14059143,b6412220
IMG_6797.jpg,IMG_6797.jpg,imagery_3.zip,84fceef93e2980a60f1998786ccc51a5,15297496,15217336,ff245451
IMG_6799.jpg,IMG_6799.jpg,imagery_3.zip,84fceef93e2980a60f1998786ccc51a5,8206042,8202953,7cc620df
IMG_6801.jpg,IMG_6801.jpg,imagery_3.zip,84fceef93e2980a60f1998786ccc51a5,9066138,9057797,f175632d
IMG_6803.jpg,IMG_6803.jpg,imagery_3.zip,84fceef93e2980a60f1998786ccc51a5,8713649,8704116,ac686db8
IMG_6805.jpg,IMG_6805.jpg,imagery_3.zip,84fceef93e2980a60f1998786ccc51a5,8984289,8970876,20da67e5
IMG_6807.jpg,IMG_6807.jpg,imagery_3.zip,84fceef93e2980a60f1998786ccc51a5,16724186,16649324,cf97af09
IMG_6809.jpg,IMG_6809.jpg,imagery_3.zip,84fceef93e2980a60f1998786ccc51a5,16674066,16610978,eccc5214
IMG_6811.jpg,IMG_6811.jpg,imagery_3.zip,84fceef93e2980a60f1998786ccc51a5,14887002,14791367,d84c876b
IMG_6813.jpg,IMG_6813.jpg,imagery_3.zip,84fceef93e2980a60f1998786ccc51a5,15603420,15512694,64babd9a
IMG_6815.jpg,IMG_6815.jpg,imagery_3.zip,84fceef93e2980a60f1998786ccc51a5,16267543,16207245,98987805
IMG_6817.jpg,IMG_6817.jpg,imagery_3.zip,84fceef93e2980a60f1998786ccc51a5,8425909,8422415,340bc136
IMG_6819.jpg,IMG_6819.jpg,imagery_3.zip,84fceef93e2980a60f1998786ccc51a5,7954810,7953294,2a67acbd
IMG_6821.jpg,IMG_6821.jpg,imagery_3.zip,84fceef93e2980a60f1998786ccc51a5,7940257,7938837,6006ef4b
IMG_6823.jpg,IMG_6823.jpg,imagery_3.zip,84fceef93e2980a60f1998786ccc51a5,8396073,8387172,31a3b8aa
IMG_6825.jpg,IMG_6825.jpg,imagery_3.zip,84fceef93e2980a60f1998786ccc51a5,7699388,7696388,a3195424
IMG_6827.jpg,IMG_6827.jpg,imagery_3.zip,84fceef93e2980a60f1998786ccc51a5,7736190,7733895,6eb92dd6
IMG_6829.jpg,IMG_6829.jpg,imagery_3.zip,84fceef93e2980a60f1998786ccc51a5,14130320,14037413,969c7ca1
IMG_6831.jpg,IMG_6831.jpg,imagery_3.zip,84fceef93e2980a60f1998786ccc51a5,8232710,8228960,d82b4958
IMG_6834.jpg,IMG_6834.jpg,imagery_3.zip,84fceef93e2980a60f1998786ccc51a5,7724519,7721490,96b1f7e8
IMG_6837.jpg,IMG_6837.jpg,imagery_3.zip,84fceef93e2980a60f1998786ccc51a5,8450792,8445088,1c9c5472
IMG_6839.jpg,IMG_6839.jpg,imagery_3.zip,84fceef93e2980a60f1998786ccc51a5,9000842,8993768,cde6e912
IMG_6841.jpg,IMG_6841.jpg,imagery_3.zip,84fceef93e2980a60f1998786ccc51a5,8625124,8619348,40fb4711
IMG_6843.jpg,IMG_6843.jpg,imagery_3.zip,84fceef93e2980a60f1998786ccc51a5,8395613,8390160,b0b2c014
IMG_6845.jpg,IMG_6845.jpg,imagery_3.zip,84fceef93e2980a60f1998786ccc51a5,8025039,8020294,073cd186
IMG_6847.jpg,IMG_6847.jpg,imagery_3.zip,84fceef93e2980a60f1998786ccc51a5,7817151,7811592,7162e0cc
IMG_6849.jpg,IMG_6849.jpg,imagery_3.zip,84fceef93e2980a60f1998786ccc51a5,7521117,7518378,f4ac6fc4
IMG_6851.jpg,IMG_6851.jpg,imagery_3.zip,84fceef93e2980a60f1998786ccc51a5,8586527,8583430,c9ef033e
IMG_6853.jpg,IMG_6853.jpg,imagery_3.zip,84fceef93e2980a60f1998786ccc51a5,8308320,8306384,b1c953dc
IMG_6855.jpg,IMG_6855.jpg,imagery_3.zip,84fceef93e2980a60f1998786ccc51a5,8263392,8262138,c26e3782
IMG_6857.jpg,IMG_6857.jpg,imagery_3.zip,84fceef93e2980a60f1998786ccc51a5,7869688,7869284,7fefce47
IMG_6859.jpg,IMG_6859.jpg,imagery_3.zip,84fceef93e2980a60f1998786ccc51a5,7465730,7465305,0245a064
IMG_6861.jpg,IMG_6861.jpg,imagery_3.zip,84fceef93e2980a60f1998786ccc51a5,12462773,12351501,2eb4cdc7
IMG_6863.jpg,IMG_6863.jpg,imagery_3.zip,84fceef93e2980a60f1998786ccc51a5,7165578,7166134,f0ca749a
IMG_6865.jpg,IMG_6865.jpg,imagery_3.zip,84fceef93e2980a60f1998786ccc51a5,12898725,12796946,8a118822
IMG_6867.jpg,IMG_6867.jpg,imagery_3.zip,84fceef93e2980a60f1998786ccc51a5,7557128,7557216,30adcb4e
IMG_6869.jpg,IMG_6869.jpg,imagery_3.zip,84fceef93e2980a60f1998786ccc51a5,7437897,7436680,fb27041c
IMG_6871.jpg,IMG_6871.jpg,imagery_3.zip,84fceef93e2980a60f1998786ccc51a5,14683590,14586938,2c0d89db
IMG_6873.jpg,IMG_6873.jpg,imagery_3.zip,84fceef93e2980a60f1998786ccc51a5,7674328,7670428,ffedf2b7
IMG_6875.jpg,IMG_6875.jpg,imagery_3.zip,84fceef93e2980a60f1998786ccc51a5,7609737,7605126,11670176
IMG_6877.jpg,IMG_6877.jpg,imagery_3.zip,84fceef93e2980a60f1998786ccc51a5,7826733,7821857,e92b3447
IMG_6879.jpg,IMG_6879.jpg,imagery_3.zip,84fceef93e2980a60f1998786ccc51a5,7430882,7429625,bdda1595
IMG_6881.jpg,IMG_6881.jpg,imagery_3.zip,84fceef93e2980a60f1998786ccc51a5,7698083,7694589,2b1b3d29
IMG_6883.jpg,IMG_6883.jpg,imagery_3.zip,84fceef93e2980a60f1998786ccc51a5,6558542,6557140,315cf4a3
IMG_6885.jpg,IMG_6885.jpg,imagery_3.zip,84fceef93e2980a60f1998786ccc51a5,7431616,7427047,d5cadf67
IMG_6887.jpg,IMG_6887.jpg,imagery_3.zip,84fceef93e2980a60f1998786ccc51a5,7611809,7605174,580844e8
IMG_6889.jpg,IMG_6889.jpg,imagery_3.zip,84fceef93e2980a60f1998786ccc51a5,15014463,14919042,616a9244
IMG_6891.jpg,IMG_6891.jpg,imagery_3.zip,84fceef93e2980a60f1998786ccc51a5,8353243,8345142,e4a5e182
IMG_6893.jpg,IMG_6893.jpg,imagery_3.zip,84fceef93e2980a60f1998786ccc51a5,6797085,6793861,46939e89
IMG_6895.jpg,IMG_6895.jpg,imagery_3.zip,84fceef93e2980a60f1998786ccc51a5,7916982,7912976,94e3f67d
IMG_6897.jpg,IMG_6897.jpg,imagery_3.zip,84fceef93e2980a60f1998786ccc51a5,15064166,14954908,a7d1bd5b
IMG_6899.jpg,IMG_6899.jpg,imagery_3.zip,84fceef93e2980a60f1998786ccc51a5,8540426,8528936,2c4807e1
IMG_6901.jpg,IMG_6901.jpg,imagery_3.zip,84fceef93e2980a60f1998786ccc51a5,7654469,7654408,47d848f6
IMG_6903.jpg,IMG_6903.jpg,imagery_3.zip,84fceef93e2980a60f1998786ccc51a5,14711414,14626721,556a3098
IMG_6905.jpg,IMG_6905.jpg,imagery_3.zip,84fceef93e2980a60f1998786ccc51a5,14753497,14655622,a61c16d1
IMG_6907.jpg,IMG_6907.jpg,imagery_3.zip,84fceef93e2980a60f1998786ccc51a5,15137940,15055259,f8a1851f
IMG_6909.jpg,IMG_6909.jpg,imagery_3.zip,84fceef93e2980a60f1998786ccc51a5,15336138,15258388,e820e3a7
IMG_6911.jpg,IMG_6911.jpg,imagery_3.zip,84fceef93e2980a60f1998786ccc51a5,16534439,16480143,e38626e7
IMG_6913.jpg,IMG_6913.jpg,imagery_3.zip,84fceef93e2980a60f1998786ccc51a5,9109738,9103003,b999f2d7
IMG_6915.jpg,IMG_6915.jpg,imagery_3.zip,84fceef93e2980a60f1998786ccc51a5,8915500,8913353,1aba6d5d
IMG_6917.jpg,IMG_6917.jpg,imagery_3.zip,84fceef93e2980a60f1998786ccc51a5,8934851,8929517,c5b99e9a
IMG_6919.jpg,IMG_6919.jpg,imagery_3.zip,84fceef93e2980a60f1998786ccc51a5,8347759,8346847,152f97af
IMG_6921.jpg,IMG_6921.jpg,imagery_3.zip,84fceef93e2980a60f1998786ccc51a5,8578394,8574224,3ff269c1
IMG_6923.jpg,IMG_6923.jpg,imagery_3.zip,84fceef93e2980a60f1998786ccc51a5,14737687,14672609,e01d57df
IMG_6925.jpg,IMG_6925.jpg,imagery_3.zip,84fceef93e2980a60f1998786ccc51a5,8076460,8074719,0209b00d
IMG_6927.jpg,IMG_6927.jpg,imagery_3.zip,84fceef93e2980a60f1998786ccc51a5,14809371,14720323,d9937530
IMG_6929.jpg,IMG_6929.jpg,imagery_3.zip,84fceef93e2980a60f1998786ccc51a5,7933166,7932488,8447287f
IMG_8956.jpg,IMG_8956.jpg,imagery_3.zip,84fceef93e2980a60f1998786ccc51a5,18408787,18346914,8abfd44f
IMG_8957.jpg,IMG_8957.jpg,imagery_3.zip,84fceef93e2980a60f1998786ccc51a5,8928562,8924071,5543b21d
IMG_8959.jpg,IMG_8959.jpg,imagery_3.zip,84fceef93e2980a60f1998786ccc51a5,10659434,10647692,eabf9216
IMG_8960.jpg,IMG_8960.jpg,imagery_3.zip,84fceef93e2980a60f1998786ccc51a5,10694808,10685716,7eb93fcb
IMG_8961.jpg,IMG_8961.jpg,imagery_3.zip,84fceef93e2980a60f1998786ccc51a5,10871047,10858943,be8464e3
IMG_8962.jpg,IMG_8962.jpg,imagery_3.zip,84fceef93e2980a60f1998786ccc51a5,11788305,11765577,1d4b3fbd
IMG_8963.jpg,IMG_8963.jpg,imagery_3.zip,84fceef93e2980a60f1998786ccc51a5,11147069,11133486,9351295e
IMG_8964.jpg,IMG_8964.jpg,imagery_3.zip,84fceef93e2980a60f1998786ccc51a5,11063502,11050603,74a9d674
IMG_8965.jpg,IMG_8965.jpg,imagery_3.zip,84fceef93e2980a60f1998786ccc51a5,8596589,8580355,7951299d
IMG_8966.jpg,IMG_8966.jpg,imagery_3.zip,84fceef93e2980a60f1998786ccc51a5,10404051,10381890,e5a7b6fe
IMG_8967.jpg,IMG_8967.jpg,imagery_3.zip,84fceef93e2980a60f1998786ccc51a5,11639306,11610361,fb34ca45
IMG_8968.jpg,IMG_8968.jpg,imagery_3.zip,84fceef93e2980a60f1998786ccc51a5,10921092,10901860,e7bcd114
IMG_8969.jpg,IMG_8969.jpg,imagery_3.zip,84fceef93e2980a60f1998786ccc51a5,9692642,9682026,f75845b0
IMG_8970.jpg,IMG_8970.jpg,imagery_3.zip,84fceef93e2980a60f1998786ccc51a5,9611510,9602713,c2885e69
IMG_8971.jpg,IMG_8971.jpg,imagery_3.zip,84fceef93e2980a60f1998786ccc51a5,9534967,9525460,064bdddc
IMG_8972.jpg,IMG_8972.jpg,imagery_3.zip,84fceef93e2980a60f1998786ccc51a5,8662810,8657078,52306512
IMG_8973.jpg,IMG_8973.jpg,imagery_3.zip,84fceef93e2980a60f1998786ccc51a5,8442737,8440263,0902c87a
IMG_8974.jpg,IMG_8974.jpg,imagery_3.zip,84fceef93e2980a60f1998786ccc51a5,9327068,9318872,cf2ee7a3
IMG_8975.jpg,IMG_8975.jpg,imagery_3.zip,84fceef93e2980a60f1998786ccc51a5,7891390,7889970,8492f488
IMG_8976.jpg,IMG_8976.jpg,imagery_3.zip,84fceef93e2980a60f1998786ccc51a5,7267553,7266375,696af576
IMG_8977.jpg,IMG_8977.jpg,imagery_3.zip,84fceef93e2980a60f1998786ccc51a5,8305866,8303044,01523683
IMG_8979.jpg,IMG_8979.jpg,imagery_3.zip,84fceef93e2980a60f1998786ccc51a5,8783384,8778060,9f6f4c27
IMG_8980.jpg,IMG_8980.jpg,imagery_3.zip,84fceef93e2980a60f1998786ccc51a5,9227117,9221110,64e4730f
IMG_8981.jpg,IMG_8981.jpg,imagery_3.zip,84fceef93e2980a60f1998786ccc51a5,18385362,18306627,8a525da3
IMG_8982.jpg,IMG_8982.jpg,imagery_3.zip,84fceef93e2980a60f1998786ccc51a5,10176151,10164920,3798302e
IMG_8983.jpg,IMG_8983.jpg,imagery_3.zip,84fceef93e2980a60f1998786ccc51a5,19014159,18958882,c3faf567
IMG_8984.jpg,IMG_8984.jpg,imagery_3.zip,84fceef93e2980a60f1998786ccc51a5,18780625,18715008,35a5ba1f
IMG_8985.jpg,IMG_8985.jpg,imagery_3.zip,84fceef93e2980a60f1998786ccc51a5,19200412,19158663,d3068c51
IMG_8986.jpg,IMG_8986.jpg,imagery_3.zip,84fceef93e2980a60f1998786ccc51a5,11135115,11119812,ef79f2a6
IMG_8987.jpg,IMG_8987.jpg,imagery_3.zip,84fceef93e2980a60f1998786ccc51a5,11579970,11556496,d422f332
IMG_8988.jpg,IMG_8988.jpg,imagery_3.zip,84fceef93e2980a60f1998786ccc51a5,9521794,9519428,77a6add1
IMG_8989.jpg,IMG_8989.jpg,imagery_3.zip,84fceef93e2980a60f1998786ccc51a5,9615999,9611373,cd5c95fd
IMG_8990.jpg,IMG_8990.jpg,imagery_3.zip,84fceef93e2980a60f1998786ccc51a5,10611214,10604820,b7ed0d6d
IMG_8991.jpg,IMG_8991.jpg,imagery_3.zip,84fceef93e2980a60f1998786ccc51a5,10540202,10532871,60abe79a
IMG_8992.jpg,IMG_8992.jpg,imagery_3.zip,84fceef93e2980a60f1998786ccc51a5,10870234,10859520,72035360
IMG_8993.jpg,IMG_8993.jpg,imagery_3.zip,84fceef93e2980a60f1998786ccc51a5,10392920,10384060,85ba5655
IMG_8994.jpg,IMG_8994.jpg,imagery_3.zip,84fceef93e2980a60f1998786ccc51a5,10626609,10608630,4b08fb1b
IMG_8995.jpg,IMG_8995.jpg,imagery_3.zip,84fceef93e2980a60f1998786ccc51a5,9796124,9787197,1ef672b7
IMG_8996.jpg,IMG_8996.jpg,imagery_3.zip,84fceef93e2980a60f1998786ccc51a5,9467690,9462663,bfd567f3
IMG_8997.jpg,IMG_8997.jpg,imagery_3.zip,84fceef93e2980a60f1998786ccc51a5,9026295,9023441,ff6b3ea9
IMG_8998.jpg,IMG_8998.jpg,imagery_3.zip,84fceef93e2980a60f1998786ccc51a5,10882065,10868412,91a48214
IMG_8999.jpg,IMG_8999.jpg,imagery_3.zip,84fceef93e2980a60f1998786ccc51a5,10201761,10193448,a863d578
IMG_9002.jpg,IMG_9002.jpg,imagery_3.zip,84fceef93e2980a60f1998786ccc51a5,15202364,15105120,c130a767
IMG_9004.jpg,IMG_9004.jpg,imagery_3.zip,84fceef93e2980a60f1998786ccc51a5,9260399,9254721,fda06278
IMG_9006.jpg,IMG_9006.jpg,imagery_3.zip,84fceef93e2980a60f1998786ccc51a5,9078869,9076367,fdafbb46
IMG_9009.jpg,IMG_9009.jpg,imagery_3.zip,84fceef93e2980a60f1998786ccc51a5,16105720,16021560,06a40c83
IMG_9011.jpg,IMG_9011.jpg,imagery_3.zip,84fceef93e2980a60f1998786ccc51a5,16527256,16444823,200400b2
IMG_9013.jpg,IMG_9013.jpg,imagery_3.zip,84fceef93e2980a60f1998786ccc51a5,9656308,9649488,a4f387ed
IMG_9015.jpg,IMG_9015.jpg,imagery_3.zip,84fceef93e2980a60f1998786ccc51a5,8976856,8975121,d5d0c604
IMG_9017.jpg,IMG_9017.jpg,imagery_3.zip,84fceef93e2980a60f1998786ccc51a5,9472504,9467564,d957fc55
