filename,width_px,height_px,latitude,longitude,width,running_slope,cross_slope,damage
IMG_8956.JPG,5712,4284,37.5624444,126.9426556,2.99,1.3,-0.9,A
IMG_8957.JPG,5712,4284,37.5624778,126.9427333,2.85,0.3,1.4,A
IMG_8959.JPG,5712,4284,37.5625778,126.9428472,2.53,0.9,0.3,A
IMG_8960.JPG,5712,4284,37.5625944,126.9428944,2.54,1,-4.3,A
IMG_8961.JPG,5712,4284,37.5626611,126.9429694,2.6,0.2,-5,A
IMG_8962.JPG,5712,4284,37.5627611,126.9429306,2.48,1.1,-0.2,A
IMG_8963.JPG,5712,4284,37.562725,126.9430222,2.45,1,1.3,A
IMG_8964.JPG,5712,4284,37.5627472,126.9430222,2.43,3.1,1.2,A
IMG_8965.JPG,5712,4284,37.5628861,126.9429944,0.92,11.8,1.4,A
IMG_8966.JPG,5712,4284,37.5629611,126.9430556,0.95,10.8,0.6,A
IMG_8967.JPG,5712,4284,37.5629278,126.9429861,0.95,8.1,1.8,A
IMG_8968.JPG,5712,4284,37.5630639,126.9429111,0.96,7.3,2.4,A
IMG_8969.JPG,5712,4284,37.5629917,126.9430556,1.35,8.6,4.7,B
IMG_8970.JPG,5712,4284,37.5630222,126.9430222,1.35,1.3,1.2,A
IMG_8971.JPG,5712,4284,37.5629917,126.9426639,1.35,2.9,2.5,A
IMG_8972.JPG,5712,4284,37.5628861,126.9426806,1.35,1.6,1.2,A
IMG_8973.JPG,5712,4284,37.5628083,126.9428194,1.35,4.2,1.2,A
IMG_8974.JPG,5712,4284,37.5627889,126.9426806,2.26,-0.4,-0.1,A
IMG_8975.JPG,5712,4284,37.5628139,126.942825,1.9,-0.2,-0.1,A
IMG_8976.JPG,5712,4284,37.5626472,126.9427556,1.6,0,0,A
IMG_8977.JPG,5712,4284,37.5624861,126.9424806,1.62,-0.3,0,A
IMG_8979.JPG,5712,4284,37.562675,126.9425806,1.88,0,-0.4,A
IMG_8980.JPG,5712,4284,37.5626444,126.9425722,1.87,-0.5,-0.5,A
IMG_8981.JPG,5712,4284,37.5623583,126.9418944,1.32,-4.9,-0.1,A
IMG_8982.JPG,5712,4284,37.56255,126.9421528,1.33,-5.1,1,A
IMG_8983.JPG,5712,4284,37.5623472,126.9420778,1.32,-6.1,1.2,B
IMG_8984.JPG,5712,4284,37.5626,126.9422694,1.32,-6.5,1.3,B
IMG_8985.JPG,5712,4284,37.5623722,126.9421861,1.32,-3.8,1.2,B
IMG_8986.JPG,5712,4284,37.5625806,126.9421389,1.38,-7.1,0.7,A
IMG_8987.JPG,5712,4284,37.5624611,126.9418111,1.47,3.3,-1.7,A
IMG_8988.JPG,5712,4284,37.5623056,126.94165,1.67,6.6,-2.3,A
IMG_8989.JPG,5712,4284,37.5623861,126.9415889,1.64,7.1,-0.1,A
IMG_8990.JPG,5712,4284,37.5626528,126.9414972,1.68,7.3,-2.4,A
IMG_8991.JPG,5712,4284,37.5623528,126.9416056,1.65,7.1,-2.2,A
IMG_8992.JPG,5712,4284,37.5625194,126.94175,1.66,7.7,-0.4,A
IMG_8993.JPG,5712,4284,37.5626889,126.9413972,1.66,8,-0.1,B
IMG_8994.JPG,5712,4284,37.5627333,126.9413306,1.64,1.1,-4,B
IMG_8995.JPG,5712,4284,37.5626889,126.9411222,1.67,4.2,0.3,B
IMG_8996.JPG,5712,4284,37.563,126.9413444,1.85,5,-0.2,B
IMG_8997.JPG,5712,4284,37.563,126.9413694,2.03,2.9,-3.1,A
IMG_8998.JPG,5712,4284,37.5631444,126.9409778,4.13,-3.2,-0.1,A
IMG_8999.JPG,5712,4284,37.5633222,126.9406667,3.07,-3.9,1.2,A
IMG_9002.JPG,5712,4284,37.5631694,126.9410167,1.69,-4.5,2.4,A
IMG_9004.JPG,5712,4284,37.5631111,126.9409417,1.59,-5.3,1.3,A
IMG_9006.JPG,5712,4284,37.5631889,126.9408556,1.6,-5.7,0.8,A
IMG_9009.JPG,5712,4284,37.5631028,126.9407583,1.69,-4.7,1,A
IMG_9011.JPG,5712,4284,37.5630417,126.9406667,1.63,-6.2,2.8,A
IMG_9013.JPG,5712,4284,37.5630306,126.9404611,1.64,-1.2,4.5,A
IMG_9015.JPG,5712,4284,37.5629917,126.9404056,1.68,0.3,2,A
IMG_9017.JPG,5712,4284,37.5629361,126.9403528,1.68,-0.6,3.4,A
IMG_4282.HEIC,5712,4284,37.5629111,126.9437472,2.62,1.5,-0.6,A
IMG_4284.HEIC,5712,4284,37.5629472,126.9437944,3,1.2,-1.2,A
IMG_4286.HEIC,5712,4284,37.5629778,126.9437167,2.24,2.3,-1.2,A
IMG_4289.HEIC,5712,4284,37.563,126.9438639,2.26,1.1,-0.4,A
IMG_4291.HEIC,5712,4284,37.5630333,126.943925,2.38,1.2,-1.3,A
IMG_4293.HEIC,5712,4284,37.5630917,126.944,3.61,1.5,-2.2,A
IMG_4295.HEIC,5712,4284,37.5631917,126.9441,3.7,1.5,-2.2,A
IMG_4297.HEIC,5712,4284,37.563225,126.9441611,2.23,1,-2,A
IMG_4299.HEIC,5712,4284,37.5632556,126.9442056,2.29,1.5,-1.3,A
IMG_4301.HEIC,5712,4284,37.5633167,126.9442667,2.42,1.3,-1.2,A
IMG_4303.HEIC,5712,4284,37.5633722,126.9443139,2.72,0.6,-1.6,A
IMG_4305.HEIC,5712,4284,37.5634333,126.9444194,2.97,1.1,-2,A
IMG_4307.HEIC,5712,4284,37.5634833,126.9444972,5.5,1.4,-3.4,A
IMG_4309.HEIC,5712,4284,37.5635139,126.9446194,3.21,4.5,0,A
IMG_4312.HEIC,5712,4284,37.5634889,126.9446806,3.24,6.7,-0.2,A
IMG_4315.HEIC,5712,4284,37.5634306,126.9447417,3.22,6.9,-0.4,A
IMG_4317.HEIC,5712,4284,37.5633694,126.944825,3.01,2.5,-0.1,A
IMG_4319.HEIC,5712,4284,37.5633194,126.9449,3.2,2.6,0.7,A
IMG_4321.HEIC,5712,4284,37.5632694,126.9449694,3.24,1.7,-0.3,A
IMG_4323.HEIC,5712,4284,37.5631444,126.9450694,4.48,3.3,-0.6,A
IMG_4325.HEIC,5712,4284,37.5630611,126.945075,3.21,0,-0.2,A
IMG_4327.HEIC,5712,4284,37.5629778,126.9450611,3.21,1.7,0,A
IMG_4329.HEIC,5712,4284,37.5629194,126.9450528,3.06,3.4,-0.3,A
IMG_4331.HEIC,5712,4284,37.5628583,126.9450444,2.98,4.2,0,A
IMG_4333.HEIC,5712,4284,37.5628056,126.9450306,3.18,5.9,-1.1,A
IMG_4335.HEIC,5712,4284,37.5626861,126.9449833,2.43,-1.3,-1,A
IMG_4337.HEIC,5712,4284,37.5631417,126.9435722,2.98,1.3,1.4,A
IMG_4342.HEIC,5712,4284,37.5632333,126.9436556,2.76,1.8,3,A
IMG_4344.HEIC,5712,4284,37.5632278,126.9436861,2.82,1.7,5.5,A
IMG_4346.HEIC,5712,4284,37.563275,126.9437722,4.51,1,4.7,A
IMG_4348.HEIC,5712,4284,37.5631306,126.9437639,3.09,1.4,2.8,A
IMG_4350.HEIC,5712,4284,37.5634083,126.9438861,3.06,0.6,2,A
IMG_4352.HEIC,5712,4284,37.5634583,126.9439472,3.19,1.4,1.4,A
IMG_4354.HEIC,5712,4284,37.5634778,126.9439861,3.21,1.1,1.4,A
IMG_4356.HEIC,5712,4284,37.5638611,126.943725,2.41,6,-0.3,A
IMG_4358.HEIC,5712,4284,37.5638972,126.9437028,2.41,6.5,0.7,A
IMG_4360.HEIC,5712,4284,37.5639306,126.9436944,1.83,5.9,1.3,B
IMG_4362.HEIC,5712,4284,37.5639611,126.9436722,3.77,6.5,0.2,B
IMG_4364.HEIC,5712,4284,37.5640139,126.9436278,2.26,6.3,0.6,B
IMG_4366.HEIC,5712,4284,37.5641028,126.9435889,3.73,7,-0.5,B
IMG_4368.HEIC,5712,4284,37.5641639,126.9435667,2.33,3.1,-2.6,B
IMG_4370.HEIC,5712,4284,37.564225,126.9435278,3.71,4,-0.5,D
IMG_4372.HEIC,5712,4284,37.5638722,126.9438944,2.03,0.7,-0.2,A
IMG_4375.HEIC,5712,4284,37.56385,126.9440528,2.06,-0.1,-0.5,C
IMG_4377.HEIC,5712,4284,37.5639139,126.9441444,2,1.1,-0.3,B
IMG_4379.HEIC,5712,4284,37.5639694,126.9442139,1.81,0.4,-0.1,B
IMG_4381.HEIC,5712,4284,37.5640639,126.9442583,1.99,0.6,-0.8,B
IMG_4383.HEIC,5712,4284,37.5640972,126.9443361,1.78,0.4,-1.8,C
IMG_4385.HEIC,5712,4284,37.5641417,126.9443889,2.15,0.7,-1.4,C
IMG_6376.HEIC,5712,4284,37.5628889,126.9434139,3.06,1.7,0.6,A
IMG_6378.HEIC,5712,4284,37.5627944,126.9433833,2.62,1.4,1.1,A
IMG_6380.HEIC,5712,4284,37.5627028,126.943375,2.71,1.1,1.1,A
IMG_6383.HEIC,5712,4284,37.5626417,126.9432222,2.53,1.1,1.4,A
IMG_6385.HEIC,5712,4284,37.5625944,126.9432444,2.49,0.4,1.3,B
IMG_6387.HEIC,5712,4284,37.5624194,126.9431306,5.02,-1.1,0.6,B
IMG_6390.HEIC,5712,4284,37.5623556,126.9429639,5.16,-2.1,1.3,B
IMG_6392.HEIC,5712,4284,37.5622056,126.9429083,5.13,-2.5,1.2,A
IMG_6394.HEIC,5712,4284,37.5621806,126.9428333,5.27,-0.5,2,A
IMG_6396.HEIC,5712,4284,37.5620806,126.9427028,5.56,-1.4,4.2,A
IMG_6398.HEIC,5712,4284,37.5620694,126.9426583,6.93,-3.5,1.2,A
IMG_6400.HEIC,5712,4284,37.5619583,126.9425361,7.18,-1.3,1,A
IMG_6402.HEIC,5712,4284,37.5618889,126.942475,7.18,-0.8,0.8,A
IMG_6404.HEIC,5712,4284,37.5618083,126.9424056,5.37,-1.4,0.4,A
IMG_6406.HEIC,5712,4284,37.5617306,126.9422917,5.35,-1,0.7,A
IMG_6408.HEIC,5712,4284,37.5616111,126.9421611,5.28,-1.3,1.2,A
IMG_6410.HEIC,5712,4284,37.5615722,126.9420389,1.82,-1.1,1.9,A
IMG_6412.HEIC,5712,4284,37.5614694,126.9418722,1.89,-0.8,0.5,A
IMG_6415.HEIC,5712,4284,37.5614194,126.9417583,3.37,-0.6,0.1,A
IMG_6417.HEIC,5712,4284,37.5610472,126.9420694,1.93,-0.8,-0.1,A
IMG_6419.HEIC,5712,4284,37.5610778,126.9422,1.87,-1.9,-0.2,B
IMG_6421.HEIC,5712,4284,37.5613833,126.9423444,1.9,1.3,0.3,B
IMG_6423.HEIC,5712,4284,37.5614,126.9423917,1.84,1.7,-0.5,B
IMG_6425.HEIC,5712,4284,37.561425,126.9425056,1.86,0.6,-2.2,B
IMG_6427.HEIC,5712,4284,37.5615472,126.9426639,1.89,1.7,-0.6,A
IMG_6429.HEIC,5712,4284,37.5616611,126.9427944,1.89,1.2,0,B
IMG_6431.HEIC,5712,4284,37.5616139,126.943025,1.73,3.2,-0.6,A
IMG_6433.HEIC,5712,4284,37.56155,126.9431389,1.68,3.4,-0.3,A
IMG_6435.HEIC,5712,4284,37.5615306,126.9432528,1.87,3.5,0.8,B
IMG_6437.HEIC,5712,4284,37.5613778,126.9433972,1.75,3.7,2,A
IMG_6439.HEIC,5712,4284,37.5612639,126.9434194,1.69,3,1,A
IMG_6441.HEIC,5712,4284,37.5610611,126.9434278,1.67,1.4,1.3,A
IMG_6443.HEIC,5712,4284,37.5609667,126.9434278,1.69,1.4,3.5,A
IMG_6445.HEIC,5712,4284,37.5608444,126.9434139,1.68,0.7,0.4,A
IMG_6447.HEIC,5712,4284,37.560725,126.9434056,1.63,-1.5,3.3,B
IMG_6449.HEIC,5712,4284,37.5605472,126.9434278,1.41,0.3,-0.1,A
IMG_6451.HEIC,5712,4284,37.5604083,126.9434139,1.4,0,0.3,A
IMG_6453.HEIC,5712,4284,37.560325,126.94345,1.4,-3,-1.1,A
IMG_6455.HEIC,5712,4284,37.5602194,126.9433583,1.73,-1.7,-2.1,B
IMG_6457.HEIC,5712,4284,37.5602278,126.9432528,1.66,-2.3,-1.5,B
IMG_6459.HEIC,5712,4284,37.5602611,126.9430556,1.73,-2.8,-0.5,B
IMG_6461.HEIC,5712,4284,37.5602694,126.9428472,1.68,-6.1,0.1,A
IMG_6464.HEIC,5712,4284,37.5602528,126.9426583,1.75,-3.9,-7.6,A
IMG_6466.HEIC,5712,4284,37.5602,126.9425361,1.65,-4.4,-1.4,A
IMG_6468.HEIC,5712,4284,37.5601194,126.9423917,1.66,-4.2,-6.8,A
IMG_6470.HEIC,5712,4284,37.560075,126.9420861,1.58,-5.2,-2.6,A
IMG_6472.HEIC,5712,4284,37.5600806,126.9419333,1.59,-2.5,-1.7,B
IMG_6474.HEIC,5712,4284,37.5601667,126.9416278,1.2,-2.3,2.3,B
IMG_6476.HEIC,5712,4284,37.5602222,126.9414278,2.77,-2.9,-2.8,A
IMG_6478.HEIC,5712,4284,37.5591083,126.9419778,1.6,-5.9,4.7,A
IMG_6481.HEIC,5712,4284,37.5591278,126.941825,2.81,-0.4,1.7,B
IMG_6483.HEIC,5712,4284,37.5591139,126.9417722,2.85,1,1.1,B
IMG_6485.HEIC,5712,4284,37.5590639,126.9417111,2.07,-0.8,0.3,C 
IMG_6487.HEIC,5712,4284,37.5591139,126.9415583,2.47,-7.8,3.2,A
IMG_6489.HEIC,5712,4284,37.5591139,126.9415139,1.71,-3.2,6,A
IMG_6491.HEIC,5712,4284,37.5591167,126.9414583,3.09,-2.5,8,A
IMG_6494.HEIC,5712,4284,37.5592111,126.9413306,3.13,-3,6.7,A
IMG_6496.HEIC,5712,4284,37.5591667,126.941375,1.82,-2.5,4.9,A
IMG_6498.HEIC,5712,4284,37.559075,126.9413083,3.2,-3.6,5.8,A
IMG_6500.HEIC,5712,4284,37.5590667,126.9411861,2.05,-2.5,5.1,A
IMG_6503.HEIC,5712,4284,37.5590528,126.9411167,2.19,-2.8,5.3,A
IMG_6505.HEIC,5712,4284,37.5590694,126.9410389,1.44,-2.6,3.5,A
IMG_6507.HEIC,5712,4284,37.5590583,126.9409472,3.57,-4.2,7.8,A
IMG_6509.HEIC,5712,4284,37.559075,126.94085,2.81,-9.3,2.7,A
IMG_6511.heic,4032,3024,37.5590889,126.94075,4.06,-3.8,0.2,A
IMG_6513.heic,4032,3024,37.5590389,126.9406806,3.93,-4.5,1.9,A
IMG_6515.HEIC,5712,4284,37.5590833,126.9405278,3.3,-2.8,4.8,A
IMG_6517.HEIC,5712,4284,37.5590667,126.9404,4.2,-4,-0.3,A
IMG_6518.HEIC,5712,4284,37.5590667,126.9403444,5.82,-1.6,0.4, B
IMG_6522.HEIC,5712,4284,37.5593139,126.9403083,1.98,1.6,1.2,A
IMG_6524.HEIC,5712,4284,37.5593639,126.9403139,1.83,1.2,1.9,A
IMG_6526.HEIC,5712,4284,37.5594472,126.9403389,1.88,0.8,2.9,A
IMG_6528.HEIC,5712,4284,37.5594361,126.9404056,1.99,1,0.3,A
IMG_6530.HEIC,5712,4284,37.5591389,126.9404611,2.03,1.4,2.4,A
IMG_6532.HEIC,5712,4284,37.5590278,126.9403611,2.5,1.2,1.4,A
IMG_6534.HEIC,5712,4284,37.5593694,126.9403528,2.04,0.9,1.4,A
IMG_6536.HEIC,5712,4284,37.5598722,126.9404917,2.05,1.8,3.3,A
IMG_6538.HEIC,5712,4284,37.5599833,126.9404056,2.28,0.5,7,B
IMG_6540.HEIC,5712,4284,37.5599056,126.9404611,2.14,0.5,-7.5,C 
IMG_6542.HEIC,5712,4284,37.559975,126.9404972,4.31,0.3,0.3,B
IMG_6544.HEIC,5712,4284,37.560025,126.9405583,3.55,1,0.2,A
IMG_6546.HEIC,5712,4284,37.5601889,126.9410083,3.13,-3.4,-2,A
IMG_6548.HEIC,5712,4284,37.5601889,126.9410556,3.46,-2,-2.6,B
IMG_6550.HEIC,5712,4284,37.5601778,126.9411472,2.03,1.8,-0.1,C 
IMG_6552.HEIC,5712,4284,37.5601889,126.9412528,2.22,0.6,0.1,C 
IMG_6554.HEIC,5712,4284,37.5611417,126.9412917,2.91,0.4,-0.2,C 
IMG_6556.HEIC,5712,4284,37.56115,126.9414139,2.12,-0.5,0,C 
IMG_6558.HEIC,5712,4284,37.561175,126.9414833,2.08,0.1,-0.2,A
IMG_6560.HEIC,5712,4284,37.5612556,126.9415889,2.04,-2.3,0,C 
IMG_6562.HEIC,5712,4284,37.5612556,126.9415972,2.01,0.3,0.5,B
IMG_6564.HEIC,5712,4284,37.56195,126.9425972,1.36,1.1,-0.7,A
IMG_6566.HEIC,5712,4284,37.5619806,126.9426111,1.34,0.9,-1.5,A
IMG_6569.HEIC,5712,4284,37.5620639,126.942825,1.35,0.6,-1.1,A
IMG_6571.HEIC,5712,4284,37.5619889,126.94275,1.33,0.4,-1.4,A
IMG_6573.HEIC,5712,4284,37.5619556,126.9428861,1.36,-0.2,-2.2,A
IMG_6575.HEIC,5712,4284,37.5618944,126.9429472,1.35,0.3,-1.4,A
IMG_6577.HEIC,5712,4284,37.5618861,126.9430167,1.35,-0.5,0,A
IMG_6579.HEIC,5712,4284,37.5618778,126.9430167,1.37,-1.8,-0.4,D
IMG_4417.HEIC,5712,4284,37.5584028,126.8420111,1.37,-2.4,-0.6,A
IMG_4419.HEIC,5712,4284,37.5584556,126.842025,1.37,-1.8,0.2,A
IMG_4421.HEIC,5712,4284,37.5585111,126.842025,1.26,-1,0.6,A
IMG_4423.HEIC,5712,4284,37.558575,126.8419639,1.23,-1.6,0.6,A
IMG_4425.HEIC,5712,4284,37.5586361,126.8419806,1.19,-1.7,1.6,A
IMG_4427.HEIC,5712,4284,37.5587194,126.84205,1.08,0.3,1.2,B
IMG_4429.HEIC,5712,4284,37.5586667,126.8419889,1.14,0.4,0.19,A
IMG_4431.HEIC,5712,4284,37.5585972,126.8419806,1.15,0.6,2.4,A
IMG_4433.HEIC,5712,4284,37.5585278,126.8419111,1.36,1.3,3.2,A
IMG_4435.HEIC,5712,4284,37.5584444,126.8419194,1.33,1.1,1.4,A
IMG_4437.HEIC,5712,4284,37.5588083,126.8421389,1.05,-0.4,-7.3,D
IMG_4439.HEIC,5712,4284,37.5588333,126.8421861,1.12,1.6,-7.3,D
IMG_4441.HEIC,5712,4284,37.5588611,126.8422472,1.12,0.1,-8.6,D
IMG_4443.HEIC,5712,4284,37.5588528,126.8423167,1.13,0.3,-5.6,B
IMG_4445.HEIC,5712,4284,37.558875,126.8424139,2.64,-1,-6.7,A
IMG_4447.HEIC,5712,4284,37.5589,126.8423694,2.65,0,-4.4,A
IMG_4449.HEIC,5712,4284,37.55885,126.8423306,2.64,0,-6.9,A
IMG_4451.HEIC,5712,4284,37.5588417,126.8422306,2.63,0,-5.5,A
IMG_4454.HEIC,5712,4284,37.5588139,126.8420333,2.64,0.1,-5,A
IMG_4456.HEIC,5712,4284,37.5592111,126.8419417,2.37,0,1.3,C 
IMG_4458.HEIC,5712,4284,37.5592528,126.8418889,2.37,0,1.7,C 
IMG_4460.HEIC,5712,4284,37.5592944,126.8417889,2.39,0.4,1.1,A
IMG_4462.HEIC,5712,4284,37.5592889,126.8417056,2.35,-0.8,6.5,A
IMG_4464.HEIC,5712,4284,37.5593194,126.8415917,2.44,1.2,3.6,A
IMG_4466.HEIC,5712,4284,37.5593389,126.8415083,2.37,0.5,6.5,A
IMG_4468.HEIC,5712,4284,37.5592944,126.8414167,2.64,-0.7,6.6,B
IMG_4470.HEIC,5712,4284,37.5593861,126.8413917,4.1,-0.1,1,B
IMG_4472.HEIC,5712,4284,37.5594028,126.8414917,4.21,-0.3,-0.2,A
IMG_4474.HEIC,5712,4284,37.5593917,126.8416528,4.28,0.2,0.9,A
IMG_4476.HEIC,5712,4284,37.5593306,126.8416833,4.07,0.3,0.3,A
IMG_4478.HEIC,5712,4284,37.5593333,126.8417361,4.05,0,0.8,A
IMG_4480.HEIC,5712,4284,37.5593222,126.8418361,4.03,-0.7,0.5,A
IMG_4482.HEIC,5712,4284,37.5592917,126.8419889,4.03,0,-0.2,A
IMG_4484.HEIC,5712,4284,37.5593139,126.8421083,4,-0.1,0.3,A
IMG_4486.HEIC,5712,4284,37.5592889,126.8421861,4.04,0.7,0.3,A
IMG_4488.HEIC,5712,4284,37.5592778,126.8423167,4,-0.3,0,A
IMG_4490.HEIC,5712,4284,37.559325,126.8424083,4.01,0,0,A
IMG_4492.HEIC,5712,4284,37.5593028,126.8425361,4.08,-1.8,-0.5,A
IMG_4494.HEIC,5712,4284,37.5592222,126.8427417,4.02,-0.4,-0.1,A
IMG_4496.HEIC,5712,4284,37.5592417,126.8428583,4.02,0,0,A
IMG_4498.HEIC,5712,4284,37.5592167,126.8428806,3.99,-0.8,-0.3,A
IMG_4500.HEIC,5712,4284,37.5591778,126.8430111,4.01,0,-0.5,A
IMG_4502.HEIC,5712,4284,37.5591861,126.8430722,4.01,0,0,A
IMG_4504.HEIC,5712,4284,37.5592528,126.8431778,4,-0.1,-0.4,A
IMG_4506.HEIC,5712,4284,37.5591556,126.8432528,4,0.3,1.1,A
IMG_4508.HEIC,5712,4284,37.5591444,126.8433139,4,-1.3,-0.1,A
IMG_4510.HEIC,5712,4284,37.5591389,126.8434222,4.01,-0.4,0,A
IMG_4512.HEIC,5712,4284,37.5591389,126.8433917,2.47,-0.2,1.3,A
IMG_4514.HEIC,5712,4284,37.5591167,126.8433611,2.32,-2,2.2,A
IMG_4516.HEIC,5712,4284,37.5591167,126.8432472,2.35,0.3,1.4,A
IMG_4518.HEIC,5712,4284,37.5591667,126.8428417,2.17,-0.1,3.9,A
IMG_4520.HEIC,5712,4284,37.5592222,126.8427667,2.23,-0.6,7.1,A
IMG_4522.HEIC,5712,4284,37.5591861,126.8426972,2.3,-0.9,2.9,B
IMG_4524.HEIC,5712,4284,37.5591611,126.8425917,4.28,-0.5,-1.7,B
IMG_4526.HEIC,5712,4284,37.5591583,126.8424222,4.38,-0.8,-0.8,B
IMG_4528.HEIC,5712,4284,37.5591861,126.8423222,4.35,0.1,0.3,B
IMG_4531.HEIC,5712,4284,37.5587833,126.8427667,1.38,0.3,-0.4,B
IMG_4533.HEIC,5712,4284,37.5588139,126.8427972,1.33,0.3,0,B
IMG_4536.HEIC,5712,4284,37.5588389,126.8428583,1.71,0.4,0.4,B
IMG_4538.HEIC,5712,4284,37.5588306,126.8429417,1.32,-0.9,-0.9,A
IMG_4540.HEIC,5712,4284,37.5587917,126.8430028,1.22,0,-0.9,A
IMG_4542.HEIC,5712,4284,37.5588139,126.8430861,1.26,-0.9,-2.4,A
IMG_4544.HEIC,5712,4284,37.5588111,126.8431333,1.29,-0.2,-1.2,A
IMG_4546.HEIC,5712,4284,37.5588194,126.8431861,1.32,-0.5,-0.8,B
IMG_4548.HEIC,5712,4284,37.5588389,126.8433222,1.71,-0.6,-5.8,A
IMG_4550.HEIC,5712,4284,37.5588389,126.8433917,1.73,0,-5.1,A
IMG_4552.HEIC,5712,4284,37.5588389,126.8434611,1.52,3.7,-9.7,B
IMG_4554.HEIC,5712,4284,37.5584806,126.8434444,1.11,0.3,2.7,A
IMG_4556.HEIC,5712,4284,37.5584333,126.8434528,1.06,0.6,1.8,A
IMG_4558.HEIC,5712,4284,37.5583917,126.8434667,1.02,1.5,1.1,B
IMG_4560.HEIC,5712,4284,37.5583694,126.8434361,1.04,1.8,1.8,B
IMG_4562.HEIC,5712,4284,37.5583333,126.8434,1.04,1.5,2.3,B
IMG_4564.HEIC,5712,4284,37.5583111,126.8434528,1.02,2.3,2.3,A
IMG_4566.HEIC,5712,4284,37.5582278,126.8433222,5.13,-0.4,-0.7,A
IMG_4568.HEIC,5712,4284,37.5582417,126.8432833,5.16,-0.7,-0.4,A
IMG_4570.HEIC,5712,4284,37.5583111,126.8432,5.12,-0.4,-0.4,A
IMG_4572.HEIC,5712,4284,37.5583028,126.8430944,5.08,-0.8,-0.7,A
IMG_4576.HEIC,5712,4284,37.5582806,126.8429333,4.61,-1.1,-0.3,A
IMG_4578.HEIC,5712,4284,37.5583,126.8428639,10.15,-0.4,-0.7,A
IMG_4580.HEIC,5712,4284,37.5583417,126.8427417,4.49,-0.4,-2.2,A
IMG_4582.HEIC,5712,4284,37.5582972,126.84265,4.99,-1.8,-2.2,A
IMG_4584.HEIC,5712,4284,37.5583083,126.8425667,5.17,-0.5,-2,A
IMG_4586.HEIC,5712,4284,37.5583139,126.8424611,4.87,-0.7,-2.1,B
IMG_4588.HEIC,5712,4284,37.5583389,126.8424,5.22,-0.7,-0.7,A
IMG_4590.HEIC,5712,4284,37.5583139,126.8423389,5.2,-0.3,-0.3,A
IMG_4592.HEIC,5712,4284,37.5582917,126.8422694,5.39,-0.6,-0.6,A
IMG_4594.HEIC,5712,4284,37.5582611,126.8421944,5.35,-0.8,-0.5,A
IMG_4596.HEIC,5712,4284,37.5582306,126.8420861,5.43,-0.7,-1.2,A
IMG_4598.HEIC,5712,4284,37.557975,126.8419944,3.32,0.5,-0.2,A
IMG_4600.HEIC,5712,4284,37.5579139,126.8420417,3.35,-2.4,-0.6,A
IMG_4603.HEIC,5712,4284,37.5576778,126.8420028,3.99,-0.9,-0.8,A
IMG_4605.HEIC,5712,4284,37.5576028,126.8419333,2.18,-0.3,-0.1,A
IMG_4607.HEIC,5712,4284,37.5576222,126.8418667,2.18,-0.7,1,A
IMG_4609.HEIC,5712,4284,37.5575944,126.841775,1.93,0.2,0.6,A
IMG_4611.HEIC,5712,4284,37.5576444,126.8416528,1.62,-1.1,0.5,A
IMG_4613.HEIC,5712,4284,37.5576278,126.8415667,1.61,0.2,-0.1,A
IMG_4615.HEIC,5712,4284,37.5576333,126.8414833,1.63,0,-1.8,A
IMG_4617.HEIC,5712,4284,37.557625,126.8414389,1.72,-0.3,0,A
IMG_4619.HEIC,5712,4284,37.5576361,126.8413694,1.98,-0.2,-0.2,A
IMG_4654.HEIC,4032,3024,37.55725,126.9311444,3.81,-2.4,-1.4,A
IMG_4656.HEIC,4032,3024,37.5572167,126.9312222,3.84,-2.7,1.7,A
IMG_4658.HEIC,4032,3024,37.5570639,126.931525,3.78,-2.9,2.5,A
IMG_4660.HEIC,4032,3024,37.5572167,126.9313667,3.77,-2.5,0.8,A
IMG_4662.HEIC,4032,3024,37.5571361,126.9314806,3.73,-2.9,0.8,A
IMG_4664.HEIC,4032,3024,37.5571583,126.9314806,3.69,-2.6,0.2,A
IMG_4666.HEIC,4032,3024,37.5571167,126.9316556,4.36,-0.4,2.9,A
IMG_4668.HEIC,4032,3024,37.5570972,126.9316861,4.43,-2,0.6,A
IMG_4670.HEIC,4032,3024,37.5570361,126.9318,4.4,-2.9,0.1,A
IMG_4672.HEIC,4032,3024,37.5570417,126.9318611,4.33,-4,1.6,A
IMG_4674.HEIC,4032,3024,37.5569889,126.9319528,4.64,-3.3,0.4,B
IMG_4676.HEIC,4032,3024,37.5569611,126.9320306,4.64,-1.9,-1.8,A
IMG_4678.HEIC,4032,3024,37.5569389,126.9320917,4.24,-3.6,2.3,A
IMG_4681.HEIC,4032,3024,37.5569306,126.9321972,5.02,-2.4,2.8,A
IMG_4683.HEIC,4032,3024,37.5568389,126.9322361,4.98,-3.4,1.5,A
IMG_4685.HEIC,4032,3024,37.5568917,126.9323361,5.09,-1.8,1.2,A
IMG_4687.HEIC,4032,3024,37.5568389,126.9323806,5.09,-4.7,1.3,A
IMG_4689.HEIC,4032,3024,37.5568194,126.9324333,5.5,-3,1.2,A
IMG_4691.HEIC,4032,3024,37.5568111,126.9325417,5.24,-1.9,3,A
IMG_4693.HEIC,5712,4284,37.5567944,126.9326083,5.27,-2,1.3,A
IMG_4695.HEIC,5712,4284,37.556725,126.9326333,5.08,-1.9,1.3,A
IMG_4697.HEIC,5712,4284,37.5567361,126.9327083,5.33,-2.1,1.1,A
IMG_4699.HEIC,4032,3024,37.5574833,126.933075,1.15,-5.8,-1.4,A
IMG_4701.HEIC,4032,3024,37.5574722,126.9331361,1.21,-6.9,-2,A
IMG_4704.HEIC,4032,3024,37.5574333,126.9331583,1.2,-5.8,-4.2,A
IMG_4706.HEIC,4032,3024,37.5574306,126.9332056,1.18,-6.2,-2.7,A
IMG_4708.HEIC,4032,3024,37.5574333,126.9332111,1.2,-7,-3.8,A
IMG_4710.HEIC,4032,3024,37.5574389,126.9332417,1.18,-6.7,-4.1,A
IMG_4712.HEIC,4032,3024,37.5573722,126.9333333,1.22,-5.9,-3.7,A
IMG_4714.HEIC,4032,3024,37.5573361,126.9333583,1.2,-4.2,-5.6,A
IMG_4716.HEIC,4032,3024,37.5573306,126.9333944,1.18,-4.4,-2.7,A
IMG_4718.HEIC,4032,3024,37.5573278,126.9334333,1.85,-4,-2.1,A
IMG_4721.HEIC,5712,4284,37.5573472,126.9336306,1.59,-4.8,-0.8,B
IMG_4723.HEIC,5712,4284,37.5573306,126.9336861,1.44,-3.8,-2.7,A
IMG_4725.HEIC,5712,4284,37.5573278,126.9337389,1.58,-2.2,-3.1,A
IMG_4727.HEIC,5712,4284,37.5573278,126.9337778,1.66,-2.1,-2.3,B
IMG_4729.HEIC,5712,4284,37.5572694,126.9337778,1.61,-1.2,-2,B
IMG_4731.HEIC,5712,4284,37.5572278,126.9338389,1.75,-3.4,-3.6,B
IMG_4733.HEIC,5712,4284,37.5571861,126.9339444,1.71,-0.9,-4.2,B
IMG_4735.HEIC,5712,4284,37.5571722,126.9339611,1.72,-4.1,-3.6,B
IMG_4737.HEIC,5712,4284,37.5571333,126.9340056,1.55,-1.9,-2,B
IMG_4739.HEIC,5712,4284,37.5571556,126.9340972,1.38,-1.6,-2.9,C
IMG_4741.HEIC,5712,4284,37.5571028,126.9341583,1.33,-0.5,-3.2,C
IMG_4743.HEIC,4032,3024,37.5570556,126.9342194,1.39,-2.9,-2.4,B
IMG_4745.HEIC,5712,4284,37.5570417,126.9342944,1.6,-0.2,-2.9,B
IMG_4747.HEIC,5712,4284,37.5570417,126.9344028,1.71,-0.2,-0.6,A
IMG_4749.HEIC,5712,4284,37.55705,126.9344861,1.76,-1.6,-0.7,A
IMG_4751.HEIC,5712,4284,37.5570139,126.9345472,1.58,0.1,0.7,A
IMG_4753.HEIC,5712,4284,37.5570333,126.9345028,1.5,0.8,1,A
IMG_4755.HEIC,5712,4284,37.5571417,126.9346861,1.55,0.2,0.9,A
IMG_4757.HEIC,5712,4284,37.5571444,126.9347083,1.54,0.2,0.8,A
IMG_4759.HEIC,5712,4284,37.5571417,126.9346917,1.56,-0.3,-0.2,A
IMG_4761.HEIC,5712,4284,37.5571361,126.9346917,1.54,0.4,0.9,A
IMG_4763.HEIC,5712,4284,37.5571861,126.9347389,1.54,0.2,0,A
IMG_4765.HEIC,5712,4284,37.5573278,126.9348667,1.53,0.4,1,A
IMG_4768.HEIC,4032,3024,37.55725,126.9347833,1.51,0.2,0.8,A
IMG_4770.HEIC,4032,3024,37.5573083,126.9348306,1.51,0.3,0.6,A
IMG_4772.HEIC,5712,4284,37.5572083,126.9347528,1.51,0.6,0.6,A
IMG_4774.HEIC,5712,4284,37.5572611,126.9347917,1.51,0.4,0.1,A
IMG_4776.HEIC,5712,4284,37.5572139,126.9347528,1.52,1.2,0.9,A
IMG_4778.HEIC,5712,4284,37.5577694,126.9348972,1.51,1.2,0.5,A
IMG_4780.HEIC,5712,4284,37.5575444,126.9348,1.63,0.5,1.4,A
IMG_4782.HEIC,5712,4284,37.5572139,126.9347528,1.59,0.8,1.3,A
IMG_4784.HEIC,5712,4284,37.5578806,126.9345778,1.61,0.5,0.5,A
IMG_4786.HEIC,5712,4284,37.5578806,126.9345472,1.61,1.4,0,A
IMG_4788.HEIC,5712,4284,37.5578944,126.9344722,1.62,0.1,0.1,A
IMG_4790.HEIC,5712,4284,37.5579083,126.934425,1.61,1.5,0.8,A
IMG_4792.HEIC,5712,4284,37.557925,126.9343556,1.71,1.5,0.8,A
IMG_4794.HEIC,5712,4284,37.557925,126.9343333,1.71,2.1,0.6,A
IMG_4796.HEIC,5712,4284,37.5579417,126.9340972,1.71,2,0,A
IMG_4800.HEIC,5712,4284,37.5579861,126.9341972,1.71,2,2,A
IMG_4802.HEIC,5712,4284,37.5580222,126.9341056,1.71,3.4,2.8,A
IMG_4805.HEIC,5712,4284,37.5580833,126.9339972,1.91,4.3,1.2,A
IMG_4807.HEIC,5712,4284,37.558125,126.9338694,1.67,4.1,-0.7,A
IMG_4809.HEIC,5712,4284,37.5581333,126.9338528,1.66,4.2,0.2,A
IMG_4811.HEIC,5712,4284,37.5582111,126.9336694,1.65,3.3,1.5,A
IMG_4813.HEIC,5712,4284,37.5582417,126.9335417,1.66,4.4,0.8,A
IMG_4815.HEIC,5712,4284,37.5577167,126.93705,3.4,0.5,0.3,A
IMG_4818.HEIC,5712,4284,37.5577694,126.9369722,3.5,0.6,0.6,A
IMG_4821.HEIC,5712,4284,37.5578694,126.9369722,3.43,0,0,A
IMG_4823.HEIC,5712,4284,37.5580028,126.9370194,3.49,0.1,0.5,A
IMG_4825.HEIC,5712,4284,37.5580528,126.9370111,3.5,1,1,A
IMG_4827.HEIC,5712,4284,37.5581194,126.9370111,3.48,0.5,2,A
IMG_4829.HEIC,5712,4284,37.5581667,126.9369972,3.49,-0.3,3.8,A
IMG_4831.HEIC,5712,4284,37.5582611,126.9370417,3.53,-0.6,1.7,A
IMG_4833.HEIC,5712,4284,37.5584056,126.9371028,3.55,0.6,1.3,A
IMG_4835.HEIC,5712,4284,37.5584917,126.9371194,3.56,0.1,1.2,A
IMG_4837.HEIC,5712,4284,37.5585111,126.9369667,3.7,0.8,0.7,A
IMG_4839.HEIC,5712,4284,37.5586389,126.9370722,3.74,0.6,1.6,A
IMG_4841.HEIC,5712,4284,37.5587611,126.9370889,3.77,0.4,1,A
IMG_4843.HEIC,5712,4284,37.5588333,126.9370194,3.77,0.2,0.5,A
IMG_4845.HEIC,5712,4284,37.5590083,126.9369056,4.13,0.7,1.8,A
IMG_4847.HEIC,5712,4284,37.5590833,126.93695,4.39,2.6,0.8,A
IMG_4849.HEIC,5712,4284,37.5591556,126.9369139,2.88,2.6,0.2,A
IMG_4851.HEIC,5712,4284,37.5593444,126.9368361,3.75,2.6,0.9,A
IMG_4853.HEIC,5712,4284,37.5594028,126.9368528,3.78,0.3,0.9,A
IMG_4855.HEIC,5712,4284,37.5594583,126.9368833,3.66,0.4,1.9,A
IMG_4857.HEIC,5712,4284,37.5594861,126.93695,3.77,0.5,1.4,A
IMG_4859.HEIC,5712,4284,37.5595667,126.93695,3.75,0.5,1.7,A
IMG_4861.HEIC,5712,4284,37.5596611,126.9369194,3.8,1,2.2,A
IMG_6686.HEIC,5712,4284,37.4840278,126.9414444,2.19,0.6,1.8,B
IMG_6688.HEIC,5712,4284,37.4840583,126.9414139,2.14,0.2,3.9,A
IMG_6690.HEIC,5712,4284,37.4839972,126.941375,2.18,1.2,5.6,B
IMG_6692.HEIC,5712,4284,37.4839667,126.9413611,2.15,1.9,6.9,B
IMG_6694.HEIC,5712,4284,37.4839222,126.9413528,2.16,0.9,4.5,B
IMG_6699.HEIC,5712,4284,37.4829861,126.940675,5.69,0.4,0.9,A
IMG_6701.HEIC,5712,4284,37.4830194,126.9406361,4.19,0.4,0.4,A
IMG_6703.HEIC,5712,4284,37.483025,126.9405583,4.06,0.2,0.2,A
IMG_6705.HEIC,5712,4284,37.4830806,126.9405139,4.11,1.3,1,A
IMG_6707.HEIC,5712,4284,37.4831083,126.9404611,4.12,0.1,3,A
IMG_6709.HEIC,5712,4284,37.4831361,126.9404222,4.14,1.5,0.5,A
IMG_6711.HEIC,5712,4284,37.4831417,126.9403611,4.13,0,-3,A
IMG_6713.HEIC,5712,4284,37.4831806,126.9403694,4.13,0,1.2,A
IMG_6716.HEIC,5712,4284,37.4831806,126.9401861,4.07,0.3,-0.4,B
IMG_6718.HEIC,5712,4284,37.4831972,126.9402083,4.03,-0.9,1.7,A
IMG_6720.HEIC,5712,4284,37.48325,126.9402083,4.15,-0.3,1,A
IMG_6722.HEIC,5712,4284,37.483275,126.9401028,4.16,-0.4,4.9,A
IMG_6724.HEIC,5712,4284,37.4832889,126.9400778,4.15,0.3,3.9,A
IMG_6726.HEIC,5712,4284,37.4832917,126.940025,4.17,1,2.5,A
IMG_6728.HEIC,5712,4284,37.483325,126.9399556,4.12,0,3.1,A
IMG_6730.HEIC,5712,4284,37.4833639,126.9398639,4.11,0.9,0.8,A
IMG_6732.HEIC,5712,4284,37.4833833,126.9398417,4.23,0.4,2.8,A
IMG_6734.HEIC,5712,4284,37.4833972,126.9397722,4.14,-0.8,6.6,A
IMG_6736.HEIC,5712,4284,37.4834333,126.9397139,4.1,-0.1,5.9,A
IMG_6738.HEIC,5712,4284,37.4834528,126.9396833,4.14,0.2,1.5,A
IMG_6740.HEIC,5712,4284,37.4834722,126.9396444,4.03,-0.3,-1.1,A
IMG_6742.HEIC,5712,4284,37.4834889,126.9396139,4.09,0.3,0.5,A
IMG_6744.HEIC,5712,4284,37.4835056,126.9395528,4.14,0.4,1.2,A
IMG_6746.HEIC,5712,4284,37.4835167,126.9395056,4.16,0.7,2.2,A
IMG_6748.HEIC,5712,4284,37.4835278,126.9394528,4.25,2.2,1.6,A
IMG_6750.HEIC,5712,4284,37.4835389,126.9394083,4.77,-0.2,1,A
IMG_6752.HEIC,5712,4284,37.4835667,126.9393778,4.12,1.4,2.1,A
IMG_6754.HEIC,5712,4284,37.4836111,126.9393,4.17,0.3,5,A
IMG_6756.HEIC,5712,4284,37.4836278,126.9392778,4.17,0.4,5.9,B
IMG_6758.HEIC,5712,4284,37.48365,126.9392472,4.24,0.1,2.9,A
IMG_6760.HEIC,5712,4284,37.4836667,126.9391861,4.06,0.9,-2.9,A
IMG_6762.HEIC,5712,4284,37.4836806,126.9391333,4.1,0.2,0.2,A
IMG_6764.HEIC,5712,4284,37.4837194,126.9390722,4.28,0.3,1.24,A
IMG_6766.HEIC,5712,4284,37.4837278,126.9390333,4.31,7.4,3.6,A
IMG_6768.HEIC,5712,4284,37.4837444,126.9389806,4.2,-1.5,-1.5,A
IMG_6770.HEIC,5712,4284,37.4837583,126.93895,4.18,-2.1,-7.6,B
IMG_6773.HEIC,5712,4284,37.4837833,126.9389194,4.16,-2.4,-3.6,A
IMG_6775.HEIC,5712,4284,37.4838111,126.9388972,3.71,1.1,1.1,A
IMG_6777.HEIC,5712,4284,37.4838417,126.9387972,4.26,-0.9,3.1,A
IMG_6779.HEIC,5712,4284,37.483875,126.9387278,4.29,1,2.1,A
IMG_6781.HEIC,5712,4284,37.4839083,126.9386222,4.1,-3.1,-0.3,A
IMG_6783.HEIC,5712,4284,37.4839444,126.9385833,4.23,-1.1,-2.9,A
IMG_6785.HEIC,5712,4284,37.4839667,126.9385611,4.25,0,-2,A
IMG_6788.HEIC,5712,4284,37.4839861,126.9385306,4.19,-1.3,-1.8,A
IMG_6790.HEIC,5712,4284,37.4839694,126.9384389,4.19,1.2,-2.1,B
IMG_6792.HEIC,5712,4284,37.4840056,126.9384222,4.2,-1.3,-3.1,A
IMG_6794.HEIC,5712,4284,37.4840139,126.9384083,4.24,-0.1,0.1,A
IMG_6797.HEIC,5712,4284,37.4840556,126.9383306,4.27,-0.6,0.1,A
IMG_6799.HEIC,5712,4284,37.4840806,126.9382389,4.17,0.5,0,A
IMG_6801.HEIC,5712,4284,37.4841,126.9382167,4.19,-1.4,-0.4,A
IMG_6803.HEIC,5712,4284,37.4841194,126.9381861,4.21,-1.3,-3.5,A
IMG_6805.HEIC,5712,4284,37.4841333,126.9381778,4.22,-3.3,-0.3,A
IMG_6807.HEIC,5712,4284,37.4841528,126.938125,4.25,1,1.8,A
IMG_6809.HEIC,5712,4284,37.4841694,126.9380722,4.19,0.7,0.1,B
IMG_6811.HEIC,5712,4284,37.4841806,126.9380417,4.21,1,-2.8,D
IMG_6813.HEIC,5712,4284,37.4842194,126.93795,4.18,0.8,-1.3,A
IMG_6815.HEIC,5712,4284,37.4842611,126.9378972,4.18,-0.4,0,A
IMG_6817.HEIC,5712,4284,37.4842694,126.9378361,4.22,-2.1,-2.8,A
IMG_6819.HEIC,5712,4284,37.4842806,126.9378139,4.23,1.7,1,A
IMG_6821.HEIC,5712,4284,37.484275,126.9377889,4.22,-0.2,-0.1,A
IMG_6823.HEIC,5712,4284,37.4843056,126.9377583,4.13,0.2,-1.8,A
IMG_6825.HEIC,5712,4284,37.484325,126.9376917,4.22,-0.3,-0.5,A
IMG_6827.HEIC,5712,4284,37.4843306,126.9376444,4.07,0.5,0,A
IMG_6829.HEIC,5712,4284,37.4843444,126.9375917,4.25,0.2,1.3,A
IMG_6831.HEIC,5712,4284,37.4843778,126.9375694,4.2,0,1.1,A
IMG_6834.HEIC,5712,4284,37.4844083,126.9374778,4.03,-2.6,2.9,A
IMG_6837.HEIC,5712,4284,37.4844139,126.9374472,3.96,-0.3,0.1,A
IMG_6839.HEIC,5712,4284,37.4844556,126.9373778,3.59,-1.6,-0.5,A
IMG_6841.HEIC,5712,4284,37.4844778,126.9373389,4.14,1.1,2.6,A
IMG_6843.HEIC,5712,4284,37.484475,126.9372722,4.2,-1.8,-0.6,A
IMG_6845.HEIC,5712,4284,37.4844944,126.937225,3.97,-0.3,-0.3,A
IMG_6847.HEIC,5712,4284,37.4844361,126.9373083,4.14,0,-0.9,A
IMG_6849.HEIC,5712,4284,37.4845194,126.9371639,4.23,1.6,1,A
IMG_6851.HEIC,5712,4284,37.4842333,126.9373333,4.49,-0.9,-0.8,A
IMG_6853.HEIC,5712,4284,37.4841889,126.9373472,4.23,0,1.2,A
IMG_6855.HEIC,5712,4284,37.4841,126.9374611,4.31,-2.1,1.1,A
IMG_6857.HEIC,5712,4284,37.4840889,126.9375222,4.41,-0.6,1.6,A
IMG_6859.HEIC,5712,4284,37.4840667,126.9375444,4.22,-1.7,0.6,A
IMG_6861.HEIC,5712,4284,37.4840306,126.9375917,4.34,3.9,1.5,A
IMG_6863.HEIC,5712,4284,37.4840056,126.9376528,4.39,-1.1,-1.4,A
IMG_6865.HEIC,5712,4284,37.484,126.9377222,4.09,0.3,0.1,A
IMG_6867.HEIC,5712,4284,37.4839944,126.9377361,4.35,-1.3,-1.5,A
IMG_6869.HEIC,5712,4284,37.483975,126.9377583,4.38,0.5,1,A
IMG_6871.HEIC,5712,4284,37.483925,126.9379194,4.3,0.1,0.9,A
IMG_6873.HEIC,5712,4284,37.4839167,126.93795,4.47,0.1,3,A
IMG_6875.HEIC,5712,4284,37.4838944,126.9379889,4.33,0.1,0.1,A
IMG_6877.HEIC,5712,4284,37.4838556,126.9380111,5.64,0,2.6,A
IMG_6879.HEIC,5712,4284,37.4838306,126.9380639,4.39,0.2,5.89,A
IMG_6881.HEIC,5712,4284,37.4838333,126.9381167,4.36,-3,1.6,A
IMG_6883.HEIC,5712,4284,37.4838028,126.9381472,3.99,0.4,-0.9,A
IMG_6885.HEIC,5712,4284,37.4838056,126.9381639,3.75,2.5,2.2,B
IMG_6887.HEIC,5712,4284,37.4837694,126.9382167,5.47,-1.5,2.3,B
IMG_6889.HEIC,5712,4284,37.4837389,126.9382694,4.33,-2.1,-2.2,B
IMG_6891.HEIC,5712,4284,37.4837389,126.938325,4.38,-0.5,1.9,A
IMG_6893.HEIC,5712,4284,37.4837222,126.9383861,4.35,0.9,0.7,B
IMG_6895.HEIC,5712,4284,37.4836972,126.9384611,4.4,0.6,2.2,B
IMG_6897.HEIC,5712,4284,37.4836917,126.9384833,4.33,0.9,0.1,A
IMG_6899.HEIC,5712,4284,37.4836833,126.9384917,4.35,0.2,4.3,A
IMG_6901.HEIC,5712,4284,37.4836222,126.9385528,5.69,-2.5,0,A
IMG_6903.HEIC,5712,4284,37.4835972,126.9386,4.32,-0.2,-0.2,A
IMG_6905.HEIC,5712,4284,37.4835972,126.9386361,4.35,-2.9,-0.8,A
IMG_6907.HEIC,5712,4284,37.4835694,126.9386444,4.32,-0.4,0.1,A
IMG_6909.HEIC,5712,4284,37.48355,126.9386667,4.3,0,0.9,A
IMG_6911.HEIC,5712,4284,37.4835444,126.9387056,4.19,0.9,-1,B
IMG_6913.HEIC,5712,4284,37.4835333,126.9387583,4.06,0.9,-0.3,A
IMG_6915.HEIC,5712,4284,37.4835056,126.9388194,3.08,-0.7,-3.3,A
IMG_6917.HEIC,5712,4284,37.4834778,126.9388583,3.03,-0.4,-1.2,A
IMG_6919.HEIC,5712,4284,37.4834667,126.9388806,3.01,-0.3,0.2,A
IMG_6921.HEIC,5712,4284,37.4834583,126.9389278,3.02,-0.2,0.3,A
IMG_6923.HEIC,5712,4284,37.4834472,126.9389583,3.05,-0.1,-0.1,A
IMG_6925.HEIC,5712,4284,37.4835194,126.9391028,3.05,-1.1,-0.2,A
IMG_6927.HEIC,5712,4284,37.4834333,126.9390194,3.08,-0.3,1,B
IMG_6929.HEIC,5712,4284,37.4834167,126.9390556,3.02,0,-1.4,B