image_id,bytes,width,height,sha256,fetched
1004586808353767,695339,2048,1536,e03c9182b66b75da88991a5ed3e8d0a86ffb6a2fa8a79d18c8dc0bd10032d276,2026-09-28
1011298886069150,316966,2048,1536,eadf792108320719bc642d9a91039907e295a6a8006bd7774625d1b9fe406086,2026-09-28
1039229080957896,512525,2048,1792,69910504d374995de091231ed072dc9c6144f6f242bc41a9dd075b19704886e9,2026-09-28
1102522938225705,285714,2048,937,68a1e296a2fc65fa0097543e04488f38a18360156c06ba1a09a4c22188e27c3c,2026-09-28
1105577067980514,225715,2048,937,9c413620fe6dafc9bfdaa89353ddbee36b42cd8a434fed6d0958eba76da24f7e,2026-09-28
112135867603879,424963,2048,1536,205a80d4af9f4f0a36f4b6aea6478dc434a60f0684ba70f84075288c117f1b06,2026-09-28
1121507999619567,161809,2048,937,c07ca78083a8d436cd46223d6528f1cbe98f4b4891dba8ae64e47f01efbc83f9,2026-09-28
1134342851482779,322129,2048,937,9a898cb1fe5d122b4a14879811c21d0e069254a144ebc5c235129cd8c747942a,2026-09-28
1137690103372428,423573,2048,1536,7bdfef3ed18c41b9a5ed4857c9c6734d159e9b17326dce7f0e26106f689487b9,2026-09-28
1153752752339323,575219,2048,1792,f5272fa48cee9d261d2f6c5e39837f2d2a38ce0355e06d275ba8905096712440,2026-09-28
1161888075521957,262286,2048,937,a4cac0f89e6d44049eaf0f3cdaa6c72427e042cfd88a732f005df012f45f76ee,2026-09-28
1163388711971624,190742,2048,937,5e0bb0a18ae198287969f05b5a98ae5c9c50260e8803cbbc14be0c3152701ea6,2026-09-28
1166679675022158,458589,2048,1536,0f83b10bf3abeb6d0ed9b9a44c5b7c28aa1ee2e866d5f68550384c32e88818cd,2026-09-28
1168168784714141,290505,2048,937,35f13c694e01058493ccce1af5895e702bb25faada4c7dbcecabc6d1e3241fe0,2026-09-28
1173219014527746,335295,2048,937,47db2f2edd4b3abf0ffcd84c05487fdd50b9779176667eea719ab9074e521fcc,2026-09-28
1179269906550644,587945,2048,1792,e3eceb2168712fd2d1fae37179bb996f4bebf1064d69c5ed31b6d847dd6ad3c3,2026-09-28
1195750185156047,585307,2048,1536,b8ae33eac0e53acd840b8c9f78aa11266f79c616b22e0991fee64087ba595745,2026-09-28
1212262932560238,529970,2048,1536,ef4c193274db963c9a927fbba58afc9d0b9c0f5dd96640d99919e667233ecb7b,2026-09-28
1214095962356513,517674,2048,1536,bbaae9d62154ef490f0905ac17705c6bf30a476fb099f239919ef15bbf55f225,2026-09-28
1239796990523023,616826,2048,1792,3372c459b5a132b8e1c5c8c9402fcc2fb7b05ce2b555f74ff42067cde3d4eb08,2026-09-28
1259657941786135,275079,2048,937,c20ff26b294e940ad9d1651a3948e53368f11a5a8245c9e6444e0e69bdd4b62d,2026-09-28
1260252075057790,210772,2048,937,cadaee20899b25aa952711bead97940d1e86d5c6321ca9b4e7a051cddd38d534,2026-09-28
1265142704561440,251856,2048,937,5bc583487fd2633742181480189c26ae36556787d375b1816986b06e3d42b2f1,2026-09-28
1273950750544010,138995,2048,937,0a2072327a86411ed10ee588b26adef4c539169232dffc717570cecfb943568c,2026-09-28
1274306453844895,307833,2048,937,d0c5466075469c808583e4f1880679bfbacab3b2026b5c5f954c6a6501ea0d89,2026-09-28
1285737698991720,602453,2048,1536,d486c04aa28271e4110f7ecfa170d5258eed084a2bd5353b196eca7151847709,2026-09-28
1308148949586434,228551,1920,1080,5f1a42f7bcaf76bac23c9cd2fc6ac5465e0c0c2780c0f0a86eccfc0545735da1,2026-09-28
1320862844977878,284831,1920,1080,441e07c2c9d836cb3ae6ed36de2f739fa7379fa5f4a7d54ff838f3277b56d574,2026-09-28
1325670938748103,387154,2048,937,0e85057616b3771181c295d18beb43d0a040e3387e7e80f1291f8a04ae041d25,2026-09-28
1332157318142824,359994,2048,937,7f03ca0a43c25dfe7d1839160befef5183b2ff4035cb1d76c0ff4acbf6c6b588,2026-09-28
1332407627947611,409708,2048,937,57eb84f1dae93f65b1b36a77029572d48bf955e492fb262883e8c12a57115bc4,2026-09-28
1348570226141529,263382,2048,937,544cf486c60bb4d6043506dfe2ddf7f37e56ad197ba21ea8b41935c51589b5a3,2026-09-28
135387508534101,426201,2048,1536,69d8e1db1f7511cca30cfa9f3d0c02437f4c4aa9436a91b9903840bda387097e,2026-09-28
1355521888934555,233034,2048,937,c025fe738f2fcb1b480250a4cecf91244e09d205e781e697a0a2893d254befa4,2026-09-28
136680768454561,571163,2048,1536,6698d66761a517416dfdfc925c91ee8e312893c28ee2ac5e153ae042113c47ad,2026-09-28
1371611426539625,424990,2048,1536,f78fe5dde65ee36ed2dcf0dc04b7eb0e44e60fc15fc5604a9be598fc38e127c0,2026-09-28
1378159409220771,405382,2048,1536,6f941b832ad342d227645f2bfa00ec13c051841044f800b52d7ce10e84529074,2026-09-28
143898557647787,571620,2048,1536,c9b9f38d4d2d1619682a85a91d5aaf878af71e0cde91951f8298ef6bfc6c0821,2026-09-28
1468088096870213,421176,2048,1536,4b54ca07e262ab2814004a5608f0d10fcb6bb7cb177d72cb8c0f16834f9aadbb,2026-09-28
1472599527030957,274388,2048,937,149fc3db5d6ec03a9dda4cf151f88cd867ba263a7373c529c20935b27f0db4b4,2026-09-28
149979937106826,296199,1920,1080,8753c50a38d9d4c90795a472e844f17b8c46aa0cf82124502f8f0d31bd5a3c5d,2026-09-28
1527464780949155,598325,2048,1536,ccd3788c46b96192b8cd13893b8d761e75fd088d14bc77d283d52ca7b4cf7d79,2026-09-28
153682680087411,345758,2048,1536,45e566985fa8d0647ffec5a3a09d207bc36807bc4f91a39cc5eb514e61c15a00,2026-09-28
1541301923087257,500596,2048,1792,300c9e71ec3d9c8d7bcd71e487aa1363de9bef3daa649916096f102c81f47ad6,2026-09-28
1556764708362584,297992,2048,937,f2ce23a80fd31fd43a4c11c91ddd2df68971312035709db88f2881ebd65a8dd7,2026-09-28
1581777605802472,285561,2048,937,2383230902be906ecbf762037d47a152f76d4513e907f31af9132022037c173a,2026-09-28
1588161758373992,587688,2048,1536,2dcd999c42f361a7f2170ca5e4ba435965b0534124ce87a30ed9899f818e0753,2026-09-28
1619966785211386,497289,2048,1792,973949f1c128f0a1ea8d24f783cb97a12a2ae922c2eb1b453aa9c8871b44179b,2026-09-28
162362502485655,424500,2048,1536,f2ccc0e0e92553a39d8221c214d9552e3ac7ba5d35d9693ca1bea6f00c4c30a1,2026-09-28
1630073407900448,319966,2048,937,371b4a453835014b9f3e2ea6f3a5268099309197ed849c3b989fdfa9bfd8284c,2026-09-28
164995082143800,255228,1920,1080,91cc3f155509133d1a2ca9b8100f0fd7ea82aa07c49d17b9d86e794847225fe6,2026-09-28
166380282105814,426769,2048,1536,9d46caa4aa373922392eae3a9ef49a039e21d8d3124b792542a0b8e5b021b7c6,2026-09-28
166944422022941,569801,2048,1536,1449d9d9c31dc2ee42fe61d40c1aff012af3f9d8c876aa49f1ae556acc079464,2026-09-28
167007665405832,345228,2048,1536,b3d0cfab9e1b2c38a301642a8fe1ea48230bcad091a01114d3722925b8d04a6b,2026-09-28
1677043793094855,573348,2048,1792,2a660c57430bea0798254601c5f07c215a804295976032bc2d295b2ddadf7dc6,2026-09-28
176342610941375,370729,2048,1536,7ad122b2e3cdd31951d7d729ef11bc281087a4f83837cb4df33c938135e81fb6,2026-09-28
177468757593473,555561,2048,1536,1dd860ea76a932fd946181d6528c9a5a456e8d080275e822373a7aa85799e0ad,2026-09-28
1779499796234961,358973,2048,937,7568c7d0ff0b65c141f38ddab5e73ebcdbb443b3b8217ab89de604658e752134,2026-09-28
1784637835657909,336147,2048,937,949e4e7188ad3fa5dccc3e7d6022cd7f692c0ec3c206e60c6fd1c6b049741689,2026-09-28
1806444526563121,273140,2048,937,752609e6b4dc91ae6c7044a961433b5c2966882d7867724c705395c75e1a0991,2026-09-28
1864437384068873,559366,2048,1792,4d43f2cb72e0430a58145df0ef031ab92c5c5784a8c142ac9f9d2a96fb465280,2026-09-28
2016795095453937,200135,2048,937,3db13a2c02f8260ad6fef9db763b71555074d43e1e0394f045b66e55eb668e78,2026-09-28
207401527673158,422811,2048,1536,03302267e9664249b3cf7e326e9dc556bffa62cb58980400bd49ebb84f71ef2c,2026-09-28
2083491465430293,312262,2048,937,76895fc5710758ea3c00c2a98e5bbdaf9bc685681e24732aecc362192fbb2f5d,2026-09-28
2098992803575341,279856,1920,1080,61aed24f391285a9ee36b5606ec6c94befd4afd57663318b112ee0c4ee3b60ea,2026-09-28
213177640616899,223428,1920,1080,7abfb2947b6d09ac439cbbfbb0525c6b2a1bd61b2d52ea2ec95195f04a781458,2026-09-28
219626299607074,570516,2048,1536,63f2d2bd5ac8009b1740b035124503f0628d198561910d463cbfcc4711cad0ca,2026-09-28
220464136230334,426185,2048,1536,b3dad1de457ad5c28bd603e350d0bd0167a7cbb3a8ceba85a4def5acd5800a97,2026-09-28
222183979295977,426103,2048,1536,dcdfbb854833bc8a3ffcffd0d1480d17748a6c6590970ac422abf67eb342f9b4,2026-09-28
224490382775721,406540,2048,1536,215058d6231a8a7a4b9678f4192f3ea5fee61e38563ab3c8208df33f6bffdd6c,2026-09-28
226532809059000,395850,2048,1536,19ec72871826cdd0c3a83a70b0c11ff9b4033d82bea3c9e809f160a520b2ad7f,2026-09-28
2307114232983700,198786,2048,937,d6f330f9249cf7561d3a088d9dfcf39d1318de27f05d67db5bab1ac670e829e3,2026-09-28
2327779777365582,524907,2048,1536,85c98520e0e08e9759313e30c2d39a819730a3029ba4b8ea183064b6b448873b,2026-09-28
2400493880304362,474241,2048,1536,41e18aef7e2ca5233731f7db8234f4ade714355f29588a6daae04687092b92a3,2026-09-28
243067830903802,456770,2048,1536,f1b936a5e3720b5b2638d152a161fd5dda733a5805f8419bb09dd5ed939cebc5,2026-09-28
2576013379255198,474290,2048,1536,554f56888b5b1ef1b45dbba1b32ed3018cfb6e3e668d3f25ed00b63653b0e886,2026-09-28
2606492026326517,300326,2048,1536,64a56d3f94c0c22c899148d1e73ab1ed1d288dc27f198e02802d1dd045684e03,2026-09-28
2693466164187273,315422,2048,937,15c8f9d1086314e9959f6deda73cab3a831fe7d41f685b1f2bd4d458eb75300b,2026-09-28
2863248953926114,415608,2048,1536,ea46e22eabe930afd1f4ca3a26246ccb2cf082fa6f6583c46440f82a31869ad9,2026-09-28
28741994155414379,333219,2048,937,546da99b1ff3bfbb0ec6985ed8973ead3e51ee9b972ef8fcbd3accbee7581358,2026-09-28
2884124231804960,400998,2048,1536,309ebb38944f01b98770812f386047b3bd79c8b7175829a8eba920a14878550b,2026-09-28
292950102475751,408520,2048,1536,bd2f72350a0b3c771b7b894def51a207a910d2d4f06279f167f6745be10e54d6,2026-09-28
297173798785076,436073,2048,1536,f75036c53a4f75b3df3d11c800e1394dff49da565e2474a21fc07cb7ffd74e3d,2026-09-28
300216065076104,571716,2048,1536,ebd0e8cd92c03441d1a812fb472487816ccf4acd17370653833131b27645fcb8,2026-09-28
301315184774353,435495,2048,1536,75f32cd800b3465791881aff025787a5bf7f9c35cb41db8724181d541cbe51ce,2026-09-28
303644601266785,260712,1920,1080,57dce317476ad84f8131b72e76c13f33780349fcd5169b4c08228a6706f07511,2026-09-28
305544111081287,598158,2048,1536,6b94022b8cb95d99c2b2b3667c3b7e6c9295f8339e8a3771b4ffa3672d258d71,2026-09-28
306591010904601,405173,2048,1536,c968dc3721561582a49faefc03719600bff4a5f23cd6bfabac6c31cd415729b9,2026-09-28
3095460380688097,449981,2048,1536,3450676253a4a530727978b7a8bcd20ac599eb16ccfd89cfa0b68c3e33b86e0c,2026-09-28
313845727060311,265110,1920,1080,9bf1dd2892a8fc5616bfbb462cc9b4ebf7d522ebe821ffc5d1efd6fba51cf4c4,2026-09-28
314903200187899,385336,2048,1536,3a5d6a15fafd52f44b2997ba520479b9714258b1d7aebe861de51238d7b98352,2026-09-28
318787153206190,432866,2048,1536,941b88d67b5db4ba9a5f4faceca63c9b9fe8a550109e7ee61d6bb229925f1ba0,2026-09-28
319443939739101,427260,2048,1536,5b55c32d23b590176e6a5f555a4d4af06c469afbe5802bcf42b905fbe93fb4a5,2026-09-28
322362286197607,421580,2048,1536,6fb776c3f2539a49453549c0394baef09ac82906cf88ee84827533f869b6751c,2026-09-28
323753172499410,482992,2048,1536,acd970705acb5f6e7c24c918c15bcc039e925c691d6e13cd72c701e76aab4f8a,2026-09-28
3268654790096722,569495,2048,1792,22e263e6bab24ea71ccc49a48b32968dd63ed36e299e76013c9e08698491cddd,2026-09-28
330865895129288,373553,2048,1536,866225644f8a38e93b27ef2c50800e76e67cb6814c21b0bd1097a7c053feef44,2026-09-28
332881353034791,518526,2048,1792,110d4753f651312a694c89d5eae04fbba3a203ccecaad873a6f56ccf0957e624,2026-09-28
3409808189120290,575333,2048,1536,9a7fbbe114d3f1eda3828165d47627840bf5b8cfcd91bb470fb1b5ed68d8737e,2026-09-28
3466732356918954,630045,2048,1536,f1130c6666ce832b83640a02e198557cb7c63259ba5d8def2b9245e9838452b5,2026-09-28
3646599715632682,248471,2048,937,d525f4c9107898b8eff1d3830cbc49bc06f537f0798c3fca43a618c92920c941,2026-09-28
3660158514197918,508833,2048,1792,15aa40ba1163d586b087323809802520ee7ef5c90582391f68aded999b6d50bd,2026-09-28
3762343720742551,316171,2048,937,d991e06ba9e01f67f74610fb1bbae313b65b4e8ee5ec1fdab1b8b16d6072ad45,2026-09-28
3813617995566820,366470,2048,937,3cc6a962a5f570a7904441a7dde229662b07f1d36a493217fd3357854aa2c9e7,2026-09-28
3832392626873397,284753,1920,1080,8c18bc14f6b9fc317571976511bb1373a5befb973c0c15c9c75ed7ef599da086,2026-09-28
386049186178396,439671,2048,1536,d7266c4c7258c8851d7ab75567326086966ad26a0ff32fef487b50f51acdde5a,2026-09-28
4057165047904131,240981,2048,937,047c4d34bdc645c5fd0a129fab9324c13689e6cc9ea942e6189ef36e36184996,2026-09-28
4094231157266085,506996,2048,1536,86a7fef8a2148f507bfcb69e08313ca2a3608af40b49b0526420def990c15846,2026-09-28
449903271132859,511002,2048,1792,8d551e8bd36fec04b0cd6ac61074b9548c8464f765e12439e57839a2b4eecbd9,2026-09-28
459804980403131,214394,2048,937,8ddf8d41ce3cb6411a3bb37052a78fdfcb35eeb535ca7e0244551d665ffbc3d9,2026-09-28
461327321601872,570447,2048,1536,a809ca59f2440ca97ea3b39b97f93fdb6820f5baac12a3625e302bfdce45360c,2026-09-28
466679964422783,281198,1920,1080,b128f870f282aac80517f5132e694bff4dddc6e3b4382d797d102440d4d34368,2026-09-28
469612600779519,428114,2048,1536,58b42dbaff8c627397854ab5a9c1f630e80eebbf25c71dd92774b6c38f99c83b,2026-09-28
469981710947669,425722,2048,1536,34dbeeadc71c4f30a4296dffb4c02da0f76b52a3fc033c7d87fccd57dddd71b7,2026-09-28
470048704228013,488864,2048,1536,fbaa8e9a257678c4b4c03754c28fed5674c579cc77c22f69c921d4ebe01e6e9e,2026-09-28
4705403999510163,528747,2048,1536,1baa50158d764e64021755112df704a60a6a5360c878ec393e96566c8c3385f8,2026-09-28
476356130285578,480976,2048,1536,eb45cba820f348ec9eae1d1ba0b2b70e42d3df829810fa30dca113bfd2a56630,2026-09-28
476626623549823,427143,2048,1536,1fac3c1883281318180f5275a4a00b92402750efd80298ef504203a8c40c5439,2026-09-28
477077001708586,697764,2048,1536,87379e35c108d177a5902bfc8fc0866ceb13a0b44b84151d3fce420389efd0c7,2026-09-28
477911040083348,146608,1920,1080,cd0be9c382b4c8555070f50bcbbed574ac90e1cecd00541bc997842825cf1994,2026-09-28
477952166990067,433820,2048,1536,05a11ee680eaebc4fef524ab5ff6167715ea46520786f3f8657a0fea72ca6b78,2026-09-28
479774503299353,230236,1920,1080,df673c1be2a60315e90c4e01ec7224d1b1c05a097482e0db22b05413825fbd18,2026-09-28
484254949559656,469211,2048,1536,c89a07bb6c271786a115d3bc6907c9fb6558bbf54ae6bc6953ba6c19de375556,2026-09-28
485905689503652,571530,2048,1536,c1f5d73089de3f021ac856973db866c6b465c59270dd8fe7e731e50bc62b550c,2026-09-28
490054792310125,409525,2048,1536,d3f2b98215ff949d75e7226691b171a23a99e303e919ad05c2acd2b5280435d1,2026-09-28
492666856619790,503010,2048,1792,20c8171f0aa9a4557eb3538965f5267a70298d63519909f4a732d79621064bf2,2026-09-28
494155375068407,482090,2048,1536,cb8d3eecab712f536794e7e1f0693477c924d6c06f72bd4a3d3f34b43a0f1f85,2026-09-28
496014231835922,423996,2048,1536,96225985916e6fff9ee4dd8e9b427952f72d97a8c7556e9dffd5d078516a2845,2026-09-28
497726518147086,451643,2048,1536,e176a6a8502daaebe5bc1970e1cd2c64f054ed93eddc4fc298cdeb4f10fa18d1,2026-09-28
498208082935208,289685,2048,937,4b0c7f374515fef93c4201b96753f9a56f783c7bf65b53d948730294c033e7f2,2026-09-28
506393203883018,474592,2048,1536,6407ef5e71442c60560fd4bbc207353101656579f0ecdd0fd7f7a6c1c46b256d,2026-09-28
510970788013383,519792,2048,1792,ddf98f0c1d4b904014408bcca3cec70bb769a53e325e43edff415f8fb7b6a9df,2026-09-28
512596873242847,234495,1920,1080,388ec6fe3f4d43902f44805e6384d49630e0158773841cea75a7ed0d90959bcf,2026-09-28
519880992504793,620419,2048,1536,c578a4a84e73ad255369e9f367acc76e26d256c0e9c27f8103bb6f572a89443a,2026-09-28
525662995126293,506231,2048,1536,85a6d8458cac287cf3bb2877d0c26947c10a1391421c47ddf6f979d7ae014f2b,2026-09-28
532765224746294,399159,2048,1536,b87b6ebc0975ca925407c90271f51a77a4ca91d27ca4d7d12f19cd827cac936c,2026-09-28
538106882613336,273624,2048,937,3d71cabf2b43ea4148748ff4b0fbe518dab167ea19dc433eef215f0d999f2293,2026-09-28
549454501461897,253581,2048,937,1b83c89764d343a90f9b1a2287f820f327398daf9ae9b15d6a739cca8677ef15,2026-09-28
562864058026328,375123,2048,1536,b383fc5be90be756a636c2d1eb4e257b8a55b08e8e831257dca98012eb97b051,2026-09-28
574019055506714,720217,2048,1536,7a48211237277e16f57fa27bb3a16c545bb5bb80eef76c558273fe4094e17df3,2026-09-28
586305262331073,265911,1920,1080,0f9717f498d1bdb1da881a0c4cd08db524d7c7717e27617175f52f095898511b,2026-09-28
589504982444020,421852,2048,1536,69955799b104b3abdcd50ebd3f563beb7ada88104048c9db4836005c10ad517e,2026-09-28
590984823847247,261429,2048,937,953e5558ebd128c67b115816ebef4746ff431b8caf86e02cd014c5256633a63e,2026-09-28
596369286629135,288412,2048,937,c1442e994f8a69c593f8f8c55cebdf3a3914249043ab53292f24d5f9eda15f4c,2026-09-28
596732583323737,229980,2048,937,bf3b34d6835e1dd6fc0ad28a06a70dcaced0785677ce1563483185916712e5bb,2026-09-28
599482122832295,398876,2048,937,551eb11324904b12606df3884f6fb6cfb6e84b9a9d6eb7f4891d1dd6c047bfbe,2026-09-28
605988805399558,414946,2048,937,5e7a3c63f550109e82975b7f9de8396ae529ff874a02dc61ea1c6987c4307953,2026-09-28
606951732273406,693664,2048,1536,525cd615ca49e3efdc03a07afdc57a57f78700730401b47978b3a5ba74f84db2,2026-09-28
607176968699681,331917,2048,937,52f201db5e1cf819ed04851e8976563aa60cc106c397646f77700769819beb98,2026-09-28
607277428685616,420426,2048,937,368e726c91d01ff37a07ae925ab85e9de80601fcd4756b1439dc53c2663660ec,2026-09-28
616472451333568,304094,2048,937,d5d0b06f7ab1896238b16a2b79858fa6a4780243fdd7bd95f00c576143f9072e,2026-09-28
616489887834571,384758,2048,937,5de481c6f45be35948c5dfc554b0e6ead432dabf7457f006bbfb4b781684922d,2026-09-28
620057110076391,624373,2048,1536,ca56b8751bbe04200594837c90018541210d85b8340436f6057c290d1315cc20,2026-09-28
627535626339035,200233,2048,937,61af7bef31d7c88c75dddcfcce2760323d85f3ad764fa0d5745b01f671a33a64,2026-09-28
634001899295030,238118,2048,937,ab8c8ba5f0b9c64950d83172637260c1bb779b6bd58ffb31db5ee7bda5e30361,2026-09-28
638673561935184,262878,2048,937,18da01048885b04a60f9705c82ef86b65314695c58b45f8c37ca4f59ad1adb1c,2026-09-28
640649371961483,252424,2048,937,f5118d31a0219286fad29ed7a46b191a32b73522fe24d675f9fdbe8150ea128f,2026-09-28
651125554034992,284573,2048,937,3a7230c6e601a115def2c7bd0886263b4a168af7817285b423166b98492ea382,2026-09-28
658627384976396,498049,2048,1536,12564551c1c9cbb7f57759219bf4ae87f9b7e29a5f0be314dac5a83c70c7db5b,2026-09-28
735166221942561,626449,2048,1536,a5ce694fd3dbc9f26f13eb5ac375cadc553f9077118f7b236666c7fb0530c68e,2026-09-28
763396698843311,648293,2048,1536,0b948554cb61fbb4b68807201a025816a22e139a070acb291af3e654f26e5a02,2026-09-28
768150140511420,429429,2048,1536,e5af5a47dc6f24fdb6608c70468d983f09459003d8ab284a46a3f1de42203053,2026-09-28
7746047722098225,654943,2048,1792,c1e38436f95cf9fb5912c1b4ec4c48eeb51b91d30b2ecb22c00a68e4937c8952,2026-09-28
806390256961320,476619,2048,1536,5e1e43c54c2b0a6a19a7a7a17fbb2849af2bed1414bc7f21efb34cfabb30941c,2026-09-28
819289418972776,569711,2048,1536,aed1dd4eeb2ee7f59ebd23ba7ad0c2536cdf0787a6c181b6d2c693f5ec9b9283,2026-09-28
827230724545534,426813,2048,1536,1e01c14fe2c8d673cf51c138b70b64ab31c7a7ba2a9acbf55e4933eaf2222cdd,2026-09-28
831209084411221,457107,2048,1536,5b3c12bd6e07d244fd946e1b5b05ac7eed5f3151a8e172bad37e86a4511d15d8,2026-09-28
835242074007224,569878,2048,1536,2eb6b0a2064f0f7ea7ab948d9fcddacc1ffc6d94b9209f191262d07e728aa476,2026-09-28
842624811333312,401014,2048,937,535ce4f54dd4ff898d09b12837cd4219d6689b75ad4152a9ec9796a042bcab72,2026-09-28
845651379643027,569467,2048,1536,c253c08e1c6a3396b626a1e524bd6bbb8ae721db4d6f969a8b56156d3bdf2008,2026-09-28
858555861746912,230300,1920,1080,a6d23bfe5a209cb5e8d4099ed623654aa7159ca589eb80f5633fefa2f4efd804,2026-09-28
859219221296551,263417,1920,1080,edf5990dbbc97bfbcb371c14b19b5dd039e11b4eddfa910c554eee829fd3b260,2026-09-28
880564500562502,725678,2048,1792,ee3ccd55eb507d17b284549c6e2248d0753e333c0779bd86fbb0bf3ceaf47e70,2026-09-28
881778507242498,361666,2048,937,12b5ca810722d57ea66f51788fdc0c2ee01cbd97dcb022411356f6503d262f1c,2026-09-28
894661731116316,399787,2048,1536,a9665361254572564e8d21d663b848478adaa7199d48717060740612d77cfbb1,2026-09-28
8970272583025866,273204,2048,937,52271ac7f9d9bd59af17801c3af8a4ec6ce3918e2c186c270f7ed2360a2f8ef2,2026-09-28
9044720345595850,585076,2048,1536,4b26aa904e2d20f3aa8fd9a0587cd67858007e257db8788c96e3e9961ddd3eb4,2026-09-28
907186674830087,286751,2048,937,7a473fc784079e212da09fe92f41b21711dcaa65f4b9d6762a78c68d79164538,2026-09-28
916050802292864,428319,2048,1536,f098ebb4f21dff9a22597c52194e06053b8f33de78e73ea196a8f28b294d16e9,2026-09-28
920585975449136,427925,2048,1536,1a7dfcc74802ac0082adccfbad84925688b31d3bdfb5be412f5841b47eca40cf,2026-09-28
922683088582071,571222,2048,1536,a9ac1419229ea3be8f19dbe3a55f57667732f1b889cc5065089c908ebaeee178,2026-09-28
932605178989113,367061,2048,937,a6827ab9e5710615af5b51c7c419cbf498201a1d43c1887d57ccc3f7726bbcd4,2026-09-28
935564370602221,464164,2048,1536,d854a02e2d60f8a3f040f733b0cc5143c0ed6ac38ecd719f2a95acf367a0af4d,2026-09-28
947003437571778,200545,2048,937,4fa2979a633601e6ca74a67f7a0a17889e53c617aeea886f6782ff391efd9a6d,2026-09-28
950180990120896,305351,2048,937,17adb824a6fc59a2aa584375735960ea1cb6af8a97b6a8bca130f86f4e9b4080,2026-09-28
952482502230245,545519,2048,1536,b1ba9834f7bb78fec1a15650ef0c0c0701a8e1681db64266adffe11ecc6f8f5b,2026-09-28
9551528621570126,384223,2048,937,ab7fdb851f6622aec8b83d7774e8d08c30d903a44e100153982cda27bc1dac25,2026-09-28
970571581190222,306222,2048,937,afece46dcbe9914e96328870ecd28f64bd9d5b537c77180aca76b1f2505ce00d,2026-09-28
976826377139301,312720,2048,937,6b6a7167f296ad424f8f6b5816bcedf88013c0853db5e324101d7f24718d1472,2026-09-28
982170183806001,290417,2048,937,8775c6cabd5cfa4d798d39deea8e25ed2bfedc7967bfa0714d57e534da1ff6e0,2026-09-28
982217823789394,374352,2048,937,1075ae0704991887bd42e9b62d1a9814137fdff4d911b2528bd3a8d57f3ba4cd,2026-09-28
984856443101312,363764,2048,937,a77b5300544bb60ab99516fd01efea21489d4bea00d4f4a6ff21d7381042d5c9,2026-09-28
995761439065232,353936,2048,937,005af5839f41e9255b53d10fb382984f1620474a1c5c859cef2c090c7f92ab8f,2026-09-28
